{"type": "FeatureCollection", "generated_at": "2026-09-05T16:18:22.668730+00:00", "features": [{"type": "Feature", "geometry": {"type": "Point", "coordinates": [138.5719543, 35.3654315]}, "properties": {"prefecture": "静岡県", "city": "富士宮市", "place": "猪之頭", "date": "2026-04-02", "time": "6:30", "count": 1, "note": "国立音大セミナーハウス入口　バス停　西側５００ｍ", "source": "静岡県 クマ出没マップ (https://www.pref.shizuoka.jp/kurashikankyo/shizenkankyo/wild/1017680.html)"}}, {"type": "Feature", "geometry": {"type": "Point", "coordinates": [138.7042073, 35.2964831]}, "properties": {"prefecture": "静岡県", "city": "富士宮市", "place": "粟倉", "date": "2026-04-02", "time": "14:00", "count": 1, "note": "西臼塚駐車場　西側１ｋｍ", "source": "静岡県 クマ出没マップ (https://www.pref.shizuoka.jp/kurashikankyo/shizenkankyo/wild/1017680.html)"}}, {"type": "Feature", "geometry": {"type": "Point", "coordinates": [138.3199749, 35.2837776]}, "properties": {"prefecture": "静岡県", "city": "静岡市葵区", "place": "梅ヶ島", "date": "2026-04-06", "time": "18:00", "count": 1, "note": "静岡女子高校和荘付近", "source": "静岡県 クマ出没マップ (https://www.pref.shizuoka.jp/kurashikankyo/shizenkankyo/wild/1017680.html)"}}, {"type": "Feature", "geometry": {"type": "Point", "coordinates": [138.5388255, 35.1647762]}, "properties": {"prefecture": "静岡県", "city": "富士宮市", "place": "内房", "date": "2026-04-07", "time": "10:10", "count": 1, "note": "瓜島公民館南側５００ｍ付近", "source": "静岡県 クマ出没マップ (https://www.pref.shizuoka.jp/kurashikankyo/shizenkankyo/wild/1017680.html)"}}, {"type": "Feature", "geometry": {"type": "Point", "coordinates": [138.1299845, 35.1343828]}, "properties": {"prefecture": "静岡県", "city": "川根本町", "place": "千頭（沢間区内）", "date": "2026-04-07", "time": "13:30", "count": 1, "note": null, "source": "静岡県 クマ出没マップ (https://www.pref.shizuoka.jp/kurashikankyo/shizenkankyo/wild/1017680.html)"}}, {"type": "Feature", "geometry": {"type": "Point", "coordinates": [137.6501768, 34.8888169]}, "properties": {"prefecture": "静岡県", "city": "浜松市浜名区", "place": "引佐町的場", "date": "2026-04-13", "time": "6:55", "count": 1, "note": "カモシカとの見間違いの可能性あり", "source": "静岡県 クマ出没マップ (https://www.pref.shizuoka.jp/kurashikankyo/shizenkankyo/wild/1017680.html)"}}, {"type": "Feature", "geometry": {"type": "Point", "coordinates": [137.9127967, 35.2243949]}, "properties": {"prefecture": "静岡県", "city": "浜松市天竜区", "place": "水窪町奥領家", "date": "2026-04-18", "time": "10:00", "count": 1, "note": null, "source": "静岡県 クマ出没マップ (https://www.pref.shizuoka.jp/kurashikankyo/shizenkankyo/wild/1017680.html)"}}, {"type": "Feature", "geometry": {"type": "Point", "coordinates": [138.6552371, 35.2162074]}, "properties": {"prefecture": "静岡県", "city": "富士宮市", "place": "杉田", "date": "2026-04-27", "time": "23:15", "count": 1, "note": null, "source": "静岡県 クマ出没マップ (https://www.pref.shizuoka.jp/kurashikankyo/shizenkankyo/wild/1017680.html)"}}, {"type": "Feature", "geometry": {"type": "Point", "coordinates": [137.624546, 34.8626812]}, "properties": {"prefecture": "静岡県", "city": "浜松市浜名区", "place": "引佐町谷沢", "date": "2026-05-01", "time": "8:35", "count": 1, "note": "写真でクマと確認", "source": "静岡県 クマ出没マップ (https://www.pref.shizuoka.jp/kurashikankyo/shizenkankyo/wild/1017680.html)"}}, {"type": "Feature", "geometry": {"type": "Point", "coordinates": [138.7894663, 35.2440253]}, "properties": {"prefecture": "静岡県", "city": "裾野市", "place": "須山", "date": "2026-05-12", "time": "11:30", "count": 1, "note": "映像で確認", "source": "静岡県 クマ出没マップ (https://www.pref.shizuoka.jp/kurashikankyo/shizenkankyo/wild/1017680.html)"}}, {"type": "Feature", "geometry": {"type": "Point", "coordinates": [138.7698009, 35.3070231]}, "properties": {"prefecture": "静岡県", "city": "裾野市", "place": "須山", "date": "2026-05-16", "time": "13:30", "count": 1, "note": null, "source": "静岡県 クマ出没マップ (https://www.pref.shizuoka.jp/kurashikankyo/shizenkankyo/wild/1017680.html)"}}, {"type": "Feature", "geometry": {"type": "Point", "coordinates": [138.6250432, 35.2082238]}, "properties": {"prefecture": "静岡県", "city": "富士宮市", "place": "山本", "date": "2026-05-16", "time": "23:15", "count": 1, "note": null, "source": "静岡県 クマ出没マップ (https://www.pref.shizuoka.jp/kurashikankyo/shizenkankyo/wild/1017680.html)"}}, {"type": "Feature", "geometry": {"type": "Point", "coordinates": [138.3483131, 35.2490515]}, "properties": {"prefecture": "静岡県", "city": "静岡市葵区", "place": "梅ヶ島", "date": "2026-05-18", "time": "7:30", "count": 2, "note": null, "source": "静岡県 クマ出没マップ (https://www.pref.shizuoka.jp/kurashikankyo/shizenkankyo/wild/1017680.html)"}}, {"type": "Feature", "geometry": {"type": "Point", "coordinates": [138.5384982, 35.1560851]}, "properties": {"prefecture": "静岡県", "city": "富士宮市", "place": "内房", "date": "2026-05-20", "time": "19:00", "count": 1, "note": null, "source": "静岡県 クマ出没マップ (https://www.pref.shizuoka.jp/kurashikankyo/shizenkankyo/wild/1017680.html)"}}, {"type": "Feature", "geometry": {"type": "Point", "coordinates": [138.7811838, 35.2730689]}, "properties": {"prefecture": "静岡県", "city": "裾野市", "place": "須山", "date": "2026-05-20", "time": "14:00", "count": 1, "note": "動画でクマと確認", "source": "静岡県 クマ出没マップ (https://www.pref.shizuoka.jp/kurashikankyo/shizenkankyo/wild/1017680.html)"}}, {"type": "Feature", "geometry": {"type": "Point", "coordinates": [138.7931689, 35.2571594]}, "properties": {"prefecture": "静岡県", "city": "裾野市", "place": "須山", "date": "2026-05-20", "time": "18:30", "count": 1, "note": null, "source": "静岡県 クマ出没マップ (https://www.pref.shizuoka.jp/kurashikankyo/shizenkankyo/wild/1017680.html)"}}, {"type": "Feature", "geometry": {"type": "Point", "coordinates": [138.7931935, 35.2617113]}, "properties": {"prefecture": "静岡県", "city": "裾野市", "place": "須山", "date": "2026-05-20", "time": "18:50", "count": 1, "note": null, "source": "静岡県 クマ出没マップ (https://www.pref.shizuoka.jp/kurashikankyo/shizenkankyo/wild/1017680.html)"}}, {"type": "Feature", "geometry": {"type": "Point", "coordinates": [138.864141, 35.2431473]}, "properties": {"prefecture": "静岡県", "city": "裾野市", "place": "須山", "date": "2026-05-21", "time": "13:15", "count": 1, "note": null, "source": "静岡県 クマ出没マップ (https://www.pref.shizuoka.jp/kurashikankyo/shizenkankyo/wild/1017680.html)"}}, {"type": "Feature", "geometry": {"type": "Point", "coordinates": [138.867148, 35.2488555]}, "properties": {"prefecture": "静岡県", "city": "裾野市", "place": "須山", "date": "2026-05-21", "time": "18:00", "count": 1, "note": null, "source": "静岡県 クマ出没マップ (https://www.pref.shizuoka.jp/kurashikankyo/shizenkankyo/wild/1017680.html)"}}, {"type": "Feature", "geometry": {"type": "Point", "coordinates": [138.8663323, 35.2544403]}, "properties": {"prefecture": "静岡県", "city": "裾野市", "place": "須山", "date": "2026-05-22", "time": "6:30,7:00,8:40", "count": null, "note": null, "source": "静岡県 クマ出没マップ (https://www.pref.shizuoka.jp/kurashikankyo/shizenkankyo/wild/1017680.html)"}}, {"type": "Feature", "geometry": {"type": "Point", "coordinates": [138.8625128, 35.2610284]}, "properties": {"prefecture": "静岡県", "city": "裾野市", "place": "須山", "date": "2026-05-22", "time": "9:34,9:345,9:50", "count": 1, "note": null, "source": "静岡県 クマ出没マップ (https://www.pref.shizuoka.jp/kurashikankyo/shizenkankyo/wild/1017680.html)"}}, {"type": "Feature", "geometry": {"type": "Point", "coordinates": [138.6221063, 35.2894415]}, "properties": {"prefecture": "静岡県", "city": "富士宮市", "place": "北山", "date": "2026-05-23", "time": "4:30", "count": 1, "note": null, "source": "静岡県 クマ出没マップ (https://www.pref.shizuoka.jp/kurashikankyo/shizenkankyo/wild/1017680.html)"}}, {"type": "Feature", "geometry": {"type": "Point", "coordinates": [138.3302749, 35.260916]}, "properties": {"prefecture": "静岡県", "city": "静岡市葵区", "place": "梅ヶ島", "date": "2026-05-23", "time": "11:30", "count": 1, "note": null, "source": "静岡県 クマ出没マップ (https://www.pref.shizuoka.jp/kurashikankyo/shizenkankyo/wild/1017680.html)"}}, {"type": "Feature", "geometry": {"type": "Point", "coordinates": [138.8804726, 35.1984565]}, "properties": {"prefecture": "静岡県", "city": "裾野市", "place": "千福が丘", "date": "2026-05-23", "time": "14:55,15:30", "count": 1, "note": "公園付近", "source": "静岡県 クマ出没マップ (https://www.pref.shizuoka.jp/kurashikankyo/shizenkankyo/wild/1017680.html)"}}, {"type": "Feature", "geometry": {"type": "Point", "coordinates": [138.7840277, 35.2559735]}, "properties": {"prefecture": "静岡県", "city": "裾野市", "place": "須山", "date": "2026-05-24", "time": "16:15", "count": 1, "note": null, "source": "静岡県 クマ出没マップ (https://www.pref.shizuoka.jp/kurashikankyo/shizenkankyo/wild/1017680.html)"}}, {"type": "Feature", "geometry": {"type": "Point", "coordinates": [138.7815295, 35.2540508]}, "properties": {"prefecture": "静岡県", "city": "富士市", "place": "桑崎", "date": "2026-05-24", "time": "17:00", "count": 1, "note": null, "source": "静岡県 クマ出没マップ (https://www.pref.shizuoka.jp/kurashikankyo/shizenkankyo/wild/1017680.html)"}}, {"type": "Feature", "geometry": {"type": "Point", "coordinates": [138.7771986, 35.2623062]}, "properties": {"prefecture": "静岡県", "city": "裾野市", "place": "須山", "date": "2026-05-25", "time": "5:30", "count": 1, "note": "富士山麓線", "source": "静岡県 クマ出没マップ (https://www.pref.shizuoka.jp/kurashikankyo/shizenkankyo/wild/1017680.html)"}}, {"type": "Feature", "geometry": {"type": "Point", "coordinates": [138.7950104, 35.232112]}, "properties": {"prefecture": "静岡県", "city": "裾野市", "place": "須山", "date": "2026-05-25", "time": "13:40", "count": 1, "note": null, "source": "静岡県 クマ出没マップ (https://www.pref.shizuoka.jp/kurashikankyo/shizenkankyo/wild/1017680.html)"}}, {"type": "Feature", "geometry": {"type": "Point", "coordinates": [138.5616737, 35.1996406]}, "properties": {"prefecture": "静岡県", "city": "富士宮市", "place": "長貫", "date": "2026-05-25", "time": "21:25", "count": 1, "note": null, "source": "静岡県 クマ出没マップ (https://www.pref.shizuoka.jp/kurashikankyo/shizenkankyo/wild/1017680.html)"}}, {"type": "Feature", "geometry": {"type": "Point", "coordinates": [138.8746758, 35.2499827]}, "properties": {"prefecture": "静岡県", "city": "裾野市", "place": "須山", "date": "2026-05-26", "time": "13:30", "count": 1, "note": null, "source": "静岡県 クマ出没マップ (https://www.pref.shizuoka.jp/kurashikankyo/shizenkankyo/wild/1017680.html)"}}, {"type": "Feature", "geometry": {"type": "Point", "coordinates": [138.0665084, 35.0607118]}, "properties": {"prefecture": "静岡県", "city": "川根本町", "place": "上長尾", "date": "2026-05-26", "time": "9:00", "count": 1, "note": null, "source": "静岡県 クマ出没マップ (https://www.pref.shizuoka.jp/kurashikankyo/shizenkankyo/wild/1017680.html)"}}, {"type": "Feature", "geometry": {"type": "Point", "coordinates": [138.17085, 35.0979907]}, "properties": {"prefecture": "静岡県", "city": "川根本町", "place": "東藤川", "date": "2026-05-27", "time": "16:00", "count": 1, "note": null, "source": "静岡県 クマ出没マップ (https://www.pref.shizuoka.jp/kurashikankyo/shizenkankyo/wild/1017680.html)"}}, {"type": "Feature", "geometry": {"type": "Point", "coordinates": [138.7645474, 35.1947476]}, "properties": {"prefecture": "静岡県", "city": "富士市", "place": "須津", "date": "2026-05-30", "time": "5:30", "count": 1, "note": null, "source": "静岡県 クマ出没マップ (https://www.pref.shizuoka.jp/kurashikankyo/shizenkankyo/wild/1017680.html)"}}, {"type": "Feature", "geometry": {"type": "Point", "coordinates": [137.6057291, 34.8633283]}, "properties": {"prefecture": "静岡県", "city": "浜松市浜名区", "place": "引佐町狩宿", "date": "2026-05-19", "time": "17:00", "count": 1, "note": null, "source": "静岡県 クマ出没マップ (https://www.pref.shizuoka.jp/kurashikankyo/shizenkankyo/wild/1017680.html)"}}, {"type": "Feature", "geometry": {"type": "Point", "coordinates": [137.5992007, 34.8612491]}, "properties": {"prefecture": "静岡県", "city": "浜松市浜名区", "place": "引佐町狩宿", "date": "2026-05-22", "time": "17:10", "count": 1, "note": null, "source": "静岡県 クマ出没マップ (https://www.pref.shizuoka.jp/kurashikankyo/shizenkankyo/wild/1017680.html)"}}, {"type": "Feature", "geometry": {"type": "Point", "coordinates": [137.6015718, 34.8632886]}, "properties": {"prefecture": "静岡県", "city": "浜松市浜名区", "place": "引佐町狩宿", "date": "2026-05-23", "time": "17:45", "count": 1, "note": "発見後に捕獲", "source": "静岡県 クマ出没マップ (https://www.pref.shizuoka.jp/kurashikankyo/shizenkankyo/wild/1017680.html)"}}, {"type": "Feature", "geometry": {"type": "Point", "coordinates": [138.3365773, 35.2898604]}, "properties": {"prefecture": "静岡県", "city": "静岡市葵区", "place": "梅ヶ島", "date": "2026-06-01", "time": "19:00", "count": 1, "note": null, "source": "静岡県 クマ出没マップ (https://www.pref.shizuoka.jp/kurashikankyo/shizenkankyo/wild/1017680.html)"}}, {"type": "Feature", "geometry": {"type": "Point", "coordinates": [138.7910041, 35.2409661]}, "properties": {"prefecture": "静岡県", "city": "裾野市", "place": "須山", "date": "2026-06-04", "time": "11:00", "count": 1, "note": null, "source": "静岡県 クマ出没マップ (https://www.pref.shizuoka.jp/kurashikankyo/shizenkankyo/wild/1017680.html)"}}, {"type": "Feature", "geometry": {"type": "Point", "coordinates": [138.9932881, 35.3612276]}, "properties": {"prefecture": "静岡県", "city": "小山町", "place": "生土", "date": "2026-06-04", "time": "5:50", "count": 1, "note": null, "source": "静岡県 クマ出没マップ (https://www.pref.shizuoka.jp/kurashikankyo/shizenkankyo/wild/1017680.html)"}}, {"type": "Feature", "geometry": {"type": "Point", "coordinates": [139.0096854, 35.3566499]}, "properties": {"prefecture": "静岡県", "city": "小山町", "place": "小山", "date": "2026-06-07", "time": "6:30", "count": 1, "note": "道路上で事故死", "source": "静岡県 クマ出没マップ (https://www.pref.shizuoka.jp/kurashikankyo/shizenkankyo/wild/1017680.html)"}}, {"type": "Feature", "geometry": {"type": "Point", "coordinates": [138.6407684, 35.233084]}, "properties": {"prefecture": "静岡県", "city": "富士宮市", "place": "大岩", "date": "2026-06-08", "time": "5:00", "count": 1, "note": null, "source": "静岡県 クマ出没マップ (https://www.pref.shizuoka.jp/kurashikankyo/shizenkankyo/wild/1017680.html)"}}, {"type": "Feature", "geometry": {"type": "Point", "coordinates": [138.5640386, 35.3946909]}, "properties": {"prefecture": "静岡県", "city": "富士宮市", "place": "麓", "date": "2026-06-08", "time": "2:00", "count": 1, "note": null, "source": "静岡県 クマ出没マップ (https://www.pref.shizuoka.jp/kurashikankyo/shizenkankyo/wild/1017680.html)"}}, {"type": "Feature", "geometry": {"type": "Point", "coordinates": [138.5648182, 35.3475589]}, "properties": {"prefecture": "静岡県", "city": "富士宮市", "place": "猪之頭", "date": "2026-06-08", "time": "16:15", "count": 1, "note": null, "source": "静岡県 クマ出没マップ (https://www.pref.shizuoka.jp/kurashikankyo/shizenkankyo/wild/1017680.html)"}}, {"type": "Feature", "geometry": {"type": "Point", "coordinates": [138.3315407, 35.2629908]}, "properties": {"prefecture": "静岡県", "city": "静岡市葵区", "place": "梅ヶ島", "date": "2026-06-12", "time": "16:50", "count": 1, "note": null, "source": "静岡県 クマ出没マップ (https://www.pref.shizuoka.jp/kurashikankyo/shizenkankyo/wild/1017680.html)"}}, {"type": "Feature", "geometry": {"type": "Point", "coordinates": [138.1801607, 35.186682]}, "properties": {"prefecture": "静岡県", "city": "川根本町", "place": "梅地（接岨地区）", "date": "2026-06-14", "time": "16:00", "count": 1, "note": null, "source": "静岡県 クマ出没マップ (https://www.pref.shizuoka.jp/kurashikankyo/shizenkankyo/wild/1017680.html)"}}, {"type": "Feature", "geometry": {"type": "Point", "coordinates": [138.1736375, 35.191031]}, "properties": {"prefecture": "静岡県", "city": "川根本町", "place": "犬間", "date": "2026-06-16", "time": "10:40", "count": 1, "note": null, "source": "静岡県 クマ出没マップ (https://www.pref.shizuoka.jp/kurashikankyo/shizenkankyo/wild/1017680.html)"}}, {"type": "Feature", "geometry": {"type": "Point", "coordinates": [138.5567362, 35.2578458]}, "properties": {"prefecture": "静岡県", "city": "富士宮市", "place": "上柚野", "date": "2026-06-17", "time": "7:30", "count": 1, "note": null, "source": "静岡県 クマ出没マップ (https://www.pref.shizuoka.jp/kurashikankyo/shizenkankyo/wild/1017680.html)"}}, {"type": "Feature", "geometry": {"type": "Point", "coordinates": [138.9655455, 35.3749841]}, "properties": {"prefecture": "静岡県", "city": "小山町", "place": "湯船", "date": "2026-06-18", "time": "11:50", "count": 1, "note": null, "source": "静岡県 クマ出没マップ (https://www.pref.shizuoka.jp/kurashikankyo/shizenkankyo/wild/1017680.html)"}}, {"type": "Feature", "geometry": {"type": "Point", "coordinates": [138.9721381, 35.3612702]}, "properties": {"prefecture": "静岡県", "city": "小山町", "place": "湯船", "date": "2026-06-22", "time": "9:30", "count": 1, "note": "写真で確認", "source": "静岡県 クマ出没マップ (https://www.pref.shizuoka.jp/kurashikankyo/shizenkankyo/wild/1017680.html)"}}, {"type": "Feature", "geometry": {"type": "Point", "coordinates": [138.9842477, 35.3807848]}, "properties": {"prefecture": "静岡県", "city": "小山町", "place": "柳島", "date": "2026-06-25", "time": "6:15", "count": 1, "note": "6/25捕獲", "source": "静岡県 クマ出没マップ (https://www.pref.shizuoka.jp/kurashikankyo/shizenkankyo/wild/1017680.html)"}}, {"type": "Feature", "geometry": {"type": "Point", "coordinates": [138.6116848, 35.3707939]}, "properties": {"prefecture": "静岡県", "city": "富士宮市", "place": "人穴", "date": "2026-06-28", "time": "8:50", "count": 3, "note": "親子", "source": "静岡県 クマ出没マップ (https://www.pref.shizuoka.jp/kurashikankyo/shizenkankyo/wild/1017680.html)"}}, {"type": "Feature", "geometry": {"type": "Point", "coordinates": [138.5218877, 35.1692296]}, "properties": {"prefecture": "静岡県", "city": "静岡市清水区", "place": "宍原", "date": "2026-06-29", "time": "7:20", "count": 1, "note": null, "source": "静岡県 クマ出没マップ (https://www.pref.shizuoka.jp/kurashikankyo/shizenkankyo/wild/1017680.html)"}}, {"type": "Feature", "geometry": {"type": "Point", "coordinates": [138.537777, 35.2181061]}, "properties": {"prefecture": "静岡県", "city": "富士宮市", "place": "内房", "date": "2026-06-29", "time": "10:30", "count": 1, "note": null, "source": "静岡県 クマ出没マップ (https://www.pref.shizuoka.jp/kurashikankyo/shizenkankyo/wild/1017680.html)"}}, {"type": "Feature", "geometry": {"type": "Point", "coordinates": [138.619801, 35.2615099]}, "properties": {"prefecture": "静岡県", "city": "富士宮市", "place": "山宮", "date": "2026-06-29", "time": "", "count": null, "note": "クマの痕跡確認", "source": "静岡県 クマ出没マップ (https://www.pref.shizuoka.jp/kurashikankyo/shizenkankyo/wild/1017680.html)"}}, {"type": "Feature", "geometry": {"type": "Point", "coordinates": [138.3317844, 35.2653147]}, "properties": {"prefecture": "静岡県", "city": "静岡市葵区", "place": "梅ヶ島", "date": "2026-06-30", "time": "16:17", "count": 1, "note": null, "source": "静岡県 クマ出没マップ (https://www.pref.shizuoka.jp/kurashikankyo/shizenkankyo/wild/1017680.html)"}}, {"type": "Feature", "geometry": {"type": "Point", "coordinates": [138.1481202, 35.1455071]}, "properties": {"prefecture": "静岡県", "city": "川根本町", "place": "奥泉", "date": "2026-07-01", "time": "6:20", "count": 1, "note": null, "source": "静岡県 クマ出没マップ (https://www.pref.shizuoka.jp/kurashikankyo/shizenkankyo/wild/1017680.html)"}}, {"type": "Feature", "geometry": {"type": "Point", "coordinates": [139.0624992, 35.1250757]}, "properties": {"prefecture": "静岡県", "city": "熱海市", "place": "伊豆山", "date": "2026-07-05", "time": "10:30", "count": 1, "note": "岩戸山山頂付近", "source": "静岡県 クマ出没マップ (https://www.pref.shizuoka.jp/kurashikankyo/shizenkankyo/wild/1017680.html)"}}, {"type": "Feature", "geometry": {"type": "Point", "coordinates": [138.3320332, 35.2636761]}, "properties": {"prefecture": "静岡県", "city": "静岡市葵区", "place": "梅ヶ島", "date": "2026-07-06", "time": "10:50", "count": 1, "note": null, "source": "静岡県 クマ出没マップ (https://www.pref.shizuoka.jp/kurashikankyo/shizenkankyo/wild/1017680.html)"}}, {"type": "Feature", "geometry": {"type": "Point", "coordinates": [138.3803929, 35.2093541]}, "properties": {"prefecture": "静岡県", "city": "静岡市葵区", "place": "有東木", "date": "2026-07-07", "time": "8:30", "count": 1, "note": "7/9に見回り時に子グマを目撃", "source": "静岡県 クマ出没マップ (https://www.pref.shizuoka.jp/kurashikankyo/shizenkankyo/wild/1017680.html)"}}, {"type": "Feature", "geometry": {"type": "Point", "coordinates": [138.3265006, 35.262343]}, "properties": {"prefecture": "静岡県", "city": "静岡市葵区", "place": "梅ヶ島", "date": "2026-07-07", "time": "17:25", "count": 1, "note": null, "source": "静岡県 クマ出没マップ (https://www.pref.shizuoka.jp/kurashikankyo/shizenkankyo/wild/1017680.html)"}}, {"type": "Feature", "geometry": {"type": "Point", "coordinates": [138.6118111, 35.1876141]}, "properties": {"prefecture": "静岡県", "city": "富士宮市", "place": "星山", "date": "2026-07-10", "time": "9:15", "count": 1, "note": "明星山展望台　頂上付近", "source": "静岡県 クマ出没マップ (https://www.pref.shizuoka.jp/kurashikankyo/shizenkankyo/wild/1017680.html)"}}, {"type": "Feature", "geometry": {"type": "Point", "coordinates": [138.5825126, 35.213274]}, "properties": {"prefecture": "静岡県", "city": "富士宮市", "place": "安居山", "date": "2026-07-13", "time": "8:50", "count": 1, "note": null, "source": "静岡県 クマ出没マップ (https://www.pref.shizuoka.jp/kurashikankyo/shizenkankyo/wild/1017680.html)"}}, {"type": "Feature", "geometry": {"type": "Point", "coordinates": [138.5820013, 35.2135373]}, "properties": {"prefecture": "静岡県", "city": "富士宮市", "place": "羽鮒", "date": "2026-07-18", "time": "22:45", "count": 1, "note": "7/26にも目撃あり", "source": "静岡県 クマ出没マップ (https://www.pref.shizuoka.jp/kurashikankyo/shizenkankyo/wild/1017680.html)"}}, {"type": "Feature", "geometry": {"type": "Point", "coordinates": [138.2496382, 35.1904043]}, "properties": {"prefecture": "静岡県", "city": "静岡市葵区", "place": "井川", "date": "2026-07-16", "time": "13:00", "count": 1, "note": "子グマ", "source": "静岡県 クマ出没マップ (https://www.pref.shizuoka.jp/kurashikankyo/shizenkankyo/wild/1017680.html)"}}, {"type": "Feature", "geometry": {"type": "Point", "coordinates": [138.5741647, 35.2017869]}, "properties": {"prefecture": "静岡県", "city": "富士宮市", "place": "羽鮒", "date": "2026-07-18", "time": "22:45", "count": 1, "note": null, "source": "静岡県 クマ出没マップ (https://www.pref.shizuoka.jp/kurashikankyo/shizenkankyo/wild/1017680.html)"}}, {"type": "Feature", "geometry": {"type": "Point", "coordinates": [138.3690696, 35.2042577]}, "properties": {"prefecture": "静岡県", "city": "静岡市葵区", "place": "有東木", "date": "2026-07-23", "time": "16:30", "count": 1, "note": null, "source": "静岡県 クマ出没マップ (https://www.pref.shizuoka.jp/kurashikankyo/shizenkankyo/wild/1017680.html)"}}, {"type": "Feature", "geometry": {"type": "Point", "coordinates": [138.5820013, 35.2134847]}, "properties": {"prefecture": "静岡県", "city": "富士宮市", "place": "羽鮒", "date": "2026-07-26", "time": "11:50", "count": 1, "note": null, "source": "静岡県 クマ出没マップ (https://www.pref.shizuoka.jp/kurashikankyo/shizenkankyo/wild/1017680.html)"}}, {"type": "Feature", "geometry": {"type": "Point", "coordinates": [138.0875517, 35.0509793]}, "properties": {"prefecture": "静岡県", "city": "川根本町", "place": "上長尾", "date": "2026-07-26", "time": "19:00", "count": 1, "note": null, "source": "静岡県 クマ出没マップ (https://www.pref.shizuoka.jp/kurashikankyo/shizenkankyo/wild/1017680.html)"}}, {"type": "Feature", "geometry": {"type": "Point", "coordinates": [138.285535, 35.1347014]}, "properties": {"prefecture": "静岡県", "city": "静岡市葵区", "place": "横沢", "date": "2026-07-27", "time": "18:15", "count": 1, "note": null, "source": "静岡県 クマ出没マップ (https://www.pref.shizuoka.jp/kurashikankyo/shizenkankyo/wild/1017680.html)"}}, {"type": "Feature", "geometry": {"type": "Point", "coordinates": [138.3591501, 35.1995311]}, "properties": {"prefecture": "静岡県", "city": "静岡市葵区", "place": "有東木", "date": "2026-07-29", "time": "16:15", "count": 1, "note": null, "source": "静岡県 クマ出没マップ (https://www.pref.shizuoka.jp/kurashikankyo/shizenkankyo/wild/1017680.html)"}}, {"type": "Feature", "geometry": {"type": "Point", "coordinates": [138.3399219, 35.2998635]}, "properties": {"prefecture": "静岡県", "city": "静岡市葵区", "place": "梅ヶ島", "date": "2026-08-02", "time": "18:30", "count": 1, "note": null, "source": "静岡県 クマ出没マップ (https://www.pref.shizuoka.jp/kurashikankyo/shizenkankyo/wild/1017680.html)"}}, {"type": "Feature", "geometry": {"type": "Point", "coordinates": [138.1098675, 35.0336271]}, "properties": {"prefecture": "静岡県", "city": "川根本町", "place": "下泉", "date": "2026-08-05", "time": "15:00", "count": 1, "note": null, "source": "静岡県 クマ出没マップ (https://www.pref.shizuoka.jp/kurashikankyo/shizenkankyo/wild/1017680.html)"}}, {"type": "Feature", "geometry": {"type": "Point", "coordinates": [138.35936, 35.1744397]}, "properties": {"prefecture": "静岡県", "city": "静岡市葵区", "place": "中平", "date": "2026-08-07", "time": "16:00", "count": 1, "note": null, "source": "静岡県 クマ出没マップ (https://www.pref.shizuoka.jp/kurashikankyo/shizenkankyo/wild/1017680.html)"}}, {"type": "Feature", "geometry": {"type": "Point", "coordinates": [138.3581666, 35.175487]}, "properties": {"prefecture": "静岡県", "city": "静岡市葵区", "place": "中平", "date": "2026-08-18", "time": "18:25", "count": 1, "note": null, "source": "静岡県 クマ出没マップ (https://www.pref.shizuoka.jp/kurashikankyo/shizenkankyo/wild/1017680.html)"}}, {"type": "Feature", "geometry": {"type": "Point", "coordinates": [138.3571283, 35.1907799]}, "properties": {"prefecture": "静岡県", "city": "静岡市葵区", "place": "渡", "date": "2026-08-22", "time": "17:30", "count": 1, "note": null, "source": "静岡県 クマ出没マップ (https://www.pref.shizuoka.jp/kurashikankyo/shizenkankyo/wild/1017680.html)"}}, {"type": "Feature", "geometry": {"type": "Point", "coordinates": [138.2563989, 35.0836991]}, "properties": {"prefecture": "静岡県", "city": "静岡市葵区", "place": "栃沢", "date": "2025-04-02", "time": "1:28:00 PM", "count": 1, "note": null, "source": "静岡県 クマ出没マップ (https://www.pref.shizuoka.jp/kurashikankyo/shizenkankyo/wild/1017680.html)"}}, {"type": "Feature", "geometry": {"type": "Point", "coordinates": [138.327092, 35.26765843]}, "properties": {"prefecture": "静岡県", "city": "静岡市葵区", "place": "梅ケ島", "date": "2025-04-02", "time": "6:30:00 PM", "count": 1, "note": null, "source": "静岡県 クマ出没マップ (https://www.pref.shizuoka.jp/kurashikankyo/shizenkankyo/wild/1017680.html)"}}, {"type": "Feature", "geometry": {"type": "Point", "coordinates": [138.6616643, 35.25091353]}, "properties": {"prefecture": "静岡県", "city": "富士宮市", "place": "村山", "date": "2025-04-04", "time": "5:00:00 PM", "count": 1, "note": "他動物の可能性あり", "source": "静岡県 クマ出没マップ (https://www.pref.shizuoka.jp/kurashikankyo/shizenkankyo/wild/1017680.html)"}}, {"type": "Feature", "geometry": {"type": "Point", "coordinates": [138.548437, 35.32893477]}, "properties": {"prefecture": "静岡県", "city": "富士宮市", "place": "佐折", "date": "2025-04-14", "time": "2:00:00 PM", "count": 1, "note": "天子ヶ岳ハイキングコース中腹", "source": "静岡県 クマ出没マップ (https://www.pref.shizuoka.jp/kurashikankyo/shizenkankyo/wild/1017680.html)"}}, {"type": "Feature", "geometry": {"type": "Point", "coordinates": [138.4669674, 35.0427305]}, "properties": {"prefecture": "静岡県", "city": "静岡市清水区", "place": "山原", "date": "2025-04-22", "time": "8:05:00 AM", "count": 1, "note": null, "source": "静岡県 クマ出没マップ (https://www.pref.shizuoka.jp/kurashikankyo/shizenkankyo/wild/1017680.html)"}}, {"type": "Feature", "geometry": {"type": "Point", "coordinates": [138.5909674, 35.13071317]}, "properties": {"prefecture": "静岡県", "city": "静岡市清水区", "place": "蒲原小金", "date": "2025-04-27", "time": "12:00:00 PM", "count": 1, "note": null, "source": "静岡県 クマ出没マップ (https://www.pref.shizuoka.jp/kurashikankyo/shizenkankyo/wild/1017680.html)"}}, {"type": "Feature", "geometry": {"type": "Point", "coordinates": [138.482123, 35.0842368]}, "properties": {"prefecture": "静岡県", "city": "静岡市清水区", "place": "杉山", "date": "2025-04-29", "time": "", "count": 1, "note": null, "source": "静岡県 クマ出没マップ (https://www.pref.shizuoka.jp/kurashikankyo/shizenkankyo/wild/1017680.html)"}}, {"type": "Feature", "geometry": {"type": "Point", "coordinates": [138.1259592, 35.13946906]}, "properties": {"prefecture": "静岡県", "city": "川根本町", "place": "沢間区内", "date": "2025-05-13", "time": "2:00:00 PM", "count": 1, "note": null, "source": "静岡県 クマ出没マップ (https://www.pref.shizuoka.jp/kurashikankyo/shizenkankyo/wild/1017680.html)"}}, {"type": "Feature", "geometry": {"type": "Point", "coordinates": [138.5573098, 35.12577389]}, "properties": {"prefecture": "静岡県", "city": "静岡市清水区", "place": "由比東山寺", "date": "2025-05-15", "time": "7:50:00 AM", "count": 1, "note": null, "source": "静岡県 クマ出没マップ (https://www.pref.shizuoka.jp/kurashikankyo/shizenkankyo/wild/1017680.html)"}}, {"type": "Feature", "geometry": {"type": "Point", "coordinates": [138.5516283, 35.1940269]}, "properties": {"prefecture": "静岡県", "city": "富士宮市", "place": "内房", "date": "2025-05-15", "time": "8:10:00 AM", "count": 1, "note": null, "source": "静岡県 クマ出没マップ (https://www.pref.shizuoka.jp/kurashikankyo/shizenkankyo/wild/1017680.html)"}}, {"type": "Feature", "geometry": {"type": "Point", "coordinates": [138.5474205, 35.19113143]}, "properties": {"prefecture": "静岡県", "city": "富士宮市", "place": "内房", "date": "2025-05-20", "time": "3:30:00 PM", "count": 1, "note": null, "source": "静岡県 クマ出没マップ (https://www.pref.shizuoka.jp/kurashikankyo/shizenkankyo/wild/1017680.html)"}}, {"type": "Feature", "geometry": {"type": "Point", "coordinates": [138.4676884, 35.0668968]}, "properties": {"prefecture": "静岡県", "city": "静岡市清水区", "place": "伊佐布", "date": "2025-06-05", "time": "9:00:00 AM", "count": 1, "note": null, "source": "静岡県 クマ出没マップ (https://www.pref.shizuoka.jp/kurashikankyo/shizenkankyo/wild/1017680.html)"}}, {"type": "Feature", "geometry": {"type": "Point", "coordinates": [138.8750046, 35.36048306]}, "properties": {"prefecture": "静岡県", "city": "小山町", "place": "須走", "date": "2025-06-06", "time": "", "count": 1, "note": null, "source": "静岡県 クマ出没マップ (https://www.pref.shizuoka.jp/kurashikankyo/shizenkankyo/wild/1017680.html)"}}, {"type": "Feature", "geometry": {"type": "Point", "coordinates": [138.471049, 35.0648759]}, "properties": {"prefecture": "静岡県", "city": "静岡市清水区", "place": "原", "date": "2025-06-07", "time": "3:30:00 PM", "count": 1, "note": null, "source": "静岡県 クマ出没マップ (https://www.pref.shizuoka.jp/kurashikankyo/shizenkankyo/wild/1017680.html)"}}, {"type": "Feature", "geometry": {"type": "Point", "coordinates": [138.5800067, 35.22531569]}, "properties": {"prefecture": "静岡県", "city": "富士宮市", "place": "大中里", "date": "2025-06-09", "time": "10:00:00 PM", "count": 1, "note": "クマらしき動物", "source": "静岡県 クマ出没マップ (https://www.pref.shizuoka.jp/kurashikankyo/shizenkankyo/wild/1017680.html)"}}, {"type": "Feature", "geometry": {"type": "Point", "coordinates": [137.8914086, 35.20988489]}, "properties": {"prefecture": "静岡県", "city": "浜松市天竜区", "place": "水窪町奥領家", "date": "2025-06-11", "time": "3:20:00 PM", "count": 1, "note": null, "source": "静岡県 クマ出没マップ (https://www.pref.shizuoka.jp/kurashikankyo/shizenkankyo/wild/1017680.html)"}}, {"type": "Feature", "geometry": {"type": "Point", "coordinates": [138.4891542, 35.0722161]}, "properties": {"prefecture": "静岡県", "city": "静岡市清水区", "place": "杉山", "date": "2025-06-14", "time": "8:40:00 AM", "count": 2, "note": null, "source": "静岡県 クマ出没マップ (https://www.pref.shizuoka.jp/kurashikankyo/shizenkankyo/wild/1017680.html)"}}, {"type": "Feature", "geometry": {"type": "Point", "coordinates": [138.5240115, 35.1471359]}, "properties": {"prefecture": "静岡県", "city": "静岡市清水区", "place": "宍原", "date": "2025-06-16", "time": "6:15:00 AM", "count": 1, "note": null, "source": "静岡県 クマ出没マップ (https://www.pref.shizuoka.jp/kurashikankyo/shizenkankyo/wild/1017680.html)"}}, {"type": "Feature", "geometry": {"type": "Point", "coordinates": [138.5841686, 35.13818556]}, "properties": {"prefecture": "静岡県", "city": "静岡市清水区", "place": "蒲原", "date": "2025-06-19", "time": "12:00:00 PM", "count": 1, "note": "大丸山ハイキングコース", "source": "静岡県 クマ出没マップ (https://www.pref.shizuoka.jp/kurashikankyo/shizenkankyo/wild/1017680.html)"}}, {"type": "Feature", "geometry": {"type": "Point", "coordinates": [137.9165959, 35.02398611]}, "properties": {"prefecture": "静岡県", "city": "浜松市天竜区", "place": "春野町豊岡", "date": "2025-06-19", "time": "10:30:00 AM", "count": 1, "note": "黒い動物", "source": "静岡県 クマ出没マップ (https://www.pref.shizuoka.jp/kurashikankyo/shizenkankyo/wild/1017680.html)"}}, {"type": "Feature", "geometry": {"type": "Point", "coordinates": [138.1345869, 35.14068373]}, "properties": {"prefecture": "静岡県", "city": "川根本町", "place": "奥泉", "date": "2025-06-22", "time": "1:57:00 PM", "count": 1, "note": null, "source": "静岡県 クマ出没マップ (https://www.pref.shizuoka.jp/kurashikankyo/shizenkankyo/wild/1017680.html)"}}, {"type": "Feature", "geometry": {"type": "Point", "coordinates": [138.2566067, 35.03196472]}, "properties": {"prefecture": "静岡県", "city": "静岡市葵区", "place": "昼居渡", "date": "2025-06-26", "time": "5:30:00 PM", "count": 1, "note": null, "source": "静岡県 クマ出没マップ (https://www.pref.shizuoka.jp/kurashikankyo/shizenkankyo/wild/1017680.html)"}}, {"type": "Feature", "geometry": {"type": "Point", "coordinates": [138.3742424, 35.1572259]}, "properties": {"prefecture": "静岡県", "city": "静岡市葵区", "place": "平野", "date": "2025-06-28", "time": "10:30:00 AM", "count": 1, "note": null, "source": "静岡県 クマ出没マップ (https://www.pref.shizuoka.jp/kurashikankyo/shizenkankyo/wild/1017680.html)"}}, {"type": "Feature", "geometry": {"type": "Point", "coordinates": [138.3575074, 35.1206494]}, "properties": {"prefecture": "静岡県", "city": "静岡市葵区", "place": "相淵", "date": "2025-06-29", "time": "2:00:00 PM", "count": 1, "note": null, "source": "静岡県 クマ出没マップ (https://www.pref.shizuoka.jp/kurashikankyo/shizenkankyo/wild/1017680.html)"}}, {"type": "Feature", "geometry": {"type": "Point", "coordinates": [138.3759285, 35.03897035]}, "properties": {"prefecture": "静岡県", "city": "静岡市葵区", "place": "下", "date": "2025-07-01", "time": "11:00:00 AM", "count": 1, "note": null, "source": "静岡県 クマ出没マップ (https://www.pref.shizuoka.jp/kurashikankyo/shizenkankyo/wild/1017680.html)"}}, {"type": "Feature", "geometry": {"type": "Point", "coordinates": [138.5622556, 35.3720644]}, "properties": {"prefecture": "静岡県", "city": "富士宮市", "place": "猪之頭", "date": "2025-07-01", "time": "9:15:00 AM", "count": 1, "note": null, "source": "静岡県 クマ出没マップ (https://www.pref.shizuoka.jp/kurashikankyo/shizenkankyo/wild/1017680.html)"}}, {"type": "Feature", "geometry": {"type": "Point", "coordinates": [138.3795645, 35.11715865]}, "properties": {"prefecture": "静岡県", "city": "静岡市葵区", "place": "俵峰", "date": "2025-07-01", "time": "12:00:00 PM", "count": 1, "note": null, "source": "静岡県 クマ出没マップ (https://www.pref.shizuoka.jp/kurashikankyo/shizenkankyo/wild/1017680.html)"}}, {"type": "Feature", "geometry": {"type": "Point", "coordinates": [138.3751096, 35.0486133]}, "properties": {"prefecture": "静岡県", "city": "静岡市葵区", "place": "門屋", "date": "2025-07-02", "time": "10:00:00 PM", "count": 1, "note": null, "source": "静岡県 クマ出没マップ (https://www.pref.shizuoka.jp/kurashikankyo/shizenkankyo/wild/1017680.html)"}}, {"type": "Feature", "geometry": {"type": "Point", "coordinates": [138.1849221, 35.31586]}, "properties": {"prefecture": "静岡県", "city": "静岡市葵区", "place": "田代", "date": "2025-07-03", "time": "10:30:00 AM", "count": 1, "note": null, "source": "静岡県 クマ出没マップ (https://www.pref.shizuoka.jp/kurashikankyo/shizenkankyo/wild/1017680.html)"}}, {"type": "Feature", "geometry": {"type": "Point", "coordinates": [138.3386407, 35.2529292]}, "properties": {"prefecture": "静岡県", "city": "静岡市葵区", "place": "梅ケ島", "date": "2025-07-03", "time": "3:30:00 PM", "count": 1, "note": null, "source": "静岡県 クマ出没マップ (https://www.pref.shizuoka.jp/kurashikankyo/shizenkankyo/wild/1017680.html)"}}, {"type": "Feature", "geometry": {"type": "Point", "coordinates": [138.8019885, 35.33547931]}, "properties": {"prefecture": "静岡県", "city": "御殿場市", "place": "印野", "date": "2025-07-05", "time": "", "count": 1, "note": null, "source": "静岡県 クマ出没マップ (https://www.pref.shizuoka.jp/kurashikankyo/shizenkankyo/wild/1017680.html)"}}, {"type": "Feature", "geometry": {"type": "Point", "coordinates": [138.7872361, 35.33482542]}, "properties": {"prefecture": "静岡県", "city": "御殿場市", "place": "中畑", "date": "2025-07-05", "time": "10:05:00 AM", "count": 1, "note": null, "source": "静岡県 クマ出没マップ (https://www.pref.shizuoka.jp/kurashikankyo/shizenkankyo/wild/1017680.html)"}}, {"type": "Feature", "geometry": {"type": "Point", "coordinates": [138.5851574, 35.1168876]}, "properties": {"prefecture": "静岡県", "city": "静岡市清水区", "place": "蒲原中", "date": "2025-07-07", "time": "12:30:00 PM", "count": 1, "note": null, "source": "静岡県 クマ出没マップ (https://www.pref.shizuoka.jp/kurashikankyo/shizenkankyo/wild/1017680.html)"}}, {"type": "Feature", "geometry": {"type": "Point", "coordinates": [138.5506721, 35.18958855]}, "properties": {"prefecture": "静岡県", "city": "富士宮市", "place": "内房", "date": "2025-07-08", "time": "3:50:00 PM", "count": 1, "note": null, "source": "静岡県 クマ出没マップ (https://www.pref.shizuoka.jp/kurashikankyo/shizenkankyo/wild/1017680.html)"}}, {"type": "Feature", "geometry": {"type": "Point", "coordinates": [138.4248488, 35.0465504]}, "properties": {"prefecture": "静岡県", "city": "静岡市葵区", "place": "北沼上", "date": "2025-07-10", "time": "12:15:00 PM", "count": 1, "note": null, "source": "静岡県 クマ出没マップ (https://www.pref.shizuoka.jp/kurashikankyo/shizenkankyo/wild/1017680.html)"}}, {"type": "Feature", "geometry": {"type": "Point", "coordinates": [138.4989468, 35.0569439]}, "properties": {"prefecture": "静岡県", "city": "静岡市清水区", "place": "広瀬", "date": "2025-07-12", "time": "7:30:00 AM", "count": 1, "note": null, "source": "静岡県 クマ出没マップ (https://www.pref.shizuoka.jp/kurashikankyo/shizenkankyo/wild/1017680.html)"}}, {"type": "Feature", "geometry": {"type": "Point", "coordinates": [138.6617084, 35.28052924]}, "properties": {"prefecture": "静岡県", "city": "富士宮市", "place": "粟倉", "date": "2025-07-12", "time": "9:40:00 AM", "count": 1, "note": null, "source": "静岡県 クマ出没マップ (https://www.pref.shizuoka.jp/kurashikankyo/shizenkankyo/wild/1017680.html)"}}, {"type": "Feature", "geometry": {"type": "Point", "coordinates": [138.47615, 35.1295179]}, "properties": {"prefecture": "静岡県", "city": "静岡市清水区", "place": "中河内", "date": "2025-07-14", "time": "7:20:00 AM", "count": 1, "note": null, "source": "静岡県 クマ出没マップ (https://www.pref.shizuoka.jp/kurashikankyo/shizenkankyo/wild/1017680.html)"}}, {"type": "Feature", "geometry": {"type": "Point", "coordinates": [138.5522668, 35.18956546]}, "properties": {"prefecture": "静岡県", "city": "富士宮市", "place": "内房", "date": "2025-07-14", "time": "10:10:00 AM", "count": 1, "note": null, "source": "静岡県 クマ出没マップ (https://www.pref.shizuoka.jp/kurashikankyo/shizenkankyo/wild/1017680.html)"}}, {"type": "Feature", "geometry": {"type": "Point", "coordinates": [138.6140356, 35.2025037]}, "properties": {"prefecture": "静岡県", "city": "富士宮市", "place": "星山", "date": "2025-07-16", "time": "2:30:00 PM", "count": 1, "note": null, "source": "静岡県 クマ出没マップ (https://www.pref.shizuoka.jp/kurashikankyo/shizenkankyo/wild/1017680.html)"}}, {"type": "Feature", "geometry": {"type": "Point", "coordinates": [138.3376521, 35.2531682]}, "properties": {"prefecture": "静岡県", "city": "静岡市葵区", "place": "梅ヶ島", "date": "2025-07-17", "time": "7:50:00 PM", "count": 1, "note": null, "source": "静岡県 クマ出没マップ (https://www.pref.shizuoka.jp/kurashikankyo/shizenkankyo/wild/1017680.html)"}}, {"type": "Feature", "geometry": {"type": "Point", "coordinates": [138.2809486, 35.2658119]}, "properties": {"prefecture": "静岡県", "city": "静岡市葵区", "place": "小河内", "date": "2025-07-19", "time": "5:30:00 PM", "count": 1, "note": null, "source": "静岡県 クマ出没マップ (https://www.pref.shizuoka.jp/kurashikankyo/shizenkankyo/wild/1017680.html)"}}, {"type": "Feature", "geometry": {"type": "Point", "coordinates": [137.8408197, 35.00681985]}, "properties": {"prefecture": "静岡県", "city": "浜松市天竜区", "place": "龍山町下平山", "date": "2025-07-22", "time": "7:50:00 AM", "count": 1, "note": null, "source": "静岡県 クマ出没マップ (https://www.pref.shizuoka.jp/kurashikankyo/shizenkankyo/wild/1017680.html)"}}, {"type": "Feature", "geometry": {"type": "Point", "coordinates": [138.427092, 35.13955341]}, "properties": {"prefecture": "静岡県", "city": "静岡市清水区", "place": "河内", "date": "2025-07-23", "time": "6:45:00 PM", "count": 1, "note": null, "source": "静岡県 クマ出没マップ (https://www.pref.shizuoka.jp/kurashikankyo/shizenkankyo/wild/1017680.html)"}}, {"type": "Feature", "geometry": {"type": "Point", "coordinates": [138.3800047, 35.2081711]}, "properties": {"prefecture": "静岡県", "city": "静岡市葵区", "place": "有東木", "date": "2025-07-24", "time": "7:00:00 AM", "count": 1, "note": null, "source": "静岡県 クマ出没マップ (https://www.pref.shizuoka.jp/kurashikankyo/shizenkankyo/wild/1017680.html)"}}, {"type": "Feature", "geometry": {"type": "Point", "coordinates": [138.4868323, 35.06907381]}, "properties": {"prefecture": "静岡県", "city": "静岡市清水区", "place": "山切", "date": "2025-08-01", "time": "7:35:00 AM", "count": 1, "note": null, "source": "静岡県 クマ出没マップ (https://www.pref.shizuoka.jp/kurashikankyo/shizenkankyo/wild/1017680.html)"}}, {"type": "Feature", "geometry": {"type": "Point", "coordinates": [138.3825244, 35.0673429]}, "properties": {"prefecture": "静岡県", "city": "静岡市葵区", "place": "牛妻", "date": "2025-08-02", "time": "10:00:00 AM", "count": 1, "note": null, "source": "静岡県 クマ出没マップ (https://www.pref.shizuoka.jp/kurashikankyo/shizenkankyo/wild/1017680.html)"}}, {"type": "Feature", "geometry": {"type": "Point", "coordinates": [138.5342221, 35.2860907]}, "properties": {"prefecture": "静岡県", "city": "富士宮市", "place": "上稲子", "date": "2025-08-05", "time": "1:00:00 AM", "count": 1, "note": null, "source": "静岡県 クマ出没マップ (https://www.pref.shizuoka.jp/kurashikankyo/shizenkankyo/wild/1017680.html)"}}, {"type": "Feature", "geometry": {"type": "Point", "coordinates": [138.315032, 35.28581224]}, "properties": {"prefecture": "静岡県", "city": "静岡市葵区", "place": "梅ヶ島", "date": "2025-08-08", "time": "", "count": 1, "note": null, "source": "静岡県 クマ出没マップ (https://www.pref.shizuoka.jp/kurashikankyo/shizenkankyo/wild/1017680.html)"}}, {"type": "Feature", "geometry": {"type": "Point", "coordinates": [138.3277335, 35.2593758]}, "properties": {"prefecture": "静岡県", "city": "静岡市葵区", "place": "梅ヶ島", "date": "2025-08-15", "time": "9:00:00 AM", "count": 1, "note": null, "source": "静岡県 クマ出没マップ (https://www.pref.shizuoka.jp/kurashikankyo/shizenkankyo/wild/1017680.html)"}}, {"type": "Feature", "geometry": {"type": "Point", "coordinates": [138.5221605, 35.1773927]}, "properties": {"prefecture": "静岡県", "city": "静岡市清水区", "place": "宍原", "date": "2025-08-15", "time": "11:00:00 PM", "count": 1, "note": null, "source": "静岡県 クマ出没マップ (https://www.pref.shizuoka.jp/kurashikankyo/shizenkankyo/wild/1017680.html)"}}, {"type": "Feature", "geometry": {"type": "Point", "coordinates": [138.5576581, 35.39642283]}, "properties": {"prefecture": "静岡県", "city": "富士宮市", "place": "麓", "date": "2025-08-15", "time": "6:30:00 PM", "count": 1, "note": null, "source": "静岡県 クマ出没マップ (https://www.pref.shizuoka.jp/kurashikankyo/shizenkankyo/wild/1017680.html)"}}, {"type": "Feature", "geometry": {"type": "Point", "coordinates": [138.5129994, 35.11493865]}, "properties": {"prefecture": "静岡県", "city": "静岡市清水区", "place": "小河内", "date": "2025-08-18", "time": "7:30:00 AM", "count": 1, "note": null, "source": "静岡県 クマ出没マップ (https://www.pref.shizuoka.jp/kurashikankyo/shizenkankyo/wild/1017680.html)"}}, {"type": "Feature", "geometry": {"type": "Point", "coordinates": [138.6347477, 35.17767394]}, "properties": {"prefecture": "静岡県", "city": "富士市", "place": "岩本", "date": "2025-08-21", "time": "2:00:00 PM", "count": 1, "note": null, "source": "静岡県 クマ出没マップ (https://www.pref.shizuoka.jp/kurashikankyo/shizenkankyo/wild/1017680.html)"}}, {"type": "Feature", "geometry": {"type": "Point", "coordinates": [138.1774648, 35.11553089]}, "properties": {"prefecture": "静岡県", "city": "川根本町", "place": "東藤川", "date": "2025-08-22", "time": "", "count": 1, "note": null, "source": "静岡県 クマ出没マップ (https://www.pref.shizuoka.jp/kurashikankyo/shizenkankyo/wild/1017680.html)"}}, {"type": "Feature", "geometry": {"type": "Point", "coordinates": [138.1704972, 35.09890427]}, "properties": {"prefecture": "静岡県", "city": "川根本町", "place": "東藤川", "date": "2025-08-23", "time": "", "count": 1, "note": null, "source": "静岡県 クマ出没マップ (https://www.pref.shizuoka.jp/kurashikankyo/shizenkankyo/wild/1017680.html)"}}, {"type": "Feature", "geometry": {"type": "Point", "coordinates": [138.931406, 35.35324529]}, "properties": {"prefecture": "静岡県", "city": "小山町", "place": "用沢", "date": "2025-08-25", "time": "5:25:00 AM", "count": 1, "note": "クマらしき動物", "source": "静岡県 クマ出没マップ (https://www.pref.shizuoka.jp/kurashikankyo/shizenkankyo/wild/1017680.html)"}}, {"type": "Feature", "geometry": {"type": "Point", "coordinates": [138.2469151, 35.4964599]}, "properties": {"prefecture": "静岡県", "city": "静岡市葵区", "place": "田代", "date": "2025-08-25", "time": "1:30:00 PM", "count": 1, "note": null, "source": "静岡県 クマ出没マップ (https://www.pref.shizuoka.jp/kurashikankyo/shizenkankyo/wild/1017680.html)"}}, {"type": "Feature", "geometry": {"type": "Point", "coordinates": [138.4154909, 35.0806986]}, "properties": {"prefecture": "静岡県", "city": "静岡市葵区", "place": "平山", "date": "2025-08-27", "time": "1:20:00 PM", "count": 1, "note": null, "source": "静岡県 クマ出没マップ (https://www.pref.shizuoka.jp/kurashikankyo/shizenkankyo/wild/1017680.html)"}}, {"type": "Feature", "geometry": {"type": "Point", "coordinates": [138.5411207, 35.17548895]}, "properties": {"prefecture": "静岡県", "city": "富士宮市", "place": "内房", "date": "2025-08-28", "time": "8:50:00 AM", "count": 2, "note": null, "source": "静岡県 クマ出没マップ (https://www.pref.shizuoka.jp/kurashikankyo/shizenkankyo/wild/1017680.html)"}}, {"type": "Feature", "geometry": {"type": "Point", "coordinates": [138.3800615, 35.1096125]}, "properties": {"prefecture": "静岡県", "city": "静岡市葵区", "place": "俵峰", "date": "2025-08-29", "time": "7:30:00 AM", "count": 1, "note": null, "source": "静岡県 クマ出没マップ (https://www.pref.shizuoka.jp/kurashikankyo/shizenkankyo/wild/1017680.html)"}}, {"type": "Feature", "geometry": {"type": "Point", "coordinates": [138.1295942, 35.45012207]}, "properties": {"prefecture": "静岡県", "city": "静岡市葵区", "place": "田代", "date": "2025-09-02", "time": "4:30:00 PM", "count": 1, "note": null, "source": "静岡県 クマ出没マップ (https://www.pref.shizuoka.jp/kurashikankyo/shizenkankyo/wild/1017680.html)"}}, {"type": "Feature", "geometry": {"type": "Point", "coordinates": [138.4329409, 35.02739091]}, "properties": {"prefecture": "静岡県", "city": "静岡市清水区", "place": "大内", "date": "2025-09-03", "time": "11:00:00 AM", "count": 1, "note": null, "source": "静岡県 クマ出没マップ (https://www.pref.shizuoka.jp/kurashikankyo/shizenkankyo/wild/1017680.html)"}}, {"type": "Feature", "geometry": {"type": "Point", "coordinates": [138.3918971, 35.0410718]}, "properties": {"prefecture": "静岡県", "city": "静岡市葵区", "place": "北", "date": "2025-09-07", "time": "3:00:00 PM", "count": 1, "note": null, "source": "静岡県 クマ出没マップ (https://www.pref.shizuoka.jp/kurashikankyo/shizenkankyo/wild/1017680.html)"}}, {"type": "Feature", "geometry": {"type": "Point", "coordinates": [138.7307146, 35.27005118]}, "properties": {"prefecture": "静岡県", "city": "富士市", "place": "大淵", "date": "2025-09-09", "time": "5:00:00 PM", "count": 1, "note": null, "source": "静岡県 クマ出没マップ (https://www.pref.shizuoka.jp/kurashikankyo/shizenkankyo/wild/1017680.html)"}}, {"type": "Feature", "geometry": {"type": "Point", "coordinates": [138.607233, 35.3103351]}, "properties": {"prefecture": "静岡県", "city": "富士宮市", "place": "上井出", "date": "2025-09-18", "time": "6:40:00 AM", "count": 1, "note": null, "source": "静岡県 クマ出没マップ (https://www.pref.shizuoka.jp/kurashikankyo/shizenkankyo/wild/1017680.html)"}}, {"type": "Feature", "geometry": {"type": "Point", "coordinates": [138.7229446, 35.32654189]}, "properties": {"prefecture": "静岡県", "city": "富士宮市", "place": "北山", "date": "2025-09-21", "time": "5:00:00 PM", "count": 1, "note": null, "source": "静岡県 クマ出没マップ (https://www.pref.shizuoka.jp/kurashikankyo/shizenkankyo/wild/1017680.html)"}}, {"type": "Feature", "geometry": {"type": "Point", "coordinates": [138.5187001, 35.1408417]}, "properties": {"prefecture": "静岡県", "city": "静岡市清水区", "place": "小河内", "date": "2025-09-25", "time": "6:20:00 PM", "count": 1, "note": null, "source": "静岡県 クマ出没マップ (https://www.pref.shizuoka.jp/kurashikankyo/shizenkankyo/wild/1017680.html)"}}, {"type": "Feature", "geometry": {"type": "Point", "coordinates": [138.2192369, 35.05019538]}, "properties": {"prefecture": "静岡県", "city": "静岡市葵区", "place": "黒俣", "date": "2025-09-29", "time": "7:20:00 AM", "count": 1, "note": null, "source": "静岡県 クマ出没マップ (https://www.pref.shizuoka.jp/kurashikankyo/shizenkankyo/wild/1017680.html)"}}, {"type": "Feature", "geometry": {"type": "Point", "coordinates": [138.3413931, 35.243499]}, "properties": {"prefecture": "静岡県", "city": "静岡市葵区", "place": "梅ヶ島", "date": "2025-10-03", "time": "7:00:00 AM", "count": 1, "note": null, "source": "静岡県 クマ出没マップ (https://www.pref.shizuoka.jp/kurashikankyo/shizenkankyo/wild/1017680.html)"}}, {"type": "Feature", "geometry": {"type": "Point", "coordinates": [138.8598314, 35.3003776]}, "properties": {"prefecture": "静岡県", "city": "御殿場市", "place": "印野", "date": "2025-10-07", "time": "4:53:00 PM", "count": 1, "note": "クマらしき動物", "source": "静岡県 クマ出没マップ (https://www.pref.shizuoka.jp/kurashikankyo/shizenkankyo/wild/1017680.html)"}}, {"type": "Feature", "geometry": {"type": "Point", "coordinates": [138.4455685, 35.0465311]}, "properties": {"prefecture": "静岡県", "city": "静岡市清水区", "place": "梅ヶ谷", "date": "2025-10-08", "time": "11:00:00 PM", "count": 1, "note": null, "source": "静岡県 クマ出没マップ (https://www.pref.shizuoka.jp/kurashikankyo/shizenkankyo/wild/1017680.html)"}}, {"type": "Feature", "geometry": {"type": "Point", "coordinates": [138.1794085, 35.1867124]}, "properties": {"prefecture": "静岡県", "city": "川根本町", "place": "梅地", "date": "2025-10-10", "time": "3:30:00 PM", "count": 1, "note": null, "source": "静岡県 クマ出没マップ (https://www.pref.shizuoka.jp/kurashikankyo/shizenkankyo/wild/1017680.html)"}}, {"type": "Feature", "geometry": {"type": "Point", "coordinates": [138.0937562, 35.082921]}, "properties": {"prefecture": "静岡県", "city": "川根本町", "place": "元藤川", "date": "2025-10-11", "time": "7:00:00 AM", "count": 1, "note": "クマらしき動物", "source": "静岡県 クマ出没マップ (https://www.pref.shizuoka.jp/kurashikankyo/shizenkankyo/wild/1017680.html)"}}, {"type": "Feature", "geometry": {"type": "Point", "coordinates": [138.5584397, 35.2309167]}, "properties": {"prefecture": "静岡県", "city": "富士宮市", "place": "西山", "date": "2025-10-13", "time": "10:30:00 AM", "count": 1, "note": null, "source": "静岡県 クマ出没マップ (https://www.pref.shizuoka.jp/kurashikankyo/shizenkankyo/wild/1017680.html)"}}, {"type": "Feature", "geometry": {"type": "Point", "coordinates": [138.7902353, 35.3133688]}, "properties": {"prefecture": "静岡県", "city": "御殿場市", "place": "印野", "date": "2025-10-14", "time": "11:00:00 AM", "count": 1, "note": null, "source": "静岡県 クマ出没マップ (https://www.pref.shizuoka.jp/kurashikankyo/shizenkankyo/wild/1017680.html)"}}, {"type": "Feature", "geometry": {"type": "Point", "coordinates": [138.5592786, 35.2060721]}, "properties": {"prefecture": "静岡県", "city": "富士宮市", "place": "長貫", "date": "2025-10-14", "time": "11:10:00 AM", "count": 1, "note": null, "source": "静岡県 クマ出没マップ (https://www.pref.shizuoka.jp/kurashikankyo/shizenkankyo/wild/1017680.html)"}}, {"type": "Feature", "geometry": {"type": "Point", "coordinates": [138.5642754, 35.2056241]}, "properties": {"prefecture": "静岡県", "city": "富士宮市", "place": "長貫", "date": "2025-10-14", "time": "2:55:00 PM", "count": 1, "note": null, "source": "静岡県 クマ出没マップ (https://www.pref.shizuoka.jp/kurashikankyo/shizenkankyo/wild/1017680.html)"}}, {"type": "Feature", "geometry": {"type": "Point", "coordinates": [138.4984357, 35.0659877]}, "properties": {"prefecture": "静岡県", "city": "静岡市清水区", "place": "広瀬", "date": "2025-10-14", "time": "8:00:00 AM", "count": 2, "note": null, "source": "静岡県 クマ出没マップ (https://www.pref.shizuoka.jp/kurashikankyo/shizenkankyo/wild/1017680.html)"}}, {"type": "Feature", "geometry": {"type": "Point", "coordinates": [138.4816174, 35.0764914]}, "properties": {"prefecture": "静岡県", "city": "静岡市清水区", "place": "杉山", "date": "2025-10-17", "time": "9:30:00 PM", "count": 1, "note": null, "source": "静岡県 クマ出没マップ (https://www.pref.shizuoka.jp/kurashikankyo/shizenkankyo/wild/1017680.html)"}}, {"type": "Feature", "geometry": {"type": "Point", "coordinates": [138.5671947, 35.2307761]}, "properties": {"prefecture": "静岡県", "city": "富士宮市", "place": "西山", "date": "2025-10-18", "time": "2:00:00 AM", "count": 1, "note": "クマらしき動物", "source": "静岡県 クマ出没マップ (https://www.pref.shizuoka.jp/kurashikankyo/shizenkankyo/wild/1017680.html)"}}, {"type": "Feature", "geometry": {"type": "Point", "coordinates": [138.5653397, 35.2455513]}, "properties": {"prefecture": "静岡県", "city": "富士宮市", "place": "大鹿窪", "date": "2025-10-18", "time": "9:35:00 PM", "count": 1, "note": null, "source": "静岡県 クマ出没マップ (https://www.pref.shizuoka.jp/kurashikankyo/shizenkankyo/wild/1017680.html)"}}, {"type": "Feature", "geometry": {"type": "Point", "coordinates": [138.5366237, 35.2217536]}, "properties": {"prefecture": "静岡県", "city": "富士宮市", "place": "内房", "date": "2025-10-20", "time": "4:10:00 PM", "count": 1, "note": null, "source": "静岡県 クマ出没マップ (https://www.pref.shizuoka.jp/kurashikankyo/shizenkankyo/wild/1017680.html)"}}, {"type": "Feature", "geometry": {"type": "Point", "coordinates": [138.607652, 35.3240615]}, "properties": {"prefecture": "静岡県", "city": "富士宮市", "place": "北山", "date": "2025-10-20", "time": "9:00:00 PM", "count": 1, "note": null, "source": "静岡県 クマ出没マップ (https://www.pref.shizuoka.jp/kurashikankyo/shizenkankyo/wild/1017680.html)"}}, {"type": "Feature", "geometry": {"type": "Point", "coordinates": [138.3389201, 35.2827893]}, "properties": {"prefecture": "静岡県", "city": "静岡市葵区", "place": "梅ヶ島", "date": "2025-10-21", "time": "9:00:00 PM", "count": 1, "note": null, "source": "静岡県 クマ出没マップ (https://www.pref.shizuoka.jp/kurashikankyo/shizenkankyo/wild/1017680.html)"}}, {"type": "Feature", "geometry": {"type": "Point", "coordinates": [138.5382498, 35.2212962]}, "properties": {"prefecture": "静岡県", "city": "富士宮市", "place": "内房", "date": "2025-10-22", "time": "6:30:00 AM", "count": 1, "note": null, "source": "静岡県 クマ出没マップ (https://www.pref.shizuoka.jp/kurashikankyo/shizenkankyo/wild/1017680.html)"}}, {"type": "Feature", "geometry": {"type": "Point", "coordinates": [138.5644821, 35.2947097]}, "properties": {"prefecture": "静岡県", "city": "富士宮市", "place": "精進川", "date": "2025-10-22", "time": "11:00:00 AM", "count": 1, "note": null, "source": "静岡県 クマ出没マップ (https://www.pref.shizuoka.jp/kurashikankyo/shizenkankyo/wild/1017680.html)"}}, {"type": "Feature", "geometry": {"type": "Point", "coordinates": [138.5226811, 35.1516941]}, "properties": {"prefecture": "静岡県", "city": "静岡市清水区", "place": "宍原", "date": "2025-10-23", "time": "6:00:00 AM", "count": 2, "note": null, "source": "静岡県 クマ出没マップ (https://www.pref.shizuoka.jp/kurashikankyo/shizenkankyo/wild/1017680.html)"}}, {"type": "Feature", "geometry": {"type": "Point", "coordinates": [138.0657924, 35.0343946]}, "properties": {"prefecture": "静岡県", "city": "川根本町", "place": "下長尾", "date": "2025-10-22", "time": "1:10:00 PM", "count": 1, "note": null, "source": "静岡県 クマ出没マップ (https://www.pref.shizuoka.jp/kurashikankyo/shizenkankyo/wild/1017680.html)"}}, {"type": "Feature", "geometry": {"type": "Point", "coordinates": [137.7006766, 34.964731]}, "properties": {"prefecture": "静岡県", "city": "浜松市浜名区", "place": "引佐町渋川", "date": "2025-10-24", "time": "3:20:00 PM", "count": 2, "note": null, "source": "静岡県 クマ出没マップ (https://www.pref.shizuoka.jp/kurashikankyo/shizenkankyo/wild/1017680.html)"}}, {"type": "Feature", "geometry": {"type": "Point", "coordinates": [138.5492069, 35.2038264]}, "properties": {"prefecture": "静岡県", "city": "富士宮市", "place": "内房", "date": "2025-10-25", "time": "11:10:00 AM", "count": 1, "note": null, "source": "静岡県 クマ出没マップ (https://www.pref.shizuoka.jp/kurashikankyo/shizenkankyo/wild/1017680.html)"}}, {"type": "Feature", "geometry": {"type": "Point", "coordinates": [138.549636, 35.199215]}, "properties": {"prefecture": "静岡県", "city": "富士宮市", "place": "内房", "date": "2025-10-26", "time": "3:17:00 AM", "count": 1, "note": null, "source": "静岡県 クマ出没マップ (https://www.pref.shizuoka.jp/kurashikankyo/shizenkankyo/wild/1017680.html)"}}, {"type": "Feature", "geometry": {"type": "Point", "coordinates": [138.54918, 35.19419]}, "properties": {"prefecture": "静岡県", "city": "富士宮市", "place": "内房", "date": "2025-10-26", "time": "5:20:00 PM", "count": 1, "note": null, "source": "静岡県 クマ出没マップ (https://www.pref.shizuoka.jp/kurashikankyo/shizenkankyo/wild/1017680.html)"}}, {"type": "Feature", "geometry": {"type": "Point", "coordinates": [138.5532447, 35.200301]}, "properties": {"prefecture": "静岡県", "city": "富士宮市", "place": "内房", "date": "2025-10-26", "time": "11:21:00 PM", "count": 1, "note": null, "source": "静岡県 クマ出没マップ (https://www.pref.shizuoka.jp/kurashikankyo/shizenkankyo/wild/1017680.html)"}}, {"type": "Feature", "geometry": {"type": "Point", "coordinates": [138.3609562, 35.1937556]}, "properties": {"prefecture": "静岡県", "city": "静岡市葵区", "place": "渡", "date": "2025-10-27", "time": "6:00:00 PM", "count": 1, "note": null, "source": "静岡県 クマ出没マップ (https://www.pref.shizuoka.jp/kurashikankyo/shizenkankyo/wild/1017680.html)"}}, {"type": "Feature", "geometry": {"type": "Point", "coordinates": [138.8004923, 35.284348]}, "properties": {"prefecture": "静岡県", "city": "裾野市", "place": "須山", "date": "2025-10-28", "time": "5:00:00 PM", "count": 1, "note": "クマらしき動物", "source": "静岡県 クマ出没マップ (https://www.pref.shizuoka.jp/kurashikankyo/shizenkankyo/wild/1017680.html)"}}, {"type": "Feature", "geometry": {"type": "Point", "coordinates": [138.1504086, 35.0782106]}, "properties": {"prefecture": "静岡県", "city": "川根本町", "place": "青部", "date": "2025-10-28", "time": "3:30:00 PM", "count": 1, "note": null, "source": "静岡県 クマ出没マップ (https://www.pref.shizuoka.jp/kurashikankyo/shizenkankyo/wild/1017680.html)"}}, {"type": "Feature", "geometry": {"type": "Point", "coordinates": [138.9688364, 35.3633924]}, "properties": {"prefecture": "静岡県", "city": "小山町", "place": "湯船", "date": "2025-10-29", "time": "6:00:00 AM", "count": 1, "note": null, "source": "静岡県 クマ出没マップ (https://www.pref.shizuoka.jp/kurashikankyo/shizenkankyo/wild/1017680.html)"}}, {"type": "Feature", "geometry": {"type": "Point", "coordinates": [137.9147529, 34.8371336]}, "properties": {"prefecture": "静岡県", "city": "森町", "place": "橘", "date": "2025-10-29", "time": "12:44:00 PM", "count": 1, "note": null, "source": "静岡県 クマ出没マップ (https://www.pref.shizuoka.jp/kurashikankyo/shizenkankyo/wild/1017680.html)"}}, {"type": "Feature", "geometry": {"type": "Point", "coordinates": [138.4396906, 35.0642742]}, "properties": {"prefecture": "静岡県", "city": "静岡市清水区", "place": "伊佐布", "date": "2025-10-30", "time": "", "count": 1, "note": null, "source": "静岡県 クマ出没マップ (https://www.pref.shizuoka.jp/kurashikankyo/shizenkankyo/wild/1017680.html)"}}, {"type": "Feature", "geometry": {"type": "Point", "coordinates": [137.8467111, 35.0223484]}, "properties": {"prefecture": "静岡県", "city": "浜松市天竜区", "place": "龍山町下平山", "date": "2025-10-30", "time": "8:30:00 AM", "count": 1, "note": null, "source": "静岡県 クマ出没マップ (https://www.pref.shizuoka.jp/kurashikankyo/shizenkankyo/wild/1017680.html)"}}, {"type": "Feature", "geometry": {"type": "Point", "coordinates": [138.3796161, 35.1102114]}, "properties": {"prefecture": "静岡県", "city": "静岡市葵区", "place": "俵峰", "date": "2025-10-30", "time": "7:10:00 PM", "count": 1, "note": null, "source": "静岡県 クマ出没マップ (https://www.pref.shizuoka.jp/kurashikankyo/shizenkankyo/wild/1017680.html)"}}, {"type": "Feature", "geometry": {"type": "Point", "coordinates": [138.5404312, 35.2264828]}, "properties": {"prefecture": "静岡県", "city": "富士宮市", "place": "下稲子", "date": "2025-10-30", "time": "6:50:00 PM", "count": 1, "note": null, "source": "静岡県 クマ出没マップ (https://www.pref.shizuoka.jp/kurashikankyo/shizenkankyo/wild/1017680.html)"}}, {"type": "Feature", "geometry": {"type": "Point", "coordinates": [138.5444315, 35.2013641]}, "properties": {"prefecture": "静岡県", "city": "富士宮市", "place": "内房", "date": "2025-10-30", "time": "7:40:00 PM", "count": 1, "note": null, "source": "静岡県 クマ出没マップ (https://www.pref.shizuoka.jp/kurashikankyo/shizenkankyo/wild/1017680.html)"}}, {"type": "Feature", "geometry": {"type": "Point", "coordinates": [138.5761228, 35.1996146]}, "properties": {"prefecture": "静岡県", "city": "富士宮市", "place": "羽鮒", "date": "2025-10-30", "time": "7:00:00 AM", "count": 1, "note": null, "source": "静岡県 クマ出没マップ (https://www.pref.shizuoka.jp/kurashikankyo/shizenkankyo/wild/1017680.html)"}}, {"type": "Feature", "geometry": {"type": "Point", "coordinates": [138.7621021, 35.3090362]}, "properties": {"prefecture": "静岡県", "city": "裾野市", "place": "須山", "date": "2025-10-30", "time": "2:40:00 PM", "count": 1, "note": "クマらしき動物", "source": "静岡県 クマ出没マップ (https://www.pref.shizuoka.jp/kurashikankyo/shizenkankyo/wild/1017680.html)"}}, {"type": "Feature", "geometry": {"type": "Point", "coordinates": [137.9679246, 34.9984539]}, "properties": {"prefecture": "静岡県", "city": "浜松市天竜区", "place": "春野町越木平", "date": "2025-10-31", "time": "10:40:00 AM", "count": 1, "note": null, "source": "静岡県 クマ出没マップ (https://www.pref.shizuoka.jp/kurashikankyo/shizenkankyo/wild/1017680.html)"}}, {"type": "Feature", "geometry": {"type": "Point", "coordinates": [138.5738088, 35.1962653]}, "properties": {"prefecture": "静岡県", "city": "富士宮市", "place": "羽鮒", "date": "2025-11-01", "time": "7:18:00 AM", "count": 1, "note": null, "source": "静岡県 クマ出没マップ (https://www.pref.shizuoka.jp/kurashikankyo/shizenkankyo/wild/1017680.html)"}}, {"type": "Feature", "geometry": {"type": "Point", "coordinates": [137.8867028, 35.0734276]}, "properties": {"prefecture": "静岡県", "city": "浜松市天竜区", "place": "春野町豊岡", "date": "2025-11-01", "time": "8:10:00 AM", "count": 1, "note": null, "source": "静岡県 クマ出没マップ (https://www.pref.shizuoka.jp/kurashikankyo/shizenkankyo/wild/1017680.html)"}}, {"type": "Feature", "geometry": {"type": "Point", "coordinates": [138.5423299, 35.1175109]}, "properties": {"prefecture": "静岡県", "city": "静岡市清水区", "place": "由比阿僧", "date": "2025-11-02", "time": "1:30:00 PM", "count": 1, "note": "浜石岳白井沢コースの公衆トイレ付近", "source": "静岡県 クマ出没マップ (https://www.pref.shizuoka.jp/kurashikankyo/shizenkankyo/wild/1017680.html)"}}, {"type": "Feature", "geometry": {"type": "Point", "coordinates": [137.8211196, 34.9043328]}, "properties": {"prefecture": "静岡県", "city": "浜松市天竜区", "place": "相津", "date": "2025-11-01", "time": "7:00:00 AM", "count": 1, "note": null, "source": "静岡県 クマ出没マップ (https://www.pref.shizuoka.jp/kurashikankyo/shizenkankyo/wild/1017680.html)"}}, {"type": "Feature", "geometry": {"type": "Point", "coordinates": [137.7417858, 34.9223826]}, "properties": {"prefecture": "静岡県", "city": "浜松市天竜区", "place": "長沢", "date": "2025-11-03", "time": "4:05:00 PM", "count": 1, "note": "クマらしき動物の足跡", "source": "静岡県 クマ出没マップ (https://www.pref.shizuoka.jp/kurashikankyo/shizenkankyo/wild/1017680.html)"}}, {"type": "Feature", "geometry": {"type": "Point", "coordinates": [137.7969013, 34.8720107]}, "properties": {"prefecture": "静岡県", "city": "浜松市天竜区", "place": "緑恵台", "date": "2025-11-04", "time": "5:30:00 PM", "count": 2, "note": null, "source": "静岡県 クマ出没マップ (https://www.pref.shizuoka.jp/kurashikankyo/shizenkankyo/wild/1017680.html)"}}, {"type": "Feature", "geometry": {"type": "Point", "coordinates": [138.0510391, 34.9999704]}, "properties": {"prefecture": "静岡県", "city": "川根本町", "place": "久野脇", "date": "2025-11-04", "time": "7:45:00 AM", "count": 1, "note": null, "source": "静岡県 クマ出没マップ (https://www.pref.shizuoka.jp/kurashikankyo/shizenkankyo/wild/1017680.html)"}}, {"type": "Feature", "geometry": {"type": "Point", "coordinates": [138.8493477, 35.2553789]}, "properties": {"prefecture": "静岡県", "city": "裾野市", "place": "須山", "date": "2025-11-05", "time": "4:40:00 PM", "count": 1, "note": null, "source": "静岡県 クマ出没マップ (https://www.pref.shizuoka.jp/kurashikankyo/shizenkankyo/wild/1017680.html)"}}, {"type": "Feature", "geometry": {"type": "Point", "coordinates": [137.8244753, 34.8579635]}, "properties": {"prefecture": "静岡県", "city": "浜松市天竜区", "place": "二俣町阿蔵", "date": "2025-11-06", "time": "4:30:00 AM", "count": 2, "note": "他の動物の可能性あり", "source": "静岡県 クマ出没マップ (https://www.pref.shizuoka.jp/kurashikankyo/shizenkankyo/wild/1017680.html)"}}, {"type": "Feature", "geometry": {"type": "Point", "coordinates": [138.4457173, 35.0591826]}, "properties": {"prefecture": "静岡県", "city": "静岡市清水区", "place": "梅ヶ谷", "date": "2025-11-09", "time": "11:00:00 AM", "count": 1, "note": null, "source": "静岡県 クマ出没マップ (https://www.pref.shizuoka.jp/kurashikankyo/shizenkankyo/wild/1017680.html)"}}, {"type": "Feature", "geometry": {"type": "Point", "coordinates": [137.8432873, 34.8932142]}, "properties": {"prefecture": "静岡県", "city": "浜松市天竜区", "place": "山東", "date": "2025-11-10", "time": "10:00:00 PM", "count": 2, "note": "他の動物の可能性あり", "source": "静岡県 クマ出没マップ (https://www.pref.shizuoka.jp/kurashikankyo/shizenkankyo/wild/1017680.html)"}}, {"type": "Feature", "geometry": {"type": "Point", "coordinates": [137.7153593, 34.8890455]}, "properties": {"prefecture": "静岡県", "city": "浜松市浜名区", "place": "引佐町東久留女木", "date": "2025-11-12", "time": "7:40:00 PM", "count": 1, "note": null, "source": "静岡県 クマ出没マップ (https://www.pref.shizuoka.jp/kurashikankyo/shizenkankyo/wild/1017680.html)"}}, {"type": "Feature", "geometry": {"type": "Point", "coordinates": [138.5179668, 35.0931535]}, "properties": {"prefecture": "静岡県", "city": "静岡市清水区", "place": "立花", "date": "2025-11-12", "time": "5:00:00 PM", "count": 1, "note": null, "source": "静岡県 クマ出没マップ (https://www.pref.shizuoka.jp/kurashikankyo/shizenkankyo/wild/1017680.html)"}}, {"type": "Feature", "geometry": {"type": "Point", "coordinates": [138.5735349, 35.2092701]}, "properties": {"prefecture": "静岡県", "city": "富士宮市", "place": "羽鮒", "date": "2025-11-12", "time": "12:00:00 PM", "count": 1, "note": null, "source": "静岡県 クマ出没マップ (https://www.pref.shizuoka.jp/kurashikankyo/shizenkankyo/wild/1017680.html)"}}, {"type": "Feature", "geometry": {"type": "Point", "coordinates": [138.5713005, 35.3124327]}, "properties": {"prefecture": "静岡県", "city": "富士宮市", "place": "佐折", "date": "2025-11-13", "time": "7:00:00 AM", "count": 1, "note": null, "source": "静岡県 クマ出没マップ (https://www.pref.shizuoka.jp/kurashikankyo/shizenkankyo/wild/1017680.html)"}}, {"type": "Feature", "geometry": {"type": "Point", "coordinates": [138.6417418, 35.2338465]}, "properties": {"prefecture": "静岡県", "city": "富士宮市", "place": "大岩", "date": "2025-11-13", "time": "4:15:00 PM", "count": 1, "note": null, "source": "静岡県 クマ出没マップ (https://www.pref.shizuoka.jp/kurashikankyo/shizenkankyo/wild/1017680.html)"}}, {"type": "Feature", "geometry": {"type": "Point", "coordinates": [138.6525795, 35.2491805]}, "properties": {"prefecture": "静岡県", "city": "富士宮市", "place": "村山", "date": "2025-11-13", "time": "5:50:00 PM", "count": 1, "note": null, "source": "静岡県 クマ出没マップ (https://www.pref.shizuoka.jp/kurashikankyo/shizenkankyo/wild/1017680.html)"}}, {"type": "Feature", "geometry": {"type": "Point", "coordinates": [138.6521276, 35.2373366]}, "properties": {"prefecture": "静岡県", "city": "富士宮市", "place": "小泉", "date": "2025-11-13", "time": "7:37:00 PM", "count": 1, "note": "クマらしき動物", "source": "静岡県 クマ出没マップ (https://www.pref.shizuoka.jp/kurashikankyo/shizenkankyo/wild/1017680.html)"}}, {"type": "Feature", "geometry": {"type": "Point", "coordinates": [138.8035516, 35.3075276]}, "properties": {"prefecture": "静岡県", "city": "御殿場市", "place": "印野", "date": "2025-11-13", "time": "12:30:00 PM", "count": 1, "note": null, "source": "静岡県 クマ出没マップ (https://www.pref.shizuoka.jp/kurashikankyo/shizenkankyo/wild/1017680.html)"}}, {"type": "Feature", "geometry": {"type": "Point", "coordinates": [137.8424457, 35.1286329]}, "properties": {"prefecture": "静岡県", "city": "浜松市天竜区", "place": "佐久間町奥領家", "date": "2025-11-14", "time": "4:30:00 AM", "count": 1, "note": null, "source": "静岡県 クマ出没マップ (https://www.pref.shizuoka.jp/kurashikankyo/shizenkankyo/wild/1017680.html)"}}, {"type": "Feature", "geometry": {"type": "Point", "coordinates": [138.7652084, 35.2923848]}, "properties": {"prefecture": "静岡県", "city": "裾野市", "place": "須山", "date": "2025-11-14", "time": "3:45:00 PM", "count": 1, "note": null, "source": "静岡県 クマ出没マップ (https://www.pref.shizuoka.jp/kurashikankyo/shizenkankyo/wild/1017680.html)"}}, {"type": "Feature", "geometry": {"type": "Point", "coordinates": [138.5893718, 35.3215953]}, "properties": {"prefecture": "静岡県", "city": "富士宮市", "place": "上井出", "date": "2025-11-14", "time": "2:20:00 PM", "count": 1, "note": null, "source": "静岡県 クマ出没マップ (https://www.pref.shizuoka.jp/kurashikankyo/shizenkankyo/wild/1017680.html)"}}, {"type": "Feature", "geometry": {"type": "Point", "coordinates": [138.5325544, 35.1176243]}, "properties": {"prefecture": "静岡県", "city": "静岡市清水区", "place": "由比阿僧", "date": "2025-11-14", "time": "11:00:00 AM", "count": 1, "note": "浜石岳山頂付近", "source": "静岡県 クマ出没マップ (https://www.pref.shizuoka.jp/kurashikankyo/shizenkankyo/wild/1017680.html)"}}, {"type": "Feature", "geometry": {"type": "Point", "coordinates": [137.8577557, 35.0515382]}, "properties": {"prefecture": "静岡県", "city": "浜松市天竜区", "place": "佐久間町上平山", "date": "2025-11-15", "time": "10:00:00 AM", "count": 2, "note": null, "source": "静岡県 クマ出没マップ (https://www.pref.shizuoka.jp/kurashikankyo/shizenkankyo/wild/1017680.html)"}}, {"type": "Feature", "geometry": {"type": "Point", "coordinates": [138.3642469, 35.054499]}, "properties": {"prefecture": "静岡県", "city": "静岡市葵区", "place": "油山", "date": "2025-11-15", "time": "10:00:00 AM", "count": 2, "note": null, "source": "静岡県 クマ出没マップ (https://www.pref.shizuoka.jp/kurashikankyo/shizenkankyo/wild/1017680.html)"}}, {"type": "Feature", "geometry": {"type": "Point", "coordinates": [137.7569734, 34.8973657]}, "properties": {"prefecture": "静岡県", "city": "浜松市天竜区", "place": "石神", "date": "2025-11-16", "time": "7:20:00 PM", "count": 1, "note": "他の動物の可能性あり", "source": "静岡県 クマ出没マップ (https://www.pref.shizuoka.jp/kurashikankyo/shizenkankyo/wild/1017680.html)"}}, {"type": "Feature", "geometry": {"type": "Point", "coordinates": [137.8177164, 34.8583039]}, "properties": {"prefecture": "静岡県", "city": "浜松市天竜区", "place": "二俣町二俣", "date": "2025-11-16", "time": "9:00:00 PM", "count": 1, "note": "他の動物の可能性あり", "source": "静岡県 クマ出没マップ (https://www.pref.shizuoka.jp/kurashikankyo/shizenkankyo/wild/1017680.html)"}}, {"type": "Feature", "geometry": {"type": "Point", "coordinates": [138.2306968, 35.1025246]}, "properties": {"prefecture": "静岡県", "city": "静岡市葵区", "place": "湯ノ島", "date": "2025-11-16", "time": "4:30:00 PM", "count": 1, "note": null, "source": "静岡県 クマ出没マップ (https://www.pref.shizuoka.jp/kurashikankyo/shizenkankyo/wild/1017680.html)"}}, {"type": "Feature", "geometry": {"type": "Point", "coordinates": [138.7657602, 35.3059098]}, "properties": {"prefecture": "静岡県", "city": "裾野市", "place": "須山", "date": "2025-11-17", "time": "5:50:00 PM", "count": 1, "note": "クマらしき動物", "source": "静岡県 クマ出没マップ (https://www.pref.shizuoka.jp/kurashikankyo/shizenkankyo/wild/1017680.html)"}}, {"type": "Feature", "geometry": {"type": "Point", "coordinates": [138.575527, 35.1988396]}, "properties": {"prefecture": "静岡県", "city": "富士宮市", "place": "羽鮒", "date": "2025-11-17", "time": "2:25:00 PM", "count": 1, "note": null, "source": "静岡県 クマ出没マップ (https://www.pref.shizuoka.jp/kurashikankyo/shizenkankyo/wild/1017680.html)"}}, {"type": "Feature", "geometry": {"type": "Point", "coordinates": [138.7701232, 35.3040252]}, "properties": {"prefecture": "静岡県", "city": "裾野市", "place": "須山", "date": "2025-11-18", "time": "12:30:00 PM", "count": 1, "note": "クマらしき動物", "source": "静岡県 クマ出没マップ (https://www.pref.shizuoka.jp/kurashikankyo/shizenkankyo/wild/1017680.html)"}}, {"type": "Feature", "geometry": {"type": "Point", "coordinates": [137.7545739, 34.8209255]}, "properties": {"prefecture": "静岡県", "city": "浜松市浜名区", "place": "都田町", "date": "2025-11-18", "time": "9:50:00 AM", "count": 1, "note": "大型の黒い動物（カモシカの可能性あり）", "source": "静岡県 クマ出没マップ (https://www.pref.shizuoka.jp/kurashikankyo/shizenkankyo/wild/1017680.html)"}}, {"type": "Feature", "geometry": {"type": "Point", "coordinates": [138.7828727, 35.2554863]}, "properties": {"prefecture": "静岡県", "city": "裾野市", "place": "須山", "date": "2025-11-20", "time": "4:20:00 PM", "count": 1, "note": null, "source": "静岡県 クマ出没マップ (https://www.pref.shizuoka.jp/kurashikankyo/shizenkankyo/wild/1017680.html)"}}, {"type": "Feature", "geometry": {"type": "Point", "coordinates": [137.8132282, 34.8985251]}, "properties": {"prefecture": "静岡県", "city": "浜松市天竜区", "place": "船明", "date": "2025-11-20", "time": "2:30:00 PM", "count": 1, "note": "他の動物の可能性あり", "source": "静岡県 クマ出没マップ (https://www.pref.shizuoka.jp/kurashikankyo/shizenkankyo/wild/1017680.html)"}}, {"type": "Feature", "geometry": {"type": "Point", "coordinates": [138.5878946, 35.3227897]}, "properties": {"prefecture": "静岡県", "city": "富士宮市", "place": "上井出", "date": "2025-11-20", "time": "2:45:00 PM", "count": 1, "note": null, "source": "静岡県 クマ出没マップ (https://www.pref.shizuoka.jp/kurashikankyo/shizenkankyo/wild/1017680.html)"}}, {"type": "Feature", "geometry": {"type": "Point", "coordinates": [138.8250722, 35.2578823]}, "properties": {"prefecture": "静岡県", "city": "裾野市", "place": "須山", "date": "2025-11-21", "time": "4:10:00 PM", "count": 1, "note": null, "source": "静岡県 クマ出没マップ (https://www.pref.shizuoka.jp/kurashikankyo/shizenkankyo/wild/1017680.html)"}}, {"type": "Feature", "geometry": {"type": "Point", "coordinates": [138.5910539, 35.3203182]}, "properties": {"prefecture": "静岡県", "city": "富士宮市", "place": "上井出", "date": "2025-11-22", "time": "2:30:00 PM", "count": 1, "note": null, "source": "静岡県 クマ出没マップ (https://www.pref.shizuoka.jp/kurashikankyo/shizenkankyo/wild/1017680.html)"}}, {"type": "Feature", "geometry": {"type": "Point", "coordinates": [138.4257915, 35.0152081]}, "properties": {"prefecture": "静岡県", "city": "静岡市葵区", "place": "瀬名", "date": "2025-11-23", "time": "1:00:00 PM", "count": 1, "note": null, "source": "静岡県 クマ出没マップ (https://www.pref.shizuoka.jp/kurashikankyo/shizenkankyo/wild/1017680.html)"}}, {"type": "Feature", "geometry": {"type": "Point", "coordinates": [137.8173167, 34.8682296]}, "properties": {"prefecture": "静岡県", "city": "浜松市天竜区", "place": "山東", "date": "2025-11-21", "time": "8:30:00 AM", "count": 1, "note": "他の動物の可能性あり", "source": "静岡県 クマ出没マップ (https://www.pref.shizuoka.jp/kurashikankyo/shizenkankyo/wild/1017680.html)"}}, {"type": "Feature", "geometry": {"type": "Point", "coordinates": [137.801579, 34.8704586]}, "properties": {"prefecture": "静岡県", "city": "浜松市天竜区", "place": "渡ケ島", "date": "2025-11-21", "time": "11:30:00 AM", "count": 1, "note": "他の動物の可能性あり", "source": "静岡県 クマ出没マップ (https://www.pref.shizuoka.jp/kurashikankyo/shizenkankyo/wild/1017680.html)"}}, {"type": "Feature", "geometry": {"type": "Point", "coordinates": [138.3275517, 35.2719662]}, "properties": {"prefecture": "静岡県", "city": "静岡市葵区", "place": "梅ヶ島", "date": "2025-11-23", "time": "3:00:00 PM", "count": 1, "note": null, "source": "静岡県 クマ出没マップ (https://www.pref.shizuoka.jp/kurashikankyo/shizenkankyo/wild/1017680.html)"}}, {"type": "Feature", "geometry": {"type": "Point", "coordinates": [137.6525274, 34.8713722]}, "properties": {"prefecture": "静岡県", "city": "浜松市浜名区", "place": "伊平", "date": "2025-11-23", "time": "5:10:00 PM", "count": 1, "note": null, "source": "静岡県 クマ出没マップ (https://www.pref.shizuoka.jp/kurashikankyo/shizenkankyo/wild/1017680.html)"}}, {"type": "Feature", "geometry": {"type": "Point", "coordinates": [138.4224225, 35.0413341]}, "properties": {"prefecture": "静岡県", "city": "静岡市葵区", "place": "北沼上", "date": "2025-11-27", "time": "9:00:00 PM", "count": 1, "note": null, "source": "静岡県 クマ出没マップ (https://www.pref.shizuoka.jp/kurashikankyo/shizenkankyo/wild/1017680.html)"}}, {"type": "Feature", "geometry": {"type": "Point", "coordinates": [138.4991685, 35.058824]}, "properties": {"prefecture": "静岡県", "city": "静岡市清水区", "place": "広瀬", "date": "2025-12-01", "time": "7:00:00 AM", "count": 1, "note": null, "source": "静岡県 クマ出没マップ (https://www.pref.shizuoka.jp/kurashikankyo/shizenkankyo/wild/1017680.html)"}}, {"type": "Feature", "geometry": {"type": "Point", "coordinates": [137.6749295, 34.821064]}, "properties": {"prefecture": "静岡県", "city": "浜松市浜名区", "place": "引佐町金指", "date": "2025-12-01", "time": "9:10:00 AM", "count": 2, "note": null, "source": "静岡県 クマ出没マップ (https://www.pref.shizuoka.jp/kurashikankyo/shizenkankyo/wild/1017680.html)"}}, {"type": "Feature", "geometry": {"type": "Point", "coordinates": [138.3302302, 34.9506605]}, "properties": {"prefecture": "静岡県", "city": "静岡市駿河区", "place": "丸子", "date": "2025-12-03", "time": "3:40:00 PM", "count": 1, "note": null, "source": "静岡県 クマ出没マップ (https://www.pref.shizuoka.jp/kurashikankyo/shizenkankyo/wild/1017680.html)"}}, {"type": "Feature", "geometry": {"type": "Point", "coordinates": [138.0722952, 35.0537358]}, "properties": {"prefecture": "静岡県", "city": "川根本町", "place": "上長尾", "date": "2025-12-02", "time": "5:15:00 AM", "count": 1, "note": null, "source": "静岡県 クマ出没マップ (https://www.pref.shizuoka.jp/kurashikankyo/shizenkankyo/wild/1017680.html)"}}, {"type": "Feature", "geometry": {"type": "Point", "coordinates": [138.5522681, 35.1354591]}, "properties": {"prefecture": "静岡県", "city": "静岡市清水区", "place": "由比入山", "date": "2025-12-03", "time": "10:00:00 AM", "count": 1, "note": null, "source": "静岡県 クマ出没マップ (https://www.pref.shizuoka.jp/kurashikankyo/shizenkankyo/wild/1017680.html)"}}, {"type": "Feature", "geometry": {"type": "Point", "coordinates": [137.740632, 34.8374988]}, "properties": {"prefecture": "静岡県", "city": "浜松市浜名区", "place": "都田町", "date": "2025-12-03", "time": "7:30:00 AM", "count": 2, "note": null, "source": "静岡県 クマ出没マップ (https://www.pref.shizuoka.jp/kurashikankyo/shizenkankyo/wild/1017680.html)"}}, {"type": "Feature", "geometry": {"type": "Point", "coordinates": [138.5917061, 35.1221239]}, "properties": {"prefecture": "静岡県", "city": "静岡市清水区", "place": "蒲原小金", "date": "2025-12-04", "time": "4:00:00 PM", "count": 1, "note": null, "source": "静岡県 クマ出没マップ (https://www.pref.shizuoka.jp/kurashikankyo/shizenkankyo/wild/1017680.html)"}}, {"type": "Feature", "geometry": {"type": "Point", "coordinates": [137.6408411, 34.7828132]}, "properties": {"prefecture": "静岡県", "city": "浜松市浜名区", "place": "細江町気賀", "date": "2025-12-04", "time": "8:00:00 AM", "count": 1, "note": "クマらしき黒い動物", "source": "静岡県 クマ出没マップ (https://www.pref.shizuoka.jp/kurashikankyo/shizenkankyo/wild/1017680.html)"}}, {"type": "Feature", "geometry": {"type": "Point", "coordinates": [137.6375371, 34.8130412]}, "properties": {"prefecture": "静岡県", "city": "浜松市浜名区", "place": "細江町気賀", "date": "2025-12-05", "time": "9:30:00 AM", "count": 1, "note": "クマらしき黒い動物", "source": "静岡県 クマ出没マップ (https://www.pref.shizuoka.jp/kurashikankyo/shizenkankyo/wild/1017680.html)"}}, {"type": "Feature", "geometry": {"type": "Point", "coordinates": [138.4137789, 35.1683049]}, "properties": {"prefecture": "静岡県", "city": "静岡市清水区", "place": "大平", "date": "2025-12-07", "time": "10:00:00 AM", "count": 1, "note": null, "source": "静岡県 クマ出没マップ (https://www.pref.shizuoka.jp/kurashikankyo/shizenkankyo/wild/1017680.html)"}}, {"type": "Feature", "geometry": {"type": "Point", "coordinates": [138.4422875, 35.0314289]}, "properties": {"prefecture": "静岡県", "city": "静岡市葵区", "place": "長尾", "date": "2025-12-07", "time": "12:00:00 PM", "count": 1, "note": null, "source": "静岡県 クマ出没マップ (https://www.pref.shizuoka.jp/kurashikankyo/shizenkankyo/wild/1017680.html)"}}, {"type": "Feature", "geometry": {"type": "Point", "coordinates": [137.6978208, 34.8155973]}, "properties": {"prefecture": "静岡県", "city": "浜松市浜名区", "place": "細江町中川", "date": "2025-12-08", "time": "5:00:00 PM", "count": 1, "note": "黒い動物", "source": "静岡県 クマ出没マップ (https://www.pref.shizuoka.jp/kurashikankyo/shizenkankyo/wild/1017680.html)"}}, {"type": "Feature", "geometry": {"type": "Point", "coordinates": [138.8721054, 35.3621927]}, "properties": {"prefecture": "静岡県", "city": "小山町", "place": "須走", "date": "2025-12-10", "time": "6:25:00 AM", "count": 1, "note": null, "source": "静岡県 クマ出没マップ (https://www.pref.shizuoka.jp/kurashikankyo/shizenkankyo/wild/1017680.html)"}}, {"type": "Feature", "geometry": {"type": "Point", "coordinates": [138.14595, 35.1370414]}, "properties": {"prefecture": "静岡県", "city": "川根本町", "place": "奥泉", "date": "2025-12-10", "time": "9:00:00 PM", "count": 1, "note": null, "source": "静岡県 クマ出没マップ (https://www.pref.shizuoka.jp/kurashikankyo/shizenkankyo/wild/1017680.html)"}}, {"type": "Feature", "geometry": {"type": "Point", "coordinates": [137.9209785, 35.1963983]}, "properties": {"prefecture": "静岡県", "city": "浜松市天竜区", "place": "水窪町領家", "date": "2025-12-12", "time": "9:30:00 AM", "count": 1, "note": "クマらしき動物", "source": "静岡県 クマ出没マップ (https://www.pref.shizuoka.jp/kurashikankyo/shizenkankyo/wild/1017680.html)"}}, {"type": "Feature", "geometry": {"type": "Point", "coordinates": [137.8057396, 34.8519183]}, "properties": {"prefecture": "静岡県", "city": "浜松市天竜区", "place": "二俣町鹿島", "date": "2025-12-12", "time": "3:40:00 PM", "count": 1, "note": "クマらしき動物", "source": "静岡県 クマ出没マップ (https://www.pref.shizuoka.jp/kurashikankyo/shizenkankyo/wild/1017680.html)"}}, {"type": "Feature", "geometry": {"type": "Point", "coordinates": [138.6038407, 35.1213875]}, "properties": {"prefecture": "静岡県", "city": "静岡市清水区", "place": "蒲原", "date": "2025-12-16", "time": "11:00:00 AM", "count": 1, "note": null, "source": "静岡県 クマ出没マップ (https://www.pref.shizuoka.jp/kurashikankyo/shizenkankyo/wild/1017680.html)"}}, {"type": "Feature", "geometry": {"type": "Point", "coordinates": [137.8456204, 34.9631991]}, "properties": {"prefecture": "静岡県", "city": "松市天竜区", "place": "龍山町戸倉", "date": "2025-12-17", "time": "1:30:00 PM", "count": 1, "note": null, "source": "静岡県 クマ出没マップ (https://www.pref.shizuoka.jp/kurashikankyo/shizenkankyo/wild/1017680.html)"}}, {"type": "Feature", "geometry": {"type": "Point", "coordinates": [137.8910212, 35.2062842]}, "properties": {"prefecture": "静岡県", "city": "浜松市天竜区", "place": "水窪町奥領家", "date": "2025-12-17", "time": "3:00:00 PM", "count": 2, "note": "クマらしき動物", "source": "静岡県 クマ出没マップ (https://www.pref.shizuoka.jp/kurashikankyo/shizenkankyo/wild/1017680.html)"}}, {"type": "Feature", "geometry": {"type": "Point", "coordinates": [138.1757701, 35.1652868]}, "properties": {"prefecture": "静岡県", "city": "川根本町", "place": "犬間", "date": "2025-12-17", "time": "8:15:00 AM", "count": 1, "note": null, "source": "静岡県 クマ出没マップ (https://www.pref.shizuoka.jp/kurashikankyo/shizenkankyo/wild/1017680.html)"}}, {"type": "Feature", "geometry": {"type": "Point", "coordinates": [137.8440037, 35.0272016]}, "properties": {"prefecture": "静岡県", "city": "浜松市天竜区", "place": "龍山町瀬尻", "date": "2025-12-23", "time": "2:30:00 PM", "count": 1, "note": "クマらしき動物", "source": "静岡県 クマ出没マップ (https://www.pref.shizuoka.jp/kurashikankyo/shizenkankyo/wild/1017680.html)"}}, {"type": "Feature", "geometry": {"type": "Point", "coordinates": [137.8962548, 34.9624706]}, "properties": {"prefecture": "静岡県", "city": "浜松市天竜区", "place": "春野町堀之内", "date": "2025-12-23", "time": "11:27:00 PM", "count": 2, "note": null, "source": "静岡県 クマ出没マップ (https://www.pref.shizuoka.jp/kurashikankyo/shizenkankyo/wild/1017680.html)"}}, {"type": "Feature", "geometry": {"type": "Point", "coordinates": [138.0548631, 34.7739022]}, "properties": {"prefecture": "静岡県", "city": "掛川市", "place": "満水", "date": "2025-12-24", "time": "", "count": 1, "note": "12/29同一個体とみられるクマの死骸（事故死)発見", "source": "静岡県 クマ出没マップ (https://www.pref.shizuoka.jp/kurashikankyo/shizenkankyo/wild/1017680.html)"}}, {"type": "Feature", "geometry": {"type": "Point", "coordinates": [138.6163929, 35.3169934]}, "properties": {"prefecture": "静岡県", "city": "富士宮市", "place": "北山", "date": "2025-12-15", "time": "8:20:00 AM", "count": 1, "note": null, "source": "静岡県 クマ出没マップ (https://www.pref.shizuoka.jp/kurashikankyo/shizenkankyo/wild/1017680.html)"}}, {"type": "Feature", "geometry": {"type": "Point", "coordinates": [138.1458525, 35.1353445]}, "properties": {"prefecture": "静岡県", "city": "川根本町", "place": "奥泉", "date": "2025-12-18", "time": "10:00:00 PM", "count": 1, "note": null, "source": "静岡県 クマ出没マップ (https://www.pref.shizuoka.jp/kurashikankyo/shizenkankyo/wild/1017680.html)"}}, {"type": "Feature", "geometry": {"type": "Point", "coordinates": [138.3499204, 35.241797]}, "properties": {"prefecture": "静岡県", "city": "静岡市葵区", "place": "梅ヶ島", "date": "2025-12-27", "time": "10:00:00 AM", "count": 1, "note": null, "source": "静岡県 クマ出没マップ (https://www.pref.shizuoka.jp/kurashikankyo/shizenkankyo/wild/1017680.html)"}}, {"type": "Feature", "geometry": {"type": "Point", "coordinates": [138.4981352, 35.0574424]}, "properties": {"prefecture": "静岡県", "city": "静岡市清水区", "place": "広瀬", "date": "2025-12-27", "time": "5:30:00 PM", "count": 1, "note": null, "source": "静岡県 クマ出没マップ (https://www.pref.shizuoka.jp/kurashikankyo/shizenkankyo/wild/1017680.html)"}}, {"type": "Feature", "geometry": {"type": "Point", "coordinates": [138.0850322, 34.7655586]}, "properties": {"prefecture": "静岡県", "city": "菊川市", "place": "堀之内", "date": "2025-12-27", "time": "", "count": 1, "note": "12/29同一個体とみられるクマの死骸（事故死)発見", "source": "静岡県 クマ出没マップ (https://www.pref.shizuoka.jp/kurashikankyo/shizenkankyo/wild/1017680.html)"}}, {"type": "Feature", "geometry": {"type": "Point", "coordinates": [138.3287475, 35.2670131]}, "properties": {"prefecture": "静岡県", "city": "静岡市葵区", "place": "梅ヶ島", "date": "2025-12-31", "time": "3:45:00 PM", "count": 1, "note": null, "source": "静岡県 クマ出没マップ (https://www.pref.shizuoka.jp/kurashikankyo/shizenkankyo/wild/1017680.html)"}}, {"type": "Feature", "geometry": {"type": "Point", "coordinates": [139.041236, 35.1114334]}, "properties": {"prefecture": "静岡県", "city": "熱海市", "place": "熱海", "date": "2025-12-31", "time": "11:30:00 AM", "count": 1, "note": "12/31捕獲", "source": "静岡県 クマ出没マップ (https://www.pref.shizuoka.jp/kurashikankyo/shizenkankyo/wild/1017680.html)"}}, {"type": "Feature", "geometry": {"type": "Point", "coordinates": [138.4044919, 35.0893151]}, "properties": {"prefecture": "静岡県", "city": "静岡市葵区", "place": "平山", "date": "2026-01-03", "time": "2:55:00 PM", "count": 1, "note": null, "source": "静岡県 クマ出没マップ (https://www.pref.shizuoka.jp/kurashikankyo/shizenkankyo/wild/1017680.html)"}}, {"type": "Feature", "geometry": {"type": "Point", "coordinates": [138.626558, 35.3043111]}, "properties": {"prefecture": "静岡県", "city": "富士宮市", "place": "北山", "date": "2026-01-06", "time": "6:35:00 PM", "count": 1, "note": null, "source": "静岡県 クマ出没マップ (https://www.pref.shizuoka.jp/kurashikankyo/shizenkankyo/wild/1017680.html)"}}, {"type": "Feature", "geometry": {"type": "Point", "coordinates": [139.0380029, 35.1241027]}, "properties": {"prefecture": "静岡県", "city": "函南町", "place": "桑原", "date": "2026-01-07", "time": "", "count": 1, "note": "クマらしき黒い動物", "source": "静岡県 クマ出没マップ (https://www.pref.shizuoka.jp/kurashikankyo/shizenkankyo/wild/1017680.html)"}}, {"type": "Feature", "geometry": {"type": "Point", "coordinates": [137.7515864, 34.8655397]}, "properties": {"prefecture": "静岡県", "city": "浜松市浜名区", "place": "四大地", "date": "2026-01-06", "time": "8:48:00 AM", "count": 1, "note": null, "source": "静岡県 クマ出没マップ (https://www.pref.shizuoka.jp/kurashikankyo/shizenkankyo/wild/1017680.html)"}}, {"type": "Feature", "geometry": {"type": "Point", "coordinates": [138.5848531, 35.3185771]}, "properties": {"prefecture": "静岡県", "city": "富士宮市", "place": "佐折", "date": "2026-01-08", "time": "12:05:00 PM", "count": 1, "note": null, "source": "静岡県 クマ出没マップ (https://www.pref.shizuoka.jp/kurashikankyo/shizenkankyo/wild/1017680.html)"}}, {"type": "Feature", "geometry": {"type": "Point", "coordinates": [138.4808679, 35.06795]}, "properties": {"prefecture": "静岡県", "city": "静岡市清水区", "place": "山切", "date": "2026-01-09", "time": "1:00:00 PM", "count": 1, "note": null, "source": "静岡県 クマ出没マップ (https://www.pref.shizuoka.jp/kurashikankyo/shizenkankyo/wild/1017680.html)"}}, {"type": "Feature", "geometry": {"type": "Point", "coordinates": [137.7449553, 34.8703962]}, "properties": {"prefecture": "静岡県", "city": "浜松市浜名区", "place": "四大地", "date": "2026-01-11", "time": "9:45:00 AM", "count": 1, "note": "黒い動物", "source": "静岡県 クマ出没マップ (https://www.pref.shizuoka.jp/kurashikankyo/shizenkankyo/wild/1017680.html)"}}, {"type": "Feature", "geometry": {"type": "Point", "coordinates": [138.5438345, 35.2014988]}, "properties": {"prefecture": "静岡県", "city": "富士宮市", "place": "内房", "date": "2026-01-14", "time": "7:50:00 AM", "count": 1, "note": null, "source": "静岡県 クマ出没マップ (https://www.pref.shizuoka.jp/kurashikankyo/shizenkankyo/wild/1017680.html)"}}, {"type": "Feature", "geometry": {"type": "Point", "coordinates": [138.5250467, 35.1589421]}, "properties": {"prefecture": "静岡県", "city": "静岡市清水区", "place": "宍原", "date": "2026-01-16", "time": "10:00:00 AM", "count": 1, "note": null, "source": "静岡県 クマ出没マップ (https://www.pref.shizuoka.jp/kurashikankyo/shizenkankyo/wild/1017680.html)"}}, {"type": "Feature", "geometry": {"type": "Point", "coordinates": [138.482545, 35.0653158]}, "properties": {"prefecture": "静岡県", "city": "静岡市清水区", "place": "山切", "date": "2025-01-16", "time": "12:40:00 PM", "count": 1, "note": null, "source": "静岡県 クマ出没マップ (https://www.pref.shizuoka.jp/kurashikankyo/shizenkankyo/wild/1017680.html)"}}, {"type": "Feature", "geometry": {"type": "Point", "coordinates": [138.4436986, 35.0502028]}, "properties": {"prefecture": "静岡県", "city": "静岡市清水区", "place": "梅ヶ谷", "date": "2026-01-31", "time": "4:00:00 PM", "count": 1, "note": "クマと思われる動物", "source": "静岡県 クマ出没マップ (https://www.pref.shizuoka.jp/kurashikankyo/shizenkankyo/wild/1017680.html)"}}, {"type": "Feature", "geometry": {"type": "Point", "coordinates": [138.0874491, 35.0109841]}, "properties": {"prefecture": "静岡県", "city": "川根本町", "place": "瀬平", "date": "2026-02-11", "time": "4:00:00 PM", "count": 1, "note": null, "source": "静岡県 クマ出没マップ (https://www.pref.shizuoka.jp/kurashikankyo/shizenkankyo/wild/1017680.html)"}}, {"type": "Feature", "geometry": {"type": "Point", "coordinates": [138.4980371, 35.0642594]}, "properties": {"prefecture": "静岡県", "city": "静岡市清水区", "place": "広瀬", "date": "2026-02-22", "time": "1:00:00 PM", "count": 2, "note": "子グマ", "source": "静岡県 クマ出没マップ (https://www.pref.shizuoka.jp/kurashikankyo/shizenkankyo/wild/1017680.html)"}}, {"type": "Feature", "geometry": {"type": "Point", "coordinates": [138.4383362, 35.1276279]}, "properties": {"prefecture": "静岡県", "city": "静岡市清水区", "place": "西里", "date": "2026-02-26", "time": "12:00:00 PM", "count": 1, "note": null, "source": "静岡県 クマ出没マップ (https://www.pref.shizuoka.jp/kurashikankyo/shizenkankyo/wild/1017680.html)"}}, {"type": "Feature", "geometry": {"type": "Point", "coordinates": [138.5897968, 35.3207582]}, "properties": {"prefecture": "静岡県", "city": "富士宮市", "place": "上井出", "date": "2026-02-27", "time": "4:55:00 PM", "count": 1, "note": "クマらしき動物", "source": "静岡県 クマ出没マップ (https://www.pref.shizuoka.jp/kurashikankyo/shizenkankyo/wild/1017680.html)"}}, {"type": "Feature", "geometry": {"type": "Point", "coordinates": [138.4720173, 35.0896906]}, "properties": {"prefecture": "静岡県", "city": "静岡市清水区", "place": "杉山", "date": "2026-03-02", "time": "8:30:00 AM", "count": 1, "note": null, "source": "静岡県 クマ出没マップ (https://www.pref.shizuoka.jp/kurashikankyo/shizenkankyo/wild/1017680.html)"}}, {"type": "Feature", "geometry": {"type": "Point", "coordinates": [138.460492, 35.0935583]}, "properties": {"prefecture": "静岡県", "city": "静岡市清水区", "place": "高山", "date": "2026-03-05", "time": "9:15:00 AM", "count": 1, "note": null, "source": "静岡県 クマ出没マップ (https://www.pref.shizuoka.jp/kurashikankyo/shizenkankyo/wild/1017680.html)"}}, {"type": "Feature", "geometry": {"type": "Point", "coordinates": [138.6252706, 35.2095589]}, "properties": {"prefecture": "静岡県", "city": "富士宮市", "place": "黒田", "date": "2026-03-17", "time": "11:00:00 AM", "count": 1, "note": null, "source": "静岡県 クマ出没マップ (https://www.pref.shizuoka.jp/kurashikankyo/shizenkankyo/wild/1017680.html)"}}, {"type": "Feature", "geometry": {"type": "Point", "coordinates": [138.1666119, 35.1654247]}, "properties": {"prefecture": "静岡県", "city": "川根本町", "place": "犬間", "date": "2026-03-18", "time": "1:27:00 PM", "count": 1, "note": null, "source": "静岡県 クマ出没マップ (https://www.pref.shizuoka.jp/kurashikankyo/shizenkankyo/wild/1017680.html)"}}, {"type": "Feature", "geometry": {"type": "Point", "coordinates": [138.5280297, 35.2434933]}, "properties": {"prefecture": "静岡県", "city": "富士宮市", "place": "上稲子", "date": "2026-03-23", "time": "6:40:00 PM", "count": 1, "note": null, "source": "静岡県 クマ出没マップ (https://www.pref.shizuoka.jp/kurashikankyo/shizenkankyo/wild/1017680.html)"}}, {"type": "Feature", "geometry": {"type": "Point", "coordinates": [135.880971, 35.1613999]}, "properties": {"prefecture": "滋賀県", "city": "大津市", "place": "伊香立上龍華町", "date": "2026-09-05", "time": "14:00", "count": null, "note": null, "source": "大津市 ツキノワグマ出没マップ (https://www.city.otsu.lg.jp/soshiki/025/1605/g/t/74581.html)"}}, {"type": "Feature", "geometry": {"type": "Point", "coordinates": [135.9239955, 34.9132902]}, "properties": {"prefecture": "滋賀県", "city": "大津市", "place": "大石東三丁目", "date": "2026-08-24", "time": "19:00", "count": null, "note": "親子グマ　２頭", "source": "大津市 ツキノワグマ出没マップ (https://www.city.otsu.lg.jp/soshiki/025/1605/g/t/74581.html)"}}, {"type": "Feature", "geometry": {"type": "Point", "coordinates": [135.9195166, 34.9226701]}, "properties": {"prefecture": "滋賀県", "city": "大津市", "place": "関津三丁目", "date": "2026-08-08", "time": "02:50", "count": null, "note": null, "source": "大津市 ツキノワグマ出没マップ (https://www.city.otsu.lg.jp/soshiki/025/1605/g/t/74581.html)"}}, {"type": "Feature", "geometry": {"type": "Point", "coordinates": [135.8874531, 35.1369506]}, "properties": {"prefecture": "滋賀県", "city": "大津市", "place": "山百合の丘", "date": "2026-08-04", "time": "22:20", "count": null, "note": "東側に移動", "source": "大津市 ツキノワグマ出没マップ (https://www.city.otsu.lg.jp/soshiki/025/1605/g/t/74581.html)"}}, {"type": "Feature", "geometry": {"type": "Point", "coordinates": [135.8560278, 35.1066026]}, "properties": {"prefecture": "滋賀県", "city": "大津市", "place": "仰木町", "date": "2026-07-30", "time": "07:00", "count": null, "note": "錯誤捕獲", "source": "大津市 ツキノワグマ出没マップ (https://www.city.otsu.lg.jp/soshiki/025/1605/g/t/74581.html)"}}, {"type": "Feature", "geometry": {"type": "Point", "coordinates": [135.9552095, 35.2267837]}, "properties": {"prefecture": "滋賀県", "city": "大津市", "place": "北比良", "date": "2026-07-18", "time": "08:40", "count": null, "note": null, "source": "大津市 ツキノワグマ出没マップ (https://www.city.otsu.lg.jp/soshiki/025/1605/g/t/74581.html)"}}, {"type": "Feature", "geometry": {"type": "Point", "coordinates": [135.9457619, 35.2421606]}, "properties": {"prefecture": "滋賀県", "city": "大津市", "place": "南小松", "date": "2026-07-03", "time": "16:20", "count": null, "note": null, "source": "大津市 ツキノワグマ出没マップ (https://www.city.otsu.lg.jp/soshiki/025/1605/g/t/74581.html)"}}, {"type": "Feature", "geometry": {"type": "Point", "coordinates": [135.8976806, 35.1460843]}, "properties": {"prefecture": "滋賀県", "city": "大津市", "place": "真野佐川町", "date": "2026-06-19", "time": "16:00", "count": null, "note": "痕跡を発見", "source": "大津市 ツキノワグマ出没マップ (https://www.city.otsu.lg.jp/soshiki/025/1605/g/t/74581.html)"}}, {"type": "Feature", "geometry": {"type": "Point", "coordinates": [135.8441943, 35.2518034]}, "properties": {"prefecture": "滋賀県", "city": "大津市", "place": "葛川坊村町", "date": "2026-06-19", "time": "07:20", "count": null, "note": null, "source": "大津市 ツキノワグマ出没マップ (https://www.city.otsu.lg.jp/soshiki/025/1605/g/t/74581.html)"}}, {"type": "Feature", "geometry": {"type": "Point", "coordinates": [135.8557911, 34.994295]}, "properties": {"prefecture": "滋賀県", "city": "大津市", "place": "大谷町", "date": "2026-06-17", "time": "21:00", "count": null, "note": null, "source": "大津市 ツキノワグマ出没マップ (https://www.city.otsu.lg.jp/soshiki/025/1605/g/t/74581.html)"}}, {"type": "Feature", "geometry": {"type": "Point", "coordinates": [135.8884951, 35.1746599]}, "properties": {"prefecture": "滋賀県", "city": "大津市", "place": "栗原", "date": "2026-06-17", "time": "10:00", "count": null, "note": "錯誤捕獲", "source": "大津市 ツキノワグマ出没マップ (https://www.city.otsu.lg.jp/soshiki/025/1605/g/t/74581.html)"}}, {"type": "Feature", "geometry": {"type": "Point", "coordinates": [135.8802659, 34.9734771]}, "properties": {"prefecture": "滋賀県", "city": "大津市", "place": "若葉台", "date": "2026-06-15", "time": "03:10", "count": null, "note": null, "source": "大津市 ツキノワグマ出没マップ (https://www.city.otsu.lg.jp/soshiki/025/1605/g/t/74581.html)"}}, {"type": "Feature", "geometry": {"type": "Point", "coordinates": [135.851472, 35.1403293]}, "properties": {"prefecture": "滋賀県", "city": "大津市", "place": "伊香立生津町", "date": "2026-06-01", "time": "08:00", "count": null, "note": "錯誤捕獲", "source": "大津市 ツキノワグマ出没マップ (https://www.city.otsu.lg.jp/soshiki/025/1605/g/t/74581.html)"}}, {"type": "Feature", "geometry": {"type": "Point", "coordinates": [135.8666156, 35.0618718]}, "properties": {"prefecture": "滋賀県", "city": "大津市", "place": "坂本一丁目", "date": "2026-05-31", "time": "22:50", "count": null, "note": null, "source": "大津市 ツキノワグマ出没マップ (https://www.city.otsu.lg.jp/soshiki/025/1605/g/t/74581.html)"}}, {"type": "Feature", "geometry": {"type": "Point", "coordinates": [135.8338968, 35.0647141]}, "properties": {"prefecture": "滋賀県", "city": "大津市", "place": "坂本本町、京都市左京区境", "date": "2026-05-30", "time": "19:50", "count": null, "note": "親子2頭目撃", "source": "大津市 ツキノワグマ出没マップ (https://www.city.otsu.lg.jp/soshiki/025/1605/g/t/74581.html)"}}, {"type": "Feature", "geometry": {"type": "Point", "coordinates": [135.8910404, 35.1547962]}, "properties": {"prefecture": "滋賀県", "city": "大津市", "place": "伊香立下龍華町", "date": "2026-05-29", "time": "09:00", "count": null, "note": "錯誤捕獲", "source": "大津市 ツキノワグマ出没マップ (https://www.city.otsu.lg.jp/soshiki/025/1605/g/t/74581.html)"}}, {"type": "Feature", "geometry": {"type": "Point", "coordinates": [135.8795239, 35.1444269]}, "properties": {"prefecture": "滋賀県", "city": "大津市", "place": "伊香立下在地町", "date": "2026-05-27", "time": "19:00", "count": null, "note": "国道４７７号を西から東に横断", "source": "大津市 ツキノワグマ出没マップ (https://www.city.otsu.lg.jp/soshiki/025/1605/g/t/74581.html)"}}, {"type": "Feature", "geometry": {"type": "Point", "coordinates": [135.8801727, 35.143999]}, "properties": {"prefecture": "滋賀県", "city": "大津市", "place": "伊香立下在地町", "date": "2026-05-27", "time": "14:30", "count": null, "note": null, "source": "大津市 ツキノワグマ出没マップ (https://www.city.otsu.lg.jp/soshiki/025/1605/g/t/74581.html)"}}, {"type": "Feature", "geometry": {"type": "Point", "coordinates": [135.9017859, 35.1587261]}, "properties": {"prefecture": "滋賀県", "city": "大津市", "place": "和邇中", "date": "2026-05-25", "time": "19:50", "count": null, "note": "西側に移動", "source": "大津市 ツキノワグマ出没マップ (https://www.city.otsu.lg.jp/soshiki/025/1605/g/t/74581.html)"}}, {"type": "Feature", "geometry": {"type": "Point", "coordinates": [135.8852963, 35.135045]}, "properties": {"prefecture": "滋賀県", "city": "大津市", "place": "伊香立向在地町", "date": "2026-05-23", "time": "20:30", "count": null, "note": null, "source": "大津市 ツキノワグマ出没マップ (https://www.city.otsu.lg.jp/soshiki/025/1605/g/t/74581.html)"}}, {"type": "Feature", "geometry": {"type": "Point", "coordinates": [135.8853155, 35.1382236]}, "properties": {"prefecture": "滋賀県", "city": "大津市", "place": "山百合の丘", "date": "2026-05-22", "time": "16:45", "count": null, "note": null, "source": "大津市 ツキノワグマ出没マップ (https://www.city.otsu.lg.jp/soshiki/025/1605/g/t/74581.html)"}}, {"type": "Feature", "geometry": {"type": "Point", "coordinates": [135.8611399, 35.1071655]}, "properties": {"prefecture": "滋賀県", "city": "大津市", "place": "仰木町", "date": "2026-05-20", "time": "10:50", "count": null, "note": "錯誤捕獲", "source": "大津市 ツキノワグマ出没マップ (https://www.city.otsu.lg.jp/soshiki/025/1605/g/t/74581.html)"}}, {"type": "Feature", "geometry": {"type": "Point", "coordinates": [135.8964413, 35.1308929]}, "properties": {"prefecture": "滋賀県", "city": "大津市", "place": "真野大野二丁目", "date": "2026-05-18", "time": "06:30", "count": null, "note": "錯誤捕獲", "source": "大津市 ツキノワグマ出没マップ (https://www.city.otsu.lg.jp/soshiki/025/1605/g/t/74581.html)"}}, {"type": "Feature", "geometry": {"type": "Point", "coordinates": [135.8800259, 35.1222621]}, "properties": {"prefecture": "滋賀県", "city": "大津市", "place": "伊香立南庄町", "date": "2026-05-16", "time": "14:30", "count": null, "note": null, "source": "大津市 ツキノワグマ出没マップ (https://www.city.otsu.lg.jp/soshiki/025/1605/g/t/74581.html)"}}, {"type": "Feature", "geometry": {"type": "Point", "coordinates": [135.868472, 35.1074079]}, "properties": {"prefecture": "滋賀県", "city": "大津市", "place": "仰木町", "date": "2026-05-15", "time": "06:00", "count": null, "note": "錯誤捕獲", "source": "大津市 ツキノワグマ出没マップ (https://www.city.otsu.lg.jp/soshiki/025/1605/g/t/74581.html)"}}, {"type": "Feature", "geometry": {"type": "Point", "coordinates": [135.880081, 35.1195203]}, "properties": {"prefecture": "滋賀県", "city": "大津市", "place": "仰木町", "date": "2026-05-10", "time": "21:30", "count": null, "note": null, "source": "大津市 ツキノワグマ出没マップ (https://www.city.otsu.lg.jp/soshiki/025/1605/g/t/74581.html)"}}, {"type": "Feature", "geometry": {"type": "Point", "coordinates": [135.8783998, 35.147673]}, "properties": {"prefecture": "滋賀県", "city": "大津市", "place": "伊香立下在地町", "date": "2026-04-30", "time": "07:00", "count": null, "note": "国道477号　東から西へ移動", "source": "大津市 ツキノワグマ出没マップ (https://www.city.otsu.lg.jp/soshiki/025/1605/g/t/74581.html)"}}, {"type": "Feature", "geometry": {"type": "Point", "coordinates": [135.869194, 35.1401995]}, "properties": {"prefecture": "滋賀県", "city": "大津市", "place": "伊香立生津町", "date": "2026-04-16", "time": "23:40", "count": null, "note": null, "source": "大津市 ツキノワグマ出没マップ (https://www.city.otsu.lg.jp/soshiki/025/1605/g/t/74581.html)"}}, {"type": "Feature", "geometry": {"type": "Point", "coordinates": [135.8506592, 35.1400721]}, "properties": {"prefecture": "滋賀県", "city": "大津市", "place": "伊香立生津町", "date": "2026-04-14", "time": "14:00", "count": null, "note": "錯誤捕獲", "source": "大津市 ツキノワグマ出没マップ (https://www.city.otsu.lg.jp/soshiki/025/1605/g/t/74581.html)"}}, {"type": "Feature", "geometry": {"type": "Point", "coordinates": [135.8664381, 35.0750967]}, "properties": {"prefecture": "滋賀県", "city": "大津市", "place": "坂本五丁目", "date": "2026-01-23", "time": "06:00", "count": null, "note": null, "source": "大津市 ツキノワグマ出没マップ (https://www.city.otsu.lg.jp/soshiki/025/1605/g/t/74581.html)"}}, {"type": "Feature", "geometry": {"type": "Point", "coordinates": [135.9174039, 35.1538227]}, "properties": {"prefecture": "滋賀県", "city": "大津市", "place": "小野", "date": "2025-12-14", "time": "00:10", "count": null, "note": null, "source": "大津市 ツキノワグマ出没マップ (https://www.city.otsu.lg.jp/soshiki/025/1605/g/t/74581.html)"}}, {"type": "Feature", "geometry": {"type": "Point", "coordinates": [135.9137575, 35.1582343]}, "properties": {"prefecture": "滋賀県", "city": "大津市", "place": "和邇春日二丁目", "date": "2025-12-11", "time": "12:30", "count": null, "note": null, "source": "大津市 ツキノワグマ出没マップ (https://www.city.otsu.lg.jp/soshiki/025/1605/g/t/74581.html)"}}, {"type": "Feature", "geometry": {"type": "Point", "coordinates": [135.9730938, 34.9856749]}, "properties": {"prefecture": "滋賀県", "city": "大津市", "place": "桐生三丁目", "date": "2025-12-08", "time": "17:30", "count": null, "note": "東側へ移動", "source": "大津市 ツキノワグマ出没マップ (https://www.city.otsu.lg.jp/soshiki/025/1605/g/t/74581.html)"}}, {"type": "Feature", "geometry": {"type": "Point", "coordinates": [135.9306318, 35.15313]}, "properties": {"prefecture": "滋賀県", "city": "大津市", "place": "和邇今宿", "date": "2025-11-22", "time": "15:00", "count": null, "note": null, "source": "大津市 ツキノワグマ出没マップ (https://www.city.otsu.lg.jp/soshiki/025/1605/g/t/74581.html)"}}, {"type": "Feature", "geometry": {"type": "Point", "coordinates": [135.8673195, 35.0760742]}, "properties": {"prefecture": "滋賀県", "city": "大津市", "place": "坂本五丁目", "date": "2025-11-15", "time": "19:40", "count": null, "note": "県道を東から西へ横切り山林へ移動", "source": "大津市 ツキノワグマ出没マップ (https://www.city.otsu.lg.jp/soshiki/025/1605/g/t/74581.html)"}}, {"type": "Feature", "geometry": {"type": "Point", "coordinates": [135.8738985, 35.0819358]}, "properties": {"prefecture": "滋賀県", "city": "大津市", "place": "日吉台二丁目", "date": "2025-11-15", "time": "06:20", "count": null, "note": null, "source": "大津市 ツキノワグマ出没マップ (https://www.city.otsu.lg.jp/soshiki/025/1605/g/t/74581.html)"}}, {"type": "Feature", "geometry": {"type": "Point", "coordinates": [135.8747547, 35.0837594]}, "properties": {"prefecture": "滋賀県", "city": "大津市", "place": "日吉台三丁目", "date": "2025-11-15", "time": "06:20", "count": null, "note": null, "source": "大津市 ツキノワグマ出没マップ (https://www.city.otsu.lg.jp/soshiki/025/1605/g/t/74581.html)"}}, {"type": "Feature", "geometry": {"type": "Point", "coordinates": [135.8378847, 35.0648427]}, "properties": {"prefecture": "滋賀県", "city": "大津市", "place": "坂本本町", "date": "2025-11-13", "time": "18:20", "count": null, "note": "南方向に移動", "source": "大津市 ツキノワグマ出没マップ (https://www.city.otsu.lg.jp/soshiki/025/1605/g/t/74581.html)"}}, {"type": "Feature", "geometry": {"type": "Point", "coordinates": [135.9079173, 35.1413593]}, "properties": {"prefecture": "滋賀県", "city": "大津市", "place": "緑町", "date": "2025-11-13", "time": "06:30", "count": null, "note": "北側へ移動", "source": "大津市 ツキノワグマ出没マップ (https://www.city.otsu.lg.jp/soshiki/025/1605/g/t/74581.html)"}}, {"type": "Feature", "geometry": {"type": "Point", "coordinates": [135.8745583, 35.0838305]}, "properties": {"prefecture": "滋賀県", "city": "大津市", "place": "日吉台三丁目", "date": "2025-11-13", "time": "07:00", "count": null, "note": "山側（西側）へ移動", "source": "大津市 ツキノワグマ出没マップ (https://www.city.otsu.lg.jp/soshiki/025/1605/g/t/74581.html)"}}, {"type": "Feature", "geometry": {"type": "Point", "coordinates": [135.87213, 35.1477944]}, "properties": {"prefecture": "滋賀県", "city": "大津市", "place": "伊香立北在地町", "date": "2025-11-11", "time": "03:10", "count": null, "note": "北西へ移動", "source": "大津市 ツキノワグマ出没マップ (https://www.city.otsu.lg.jp/soshiki/025/1605/g/t/74581.html)"}}, {"type": "Feature", "geometry": {"type": "Point", "coordinates": [135.8934581, 35.0917553]}, "properties": {"prefecture": "滋賀県", "city": "大津市", "place": "雄琴二丁目", "date": "2025-11-09", "time": "21:00", "count": null, "note": null, "source": "大津市 ツキノワグマ出没マップ (https://www.city.otsu.lg.jp/soshiki/025/1605/g/t/74581.html)"}}, {"type": "Feature", "geometry": {"type": "Point", "coordinates": [135.890879, 35.2586517]}, "properties": {"prefecture": "滋賀県", "city": "大津市", "place": "葛川梅ノ木町", "date": "2025-11-08", "time": "09:50", "count": null, "note": null, "source": "大津市 ツキノワグマ出没マップ (https://www.city.otsu.lg.jp/soshiki/025/1605/g/t/74581.html)"}}, {"type": "Feature", "geometry": {"type": "Point", "coordinates": [135.8777373, 35.0975879]}, "properties": {"prefecture": "滋賀県", "city": "大津市", "place": "仰木一丁目", "date": "2025-11-07", "time": "05:40", "count": null, "note": "東側へ移動", "source": "大津市 ツキノワグマ出没マップ (https://www.city.otsu.lg.jp/soshiki/025/1605/g/t/74581.html)"}}, {"type": "Feature", "geometry": {"type": "Point", "coordinates": [135.8770191, 35.0870452]}, "properties": {"prefecture": "滋賀県", "city": "大津市", "place": "千野三丁目", "date": "2025-11-04", "time": "17:00", "count": null, "note": null, "source": "大津市 ツキノワグマ出没マップ (https://www.city.otsu.lg.jp/soshiki/025/1605/g/t/74581.html)"}}, {"type": "Feature", "geometry": {"type": "Point", "coordinates": [135.908846, 35.1914475]}, "properties": {"prefecture": "滋賀県", "city": "大津市", "place": "八屋戸", "date": "2025-11-03", "time": "18:10", "count": null, "note": "北方向に移動。", "source": "大津市 ツキノワグマ出没マップ (https://www.city.otsu.lg.jp/soshiki/025/1605/g/t/74581.html)"}}, {"type": "Feature", "geometry": {"type": "Point", "coordinates": [135.8440982, 35.0769848]}, "properties": {"prefecture": "滋賀県", "city": "大津市", "place": "坂本本町", "date": "2025-10-29", "time": "16:00", "count": null, "note": null, "source": "大津市 ツキノワグマ出没マップ (https://www.city.otsu.lg.jp/soshiki/025/1605/g/t/74581.html)"}}, {"type": "Feature", "geometry": {"type": "Point", "coordinates": [135.9139286, 35.1841908]}, "properties": {"prefecture": "滋賀県", "city": "大津市", "place": "八屋戸", "date": "2025-10-29", "time": "19:00", "count": null, "note": "山側に移動", "source": "大津市 ツキノワグマ出没マップ (https://www.city.otsu.lg.jp/soshiki/025/1605/g/t/74581.html)"}}, {"type": "Feature", "geometry": {"type": "Point", "coordinates": [135.8774459, 35.085866]}, "properties": {"prefecture": "滋賀県", "city": "大津市", "place": "千野三丁目", "date": "2025-10-28", "time": "20:00", "count": null, "note": null, "source": "大津市 ツキノワグマ出没マップ (https://www.city.otsu.lg.jp/soshiki/025/1605/g/t/74581.html)"}}, {"type": "Feature", "geometry": {"type": "Point", "coordinates": [135.828816, 35.036297]}, "properties": {"prefecture": "滋賀県", "city": "大津市", "place": "比叡平三丁目", "date": "2025-10-27", "time": "22:30", "count": null, "note": "北側の山へ移動", "source": "大津市 ツキノワグマ出没マップ (https://www.city.otsu.lg.jp/soshiki/025/1605/g/t/74581.html)"}}, {"type": "Feature", "geometry": {"type": "Point", "coordinates": [135.8769698, 34.9735819]}, "properties": {"prefecture": "滋賀県", "city": "大津市", "place": "若葉台", "date": "2025-10-23", "time": "16:30", "count": null, "note": null, "source": "大津市 ツキノワグマ出没マップ (https://www.city.otsu.lg.jp/soshiki/025/1605/g/t/74581.html)"}}, {"type": "Feature", "geometry": {"type": "Point", "coordinates": [135.8810163, 34.9731875]}, "properties": {"prefecture": "滋賀県", "city": "大津市", "place": "北大路三丁目", "date": "2025-10-08", "time": "18:20", "count": null, "note": "東側へ移動", "source": "大津市 ツキノワグマ出没マップ (https://www.city.otsu.lg.jp/soshiki/025/1605/g/t/74581.html)"}}, {"type": "Feature", "geometry": {"type": "Point", "coordinates": [135.9321711, 35.2345813]}, "properties": {"prefecture": "滋賀県", "city": "大津市", "place": "南比良", "date": "2025-09-15", "time": "18:00", "count": null, "note": null, "source": "大津市 ツキノワグマ出没マップ (https://www.city.otsu.lg.jp/soshiki/025/1605/g/t/74581.html)"}}, {"type": "Feature", "geometry": {"type": "Point", "coordinates": [135.8835623, 34.988892]}, "properties": {"prefecture": "滋賀県", "city": "大津市", "place": "秋葉台", "date": "2025-08-29", "time": "20:00", "count": null, "note": null, "source": "大津市 ツキノワグマ出没マップ (https://www.city.otsu.lg.jp/soshiki/025/1605/g/t/74581.html)"}}, {"type": "Feature", "geometry": {"type": "Point", "coordinates": [135.8866113, 35.2372379]}, "properties": {"prefecture": "滋賀県", "city": "大津市", "place": "葛川坊村町", "date": "2025-08-24", "time": "14:30", "count": null, "note": "牛コバと夫婦滝の間で2頭を目撃", "source": "大津市 ツキノワグマ出没マップ (https://www.city.otsu.lg.jp/soshiki/025/1605/g/t/74581.html)"}}, {"type": "Feature", "geometry": {"type": "Point", "coordinates": [135.9474213, 35.2422715]}, "properties": {"prefecture": "滋賀県", "city": "大津市", "place": "南小松", "date": "2025-07-26", "time": "19:00", "count": null, "note": "湖西道路方向へ移動。", "source": "大津市 ツキノワグマ出没マップ (https://www.city.otsu.lg.jp/soshiki/025/1605/g/t/74581.html)"}}, {"type": "Feature", "geometry": {"type": "Point", "coordinates": [135.9182608, 34.9218669]}, "properties": {"prefecture": "滋賀県", "city": "大津市", "place": "関津二丁目", "date": "2025-07-20", "time": "15:20", "count": null, "note": "南方向へ移動", "source": "大津市 ツキノワグマ出没マップ (https://www.city.otsu.lg.jp/soshiki/025/1605/g/t/74581.html)"}}, {"type": "Feature", "geometry": {"type": "Point", "coordinates": [135.9197272, 34.9212578]}, "properties": {"prefecture": "滋賀県", "city": "大津市", "place": "関津三丁目", "date": "2025-07-16", "time": "13:00", "count": null, "note": "熊らしき動物の足跡発見", "source": "大津市 ツキノワグマ出没マップ (https://www.city.otsu.lg.jp/soshiki/025/1605/g/t/74581.html)"}}, {"type": "Feature", "geometry": {"type": "Point", "coordinates": [135.8931291, 34.9382054]}, "properties": {"prefecture": "滋賀県", "city": "大津市", "place": "石山千町", "date": "2025-07-03", "time": "18:20", "count": null, "note": null, "source": "大津市 ツキノワグマ出没マップ (https://www.city.otsu.lg.jp/soshiki/025/1605/g/t/74581.html)"}}, {"type": "Feature", "geometry": {"type": "Point", "coordinates": [135.8768057, 35.2686369]}, "properties": {"prefecture": "滋賀県", "city": "大津市", "place": "22；00頃　葛川梅ノ木町", "date": "2025-06-30", "time": null, "count": null, "note": null, "source": "大津市 ツキノワグマ出没マップ (https://www.city.otsu.lg.jp/soshiki/025/1605/g/t/74581.html)"}}, {"type": "Feature", "geometry": {"type": "Point", "coordinates": [135.9187287, 34.9220038]}, "properties": {"prefecture": "滋賀県", "city": "大津市", "place": "関津二丁目", "date": "2025-06-29", "time": "17:20", "count": null, "note": null, "source": "大津市 ツキノワグマ出没マップ (https://www.city.otsu.lg.jp/soshiki/025/1605/g/t/74581.html)"}}, {"type": "Feature", "geometry": {"type": "Point", "coordinates": [135.8775519, 35.2686256]}, "properties": {"prefecture": "滋賀県", "city": "大津市", "place": "葛川梅ノ木町", "date": "2025-06-26", "time": "22:00", "count": null, "note": "東側山林へ移動", "source": "大津市 ツキノワグマ出没マップ (https://www.city.otsu.lg.jp/soshiki/025/1605/g/t/74581.html)"}}, {"type": "Feature", "geometry": {"type": "Point", "coordinates": [135.9404309, 35.2364964]}, "properties": {"prefecture": "滋賀県", "city": "大津市", "place": "北比良", "date": "2025-06-24", "time": "21:30", "count": null, "note": "北方面に移動", "source": "大津市 ツキノワグマ出没マップ (https://www.city.otsu.lg.jp/soshiki/025/1605/g/t/74581.html)"}}, {"type": "Feature", "geometry": {"type": "Point", "coordinates": [135.9654896, 34.9597207]}, "properties": {"prefecture": "滋賀県", "city": "大津市", "place": "牧一丁目", "date": "2025-06-09", "time": "09:00", "count": null, "note": "戸塚池A付近で目撃", "source": "大津市 ツキノワグマ出没マップ (https://www.city.otsu.lg.jp/soshiki/025/1605/g/t/74581.html)"}}, {"type": "Feature", "geometry": {"type": "Point", "coordinates": [135.8764883, 35.1510829]}, "properties": {"prefecture": "滋賀県", "city": "大津市", "place": "伊香立下在地町", "date": "2025-06-08", "time": "13:10", "count": null, "note": "山側へ移動", "source": "大津市 ツキノワグマ出没マップ (https://www.city.otsu.lg.jp/soshiki/025/1605/g/t/74581.html)"}}, {"type": "Feature", "geometry": {"type": "Point", "coordinates": [135.8766292, 35.2684583]}, "properties": {"prefecture": "滋賀県", "city": "大津市", "place": "葛川梅ノ木町", "date": "2025-06-07", "time": "21:00", "count": null, "note": "南東方向に移動。", "source": "大津市 ツキノワグマ出没マップ (https://www.city.otsu.lg.jp/soshiki/025/1605/g/t/74581.html)"}}, {"type": "Feature", "geometry": {"type": "Point", "coordinates": [135.9847609, 34.9809143]}, "properties": {"prefecture": "滋賀県", "city": "大津市", "place": "桐生三丁目", "date": "2025-06-06", "time": "12:30", "count": null, "note": "東方面へ移動", "source": "大津市 ツキノワグマ出没マップ (https://www.city.otsu.lg.jp/soshiki/025/1605/g/t/74581.html)"}}, {"type": "Feature", "geometry": {"type": "Point", "coordinates": [135.9753792, 34.9813423]}, "properties": {"prefecture": "滋賀県", "city": "大津市", "place": "青山三丁目", "date": "2025-06-06", "time": "06:30", "count": null, "note": "東方面へ移動", "source": "大津市 ツキノワグマ出没マップ (https://www.city.otsu.lg.jp/soshiki/025/1605/g/t/74581.html)"}}, {"type": "Feature", "geometry": {"type": "Point", "coordinates": [135.94237, 35.236401]}, "properties": {"prefecture": "滋賀県", "city": "大津市", "place": "北比良", "date": "2025-06-04", "time": "21:50", "count": null, "note": "北側へ移動", "source": "大津市 ツキノワグマ出没マップ (https://www.city.otsu.lg.jp/soshiki/025/1605/g/t/74581.html)"}}, {"type": "Feature", "geometry": {"type": "Point", "coordinates": [135.9492192, 34.9031172]}, "properties": {"prefecture": "滋賀県", "city": "大津市", "place": "大石富川一丁目", "date": "2025-06-04", "time": "11:05", "count": null, "note": "東側へ移動。", "source": "大津市 ツキノワグマ出没マップ (https://www.city.otsu.lg.jp/soshiki/025/1605/g/t/74581.html)"}}, {"type": "Feature", "geometry": {"type": "Point", "coordinates": [135.8775155, 35.1949129]}, "properties": {"prefecture": "滋賀県", "city": "大津市", "place": "和邇北浜", "date": "2025-05-28", "time": "07:10", "count": null, "note": "ホッケ山と権現山の間の山道", "source": "大津市 ツキノワグマ出没マップ (https://www.city.otsu.lg.jp/soshiki/025/1605/g/t/74581.html)"}}, {"type": "Feature", "geometry": {"type": "Point", "coordinates": [135.9394621, 35.2333179]}, "properties": {"prefecture": "滋賀県", "city": "大津市", "place": "北比良", "date": "2025-05-20", "time": "11:00", "count": null, "note": "北側森林へ逃走", "source": "大津市 ツキノワグマ出没マップ (https://www.city.otsu.lg.jp/soshiki/025/1605/g/t/74581.html)"}}, {"type": "Feature", "geometry": {"type": "Point", "coordinates": [135.8284461, 35.0284178]}, "properties": {"prefecture": "滋賀県", "city": "大津市", "place": "比叡平二丁目", "date": "2025-05-16", "time": "20:10", "count": null, "note": "移動先不明", "source": "大津市 ツキノワグマ出没マップ (https://www.city.otsu.lg.jp/soshiki/025/1605/g/t/74581.html)"}}, {"type": "Feature", "geometry": {"type": "Point", "coordinates": [135.8812189, 34.9729816]}, "properties": {"prefecture": "滋賀県", "city": "大津市", "place": "北大路3丁目", "date": "2025-04-02", "time": "07:10", "count": null, "note": "西側山林へ移動", "source": "大津市 ツキノワグマ出没マップ (https://www.city.otsu.lg.jp/soshiki/025/1605/g/t/74581.html)"}}, {"type": "Feature", "geometry": {"type": "Point", "coordinates": [135.9295264, 35.2182027]}, "properties": {"prefecture": "滋賀県", "city": "大津市", "place": "18時頃　大物", "date": "2025-03-13", "time": null, "count": null, "note": "熊の足跡らしき痕跡", "source": "大津市 ツキノワグマ出没マップ (https://www.city.otsu.lg.jp/soshiki/025/1605/g/t/74581.html)"}}, {"type": "Feature", "geometry": {"type": "Point", "coordinates": [135.9394997, 35.2374579]}, "properties": {"prefecture": "滋賀県", "city": "大津市", "place": "北比良　錯誤捕獲", "date": "2025-03-13", "time": null, "count": null, "note": null, "source": "大津市 ツキノワグマ出没マップ (https://www.city.otsu.lg.jp/soshiki/025/1605/g/t/74581.html)"}}, {"type": "Feature", "geometry": {"type": "Point", "coordinates": [135.8724363, 34.9840151]}, "properties": {"prefecture": "滋賀県", "city": "大津市", "place": "膳所池ノ内町", "date": "2025-02-19", "time": null, "count": null, "note": "熊らしき動物の痕跡", "source": "大津市 ツキノワグマ出没マップ (https://www.city.otsu.lg.jp/soshiki/025/1605/g/t/74581.html)"}}, {"type": "Feature", "geometry": {"type": "Point", "coordinates": [135.8535189, 35.0400779]}, "properties": {"prefecture": "滋賀県", "city": "大津市", "place": "南志賀時", "date": "2025-01-12", "time": "10:00", "count": null, "note": "熊らしき動物の痕跡", "source": "大津市 ツキノワグマ出没マップ (https://www.city.otsu.lg.jp/soshiki/025/1605/g/t/74581.html)"}}, {"type": "Feature", "geometry": {"type": "Point", "coordinates": [135.8735871, 34.9835167]}, "properties": {"prefecture": "滋賀県", "city": "大津市", "place": "膳所平尾町", "date": "2024-12-06", "time": "10:30", "count": null, "note": "熊らしき動物の痕跡", "source": "大津市 ツキノワグマ出没マップ (https://www.city.otsu.lg.jp/soshiki/025/1605/g/t/74581.html)"}}, {"type": "Feature", "geometry": {"type": "Point", "coordinates": [135.94798, 35.2213537]}, "properties": {"prefecture": "滋賀県", "city": "大津市", "place": "北比良", "date": "2024-11-29", "time": "15:20", "count": null, "note": null, "source": "大津市 ツキノワグマ出没マップ (https://www.city.otsu.lg.jp/soshiki/025/1605/g/t/74581.html)"}}, {"type": "Feature", "geometry": {"type": "Point", "coordinates": [135.9298178, 35.2172768]}, "properties": {"prefecture": "滋賀県", "city": "大津市", "place": "大物", "date": "2024-11-28", "time": "06:20", "count": null, "note": null, "source": "大津市 ツキノワグマ出没マップ (https://www.city.otsu.lg.jp/soshiki/025/1605/g/t/74581.html)"}}, {"type": "Feature", "geometry": {"type": "Point", "coordinates": [135.9293558, 35.2121689]}, "properties": {"prefecture": "滋賀県", "city": "大津市", "place": "大物", "date": "2024-11-15", "time": "20:50", "count": null, "note": null, "source": "大津市 ツキノワグマ出没マップ (https://www.city.otsu.lg.jp/soshiki/025/1605/g/t/74581.html)"}}, {"type": "Feature", "geometry": {"type": "Point", "coordinates": [135.9097717, 35.1698466]}, "properties": {"prefecture": "滋賀県", "city": "大津市", "place": "和邇北浜　錯誤捕獲", "date": "2024-10-30", "time": null, "count": null, "note": null, "source": "大津市 ツキノワグマ出没マップ (https://www.city.otsu.lg.jp/soshiki/025/1605/g/t/74581.html)"}}, {"type": "Feature", "geometry": {"type": "Point", "coordinates": [135.9046458, 35.1661814]}, "properties": {"prefecture": "滋賀県", "city": "大津市", "place": "栗原　錯誤捕獲", "date": "2024-10-28", "time": null, "count": null, "note": null, "source": "大津市 ツキノワグマ出没マップ (https://www.city.otsu.lg.jp/soshiki/025/1605/g/t/74581.html)"}}, {"type": "Feature", "geometry": {"type": "Point", "coordinates": [135.8605912, 35.1691277]}, "properties": {"prefecture": "滋賀県", "city": "大津市", "place": "伊香立途中町", "date": "2024-10-27", "time": "21:10", "count": null, "note": "西方向へ道路横断", "source": "大津市 ツキノワグマ出没マップ (https://www.city.otsu.lg.jp/soshiki/025/1605/g/t/74581.html)"}}, {"type": "Feature", "geometry": {"type": "Point", "coordinates": [135.8600106, 35.1655524]}, "properties": {"prefecture": "滋賀県", "city": "大津市", "place": "伊香立途中町", "date": "2024-10-25", "time": "19:30", "count": null, "note": "西方向へ道路横断", "source": "大津市 ツキノワグマ出没マップ (https://www.city.otsu.lg.jp/soshiki/025/1605/g/t/74581.html)"}}, {"type": "Feature", "geometry": {"type": "Point", "coordinates": [135.9058199, 35.1698335]}, "properties": {"prefecture": "滋賀県", "city": "大津市", "place": "和邇北浜", "date": "2024-10-24", "time": "08:30", "count": null, "note": "親子目撃　南方向山林へ移動", "source": "大津市 ツキノワグマ出没マップ (https://www.city.otsu.lg.jp/soshiki/025/1605/g/t/74581.html)"}}, {"type": "Feature", "geometry": {"type": "Point", "coordinates": [135.9019916, 35.1666361]}, "properties": {"prefecture": "滋賀県", "city": "大津市", "place": "栗原　錯誤捕獲", "date": "2024-10-24", "time": null, "count": null, "note": null, "source": "大津市 ツキノワグマ出没マップ (https://www.city.otsu.lg.jp/soshiki/025/1605/g/t/74581.html)"}}, {"type": "Feature", "geometry": {"type": "Point", "coordinates": [135.9093236, 35.1763314]}, "properties": {"prefecture": "滋賀県", "city": "大津市", "place": "南船路", "date": "2024-10-23", "time": "07:10", "count": null, "note": "目撃後　北方向へ移動移動", "source": "大津市 ツキノワグマ出没マップ (https://www.city.otsu.lg.jp/soshiki/025/1605/g/t/74581.html)"}}, {"type": "Feature", "geometry": {"type": "Point", "coordinates": [135.892833, 35.1232169]}, "properties": {"prefecture": "滋賀県", "city": "大津市", "place": "伊香立南庄町　錯誤捕獲", "date": "2024-10-22", "time": null, "count": null, "note": null, "source": "大津市 ツキノワグマ出没マップ (https://www.city.otsu.lg.jp/soshiki/025/1605/g/t/74581.html)"}}, {"type": "Feature", "geometry": {"type": "Point", "coordinates": [135.9054043, 35.1656138]}, "properties": {"prefecture": "滋賀県", "city": "大津市", "place": "和邇北浜　錯誤捕獲", "date": "2024-10-21", "time": null, "count": null, "note": null, "source": "大津市 ツキノワグマ出没マップ (https://www.city.otsu.lg.jp/soshiki/025/1605/g/t/74581.html)"}}, {"type": "Feature", "geometry": {"type": "Point", "coordinates": [135.9019644, 35.1481552]}, "properties": {"prefecture": "滋賀県", "city": "大津市", "place": "真野普門三丁目　錯誤捕獲", "date": "2024-10-21", "time": null, "count": null, "note": null, "source": "大津市 ツキノワグマ出没マップ (https://www.city.otsu.lg.jp/soshiki/025/1605/g/t/74581.html)"}}, {"type": "Feature", "geometry": {"type": "Point", "coordinates": [135.9025734, 35.1477544]}, "properties": {"prefecture": "滋賀県", "city": "大津市", "place": "真野普門三丁目", "date": "2024-10-20", "time": "18:20", "count": null, "note": "目撃", "source": "大津市 ツキノワグマ出没マップ (https://www.city.otsu.lg.jp/soshiki/025/1605/g/t/74581.html)"}}, {"type": "Feature", "geometry": {"type": "Point", "coordinates": [135.8937472, 35.133838]}, "properties": {"prefecture": "滋賀県", "city": "大津市", "place": "真野大野一丁目", "date": "2024-10-18", "time": "18:30", "count": null, "note": "目撃後、北方向へ移動", "source": "大津市 ツキノワグマ出没マップ (https://www.city.otsu.lg.jp/soshiki/025/1605/g/t/74581.html)"}}, {"type": "Feature", "geometry": {"type": "Point", "coordinates": [135.9004008, 35.1740358]}, "properties": {"prefecture": "滋賀県", "city": "大津市", "place": "和邇北浜　錯誤　捕獲", "date": "2024-10-18", "time": null, "count": null, "note": null, "source": "大津市 ツキノワグマ出没マップ (https://www.city.otsu.lg.jp/soshiki/025/1605/g/t/74581.html)"}}, {"type": "Feature", "geometry": {"type": "Point", "coordinates": [135.908302, 35.1917167]}, "properties": {"prefecture": "滋賀県", "city": "大津市", "place": "八屋戸", "date": "2024-10-17", "time": "09:15", "count": null, "note": "目撃", "source": "大津市 ツキノワグマ出没マップ (https://www.city.otsu.lg.jp/soshiki/025/1605/g/t/74581.html)"}}, {"type": "Feature", "geometry": {"type": "Point", "coordinates": [135.9079158, 35.1918833]}, "properties": {"prefecture": "滋賀県", "city": "大津市", "place": "八屋戸", "date": "2024-10-17", "time": "06:00", "count": null, "note": "目撃", "source": "大津市 ツキノワグマ出没マップ (https://www.city.otsu.lg.jp/soshiki/025/1605/g/t/74581.html)"}}, {"type": "Feature", "geometry": {"type": "Point", "coordinates": [135.9073865, 35.19212]}, "properties": {"prefecture": "滋賀県", "city": "大津市", "place": "八屋戸", "date": "2024-10-16", "time": "15:20", "count": null, "note": "目撃", "source": "大津市 ツキノワグマ出没マップ (https://www.city.otsu.lg.jp/soshiki/025/1605/g/t/74581.html)"}}, {"type": "Feature", "geometry": {"type": "Point", "coordinates": [135.883934, 35.1738105]}, "properties": {"prefecture": "滋賀県", "city": "大津市", "place": "栗原　錯誤捕獲", "date": "2024-10-16", "time": null, "count": null, "note": null, "source": "大津市 ツキノワグマ出没マップ (https://www.city.otsu.lg.jp/soshiki/025/1605/g/t/74581.html)"}}, {"type": "Feature", "geometry": {"type": "Point", "coordinates": [135.9064679, 35.1943877]}, "properties": {"prefecture": "滋賀県", "city": "大津市", "place": "八屋戸", "date": "2024-10-16", "time": "08:40", "count": null, "note": "車両走行中目撃。南方向へ立ち去った。", "source": "大津市 ツキノワグマ出没マップ (https://www.city.otsu.lg.jp/soshiki/025/1605/g/t/74581.html)"}}, {"type": "Feature", "geometry": {"type": "Point", "coordinates": [135.9054545, 35.1942842]}, "properties": {"prefecture": "滋賀県", "city": "大津市", "place": "八屋戸", "date": "2024-10-14", "time": "13:50", "count": null, "note": "木を登っているところを目撃", "source": "大津市 ツキノワグマ出没マップ (https://www.city.otsu.lg.jp/soshiki/025/1605/g/t/74581.html)"}}, {"type": "Feature", "geometry": {"type": "Point", "coordinates": [135.8856071, 35.213118]}, "properties": {"prefecture": "滋賀県", "city": "大津市", "place": "葛川木戸口町", "date": "2024-10-12", "time": "06:00", "count": null, "note": "目撃", "source": "大津市 ツキノワグマ出没マップ (https://www.city.otsu.lg.jp/soshiki/025/1605/g/t/74581.html)"}}, {"type": "Feature", "geometry": {"type": "Point", "coordinates": [135.8852996, 35.2125106]}, "properties": {"prefecture": "滋賀県", "city": "大津市", "place": "葛川木戸口町", "date": "2024-10-11", "time": "17:30", "count": null, "note": "目撃", "source": "大津市 ツキノワグマ出没マップ (https://www.city.otsu.lg.jp/soshiki/025/1605/g/t/74581.html)"}}, {"type": "Feature", "geometry": {"type": "Point", "coordinates": [136.0401758, 34.9559461]}, "properties": {"prefecture": "滋賀県", "city": "大津市", "place": "上田上大鳥居町", "date": "2024-10-08", "time": "17:25", "count": null, "note": "熊らしき動物が東方向へ道路横断", "source": "大津市 ツキノワグマ出没マップ (https://www.city.otsu.lg.jp/soshiki/025/1605/g/t/74581.html)"}}, {"type": "Feature", "geometry": {"type": "Point", "coordinates": [135.8830943, 35.1636653]}, "properties": {"prefecture": "滋賀県", "city": "大津市", "place": "伊香立上龍華町　錯誤捕獲", "date": "2024-10-08", "time": null, "count": null, "note": null, "source": "大津市 ツキノワグマ出没マップ (https://www.city.otsu.lg.jp/soshiki/025/1605/g/t/74581.html)"}}, {"type": "Feature", "geometry": {"type": "Point", "coordinates": [135.8830013, 35.2423058]}, "properties": {"prefecture": "滋賀県", "city": "大津市", "place": "葛川坊村町", "date": "2024-09-26", "time": "06:10", "count": null, "note": "目撃", "source": "大津市 ツキノワグマ出没マップ (https://www.city.otsu.lg.jp/soshiki/025/1605/g/t/74581.html)"}}, {"type": "Feature", "geometry": {"type": "Point", "coordinates": [135.8691771, 35.2459875]}, "properties": {"prefecture": "滋賀県", "city": "大津市", "place": "葛川坊村町", "date": "2024-09-26", "time": "05:45", "count": null, "note": "目撃", "source": "大津市 ツキノワグマ出没マップ (https://www.city.otsu.lg.jp/soshiki/025/1605/g/t/74581.html)"}}, {"type": "Feature", "geometry": {"type": "Point", "coordinates": [135.8852855, 35.14502]}, "properties": {"prefecture": "滋賀県", "city": "大津市", "place": "伊香立下在地町", "date": "2024-09-26", "time": "03:00", "count": null, "note": "目撃　北方向山中へ立ち去った", "source": "大津市 ツキノワグマ出没マップ (https://www.city.otsu.lg.jp/soshiki/025/1605/g/t/74581.html)"}}, {"type": "Feature", "geometry": {"type": "Point", "coordinates": [135.8768855, 35.1646958]}, "properties": {"prefecture": "滋賀県", "city": "大津市", "place": "伊香立上龍華町　錯誤捕獲", "date": "2024-09-12", "time": null, "count": null, "note": null, "source": "大津市 ツキノワグマ出没マップ (https://www.city.otsu.lg.jp/soshiki/025/1605/g/t/74581.html)"}}, {"type": "Feature", "geometry": {"type": "Point", "coordinates": [135.8865085, 35.2370006]}, "properties": {"prefecture": "滋賀県", "city": "大津市", "place": "葛川坊村町", "date": "2024-09-08", "time": "11:50", "count": null, "note": "登山中、三の滝と夫婦滝の中間あたりで目撃", "source": "大津市 ツキノワグマ出没マップ (https://www.city.otsu.lg.jp/soshiki/025/1605/g/t/74581.html)"}}, {"type": "Feature", "geometry": {"type": "Point", "coordinates": [135.8576663, 35.213784]}, "properties": {"prefecture": "滋賀県", "city": "大津市", "place": "葛川坂下町", "date": "2024-08-22", "time": "21:30", "count": null, "note": "目撃", "source": "大津市 ツキノワグマ出没マップ (https://www.city.otsu.lg.jp/soshiki/025/1605/g/t/74581.html)"}}, {"type": "Feature", "geometry": {"type": "Point", "coordinates": [135.9392567, 35.2325884]}, "properties": {"prefecture": "滋賀県", "city": "大津市", "place": "北比良", "date": "2024-08-14", "time": "23:00", "count": null, "note": "目撃", "source": "大津市 ツキノワグマ出没マップ (https://www.city.otsu.lg.jp/soshiki/025/1605/g/t/74581.html)"}}, {"type": "Feature", "geometry": {"type": "Point", "coordinates": [135.9122542, 35.1976177]}, "properties": {"prefecture": "滋賀県", "city": "大津市", "place": "木戸　錯誤捕獲", "date": "2024-08-07", "time": null, "count": null, "note": null, "source": "大津市 ツキノワグマ出没マップ (https://www.city.otsu.lg.jp/soshiki/025/1605/g/t/74581.html)"}}, {"type": "Feature", "geometry": {"type": "Point", "coordinates": [135.8999623, 35.1734181]}, "properties": {"prefecture": "滋賀県", "city": "大津市", "place": "和邇北浜　錯誤捕獲", "date": "2024-08-05", "time": null, "count": null, "note": null, "source": "大津市 ツキノワグマ出没マップ (https://www.city.otsu.lg.jp/soshiki/025/1605/g/t/74581.html)"}}, {"type": "Feature", "geometry": {"type": "Point", "coordinates": [135.8596567, 35.2031453]}, "properties": {"prefecture": "滋賀県", "city": "大津市", "place": "葛川坂下町　錯誤捕獲", "date": "2024-07-29", "time": null, "count": null, "note": null, "source": "大津市 ツキノワグマ出没マップ (https://www.city.otsu.lg.jp/soshiki/025/1605/g/t/74581.html)"}}, {"type": "Feature", "geometry": {"type": "Point", "coordinates": [135.8711605, 35.2650386]}, "properties": {"prefecture": "滋賀県", "city": "大津市", "place": "葛川梅ノ木町", "date": "2024-07-24", "time": "17:45", "count": null, "note": "南方向へ道路を横断", "source": "大津市 ツキノワグマ出没マップ (https://www.city.otsu.lg.jp/soshiki/025/1605/g/t/74581.html)"}}, {"type": "Feature", "geometry": {"type": "Point", "coordinates": [135.8800212, 34.9838186]}, "properties": {"prefecture": "滋賀県", "city": "大津市", "place": "富士見台", "date": "2024-06-23", "time": "06:50", "count": null, "note": "目撃", "source": "大津市 ツキノワグマ出没マップ (https://www.city.otsu.lg.jp/soshiki/025/1605/g/t/74581.html)"}}, {"type": "Feature", "geometry": {"type": "Point", "coordinates": [135.9534306, 35.2475896]}, "properties": {"prefecture": "滋賀県", "city": "大津市", "place": "北小松", "date": "2024-06-18", "time": "22:30", "count": null, "note": "目撃", "source": "大津市 ツキノワグマ出没マップ (https://www.city.otsu.lg.jp/soshiki/025/1605/g/t/74581.html)"}}, {"type": "Feature", "geometry": {"type": "Point", "coordinates": [135.8763612, 35.1534932]}, "properties": {"prefecture": "滋賀県", "city": "大津市", "place": "伊香立下在地町", "date": "2024-06-15", "time": "17:30", "count": null, "note": "車走行中に目撃", "source": "大津市 ツキノワグマ出没マップ (https://www.city.otsu.lg.jp/soshiki/025/1605/g/t/74581.html)"}}, {"type": "Feature", "geometry": {"type": "Point", "coordinates": [135.8892135, 35.1715962]}, "properties": {"prefecture": "滋賀県", "city": "大津市", "place": "栗原　錯誤捕獲", "date": "2024-06-13", "time": null, "count": null, "note": null, "source": "大津市 ツキノワグマ出没マップ (https://www.city.otsu.lg.jp/soshiki/025/1605/g/t/74581.html)"}}, {"type": "Feature", "geometry": {"type": "Point", "coordinates": [135.955174, 35.2495281]}, "properties": {"prefecture": "滋賀県", "city": "大津市", "place": "北小松", "date": "2024-06-13", "time": "02:30", "count": null, "note": "熊らしき動物を目撃", "source": "大津市 ツキノワグマ出没マップ (https://www.city.otsu.lg.jp/soshiki/025/1605/g/t/74581.html)"}}, {"type": "Feature", "geometry": {"type": "Point", "coordinates": [135.8711241, 34.9812916]}, "properties": {"prefecture": "滋賀県", "city": "大津市", "place": "膳所池ノ内町", "date": "2024-06-12", "time": "06:00", "count": null, "note": "熊の足跡らしき痕跡", "source": "大津市 ツキノワグマ出没マップ (https://www.city.otsu.lg.jp/soshiki/025/1605/g/t/74581.html)"}}, {"type": "Feature", "geometry": {"type": "Point", "coordinates": [135.9495401, 35.224032]}, "properties": {"prefecture": "滋賀県", "city": "大津市", "place": "北比良", "date": "2024-06-03", "time": "15:20", "count": null, "note": "草むらに熊らしき動物を目撃", "source": "大津市 ツキノワグマ出没マップ (https://www.city.otsu.lg.jp/soshiki/025/1605/g/t/74581.html)"}}, {"type": "Feature", "geometry": {"type": "Point", "coordinates": [135.8808667, 35.1786848]}, "properties": {"prefecture": "滋賀県", "city": "大津市", "place": "和邇北浜", "date": "2024-05-31", "time": "09:30", "count": null, "note": "１頭　登山道霊仙山口付近で山頂方向から下ってきたのち、山頂方向へ逃げた。", "source": "大津市 ツキノワグマ出没マップ (https://www.city.otsu.lg.jp/soshiki/025/1605/g/t/74581.html)"}}, {"type": "Feature", "geometry": {"type": "Point", "coordinates": [135.8915486, 35.1422705]}, "properties": {"prefecture": "滋賀県", "city": "大津市", "place": "山百合の丘", "date": "2024-05-25", "time": "15:30", "count": null, "note": "１頭　雑木林の歩行中、倒木でできた穴に熊らしき動物を目視", "source": "大津市 ツキノワグマ出没マップ (https://www.city.otsu.lg.jp/soshiki/025/1605/g/t/74581.html)"}}, {"type": "Feature", "geometry": {"type": "Point", "coordinates": [135.8757484, 35.1626864]}, "properties": {"prefecture": "滋賀県", "city": "大津市", "place": "伊香立上龍華町　錯誤捕獲", "date": "2024-05-06", "time": null, "count": null, "note": null, "source": "大津市 ツキノワグマ出没マップ (https://www.city.otsu.lg.jp/soshiki/025/1605/g/t/74581.html)"}}, {"type": "Feature", "geometry": {"type": "Point", "coordinates": [135.8859714, 35.1427895]}, "properties": {"prefecture": "滋賀県", "city": "大津市", "place": "伊香立下在地町", "date": "2024-02-22", "time": null, "count": null, "note": null, "source": "大津市 ツキノワグマ出没マップ (https://www.city.otsu.lg.jp/soshiki/025/1605/g/t/74581.html)"}}, {"type": "Feature", "geometry": {"type": "Point", "coordinates": [135.8271864, 35.0234707]}, "properties": {"prefecture": "滋賀県", "city": "大津市", "place": "比叡平", "date": "2023-11-01", "time": null, "count": null, "note": null, "source": "大津市 ツキノワグマ出没マップ (https://www.city.otsu.lg.jp/soshiki/025/1605/g/t/74581.html)"}}, {"type": "Feature", "geometry": {"type": "Point", "coordinates": [135.9557252, 35.2479553]}, "properties": {"prefecture": "滋賀県", "city": "大津市", "place": "北小松", "date": "2023-10-30", "time": null, "count": null, "note": null, "source": "大津市 ツキノワグマ出没マップ (https://www.city.otsu.lg.jp/soshiki/025/1605/g/t/74581.html)"}}, {"type": "Feature", "geometry": {"type": "Point", "coordinates": [135.9460016, 35.2415702]}, "properties": {"prefecture": "滋賀県", "city": "大津市", "place": "南小松", "date": "2023-08-18", "time": null, "count": null, "note": null, "source": "大津市 ツキノワグマ出没マップ (https://www.city.otsu.lg.jp/soshiki/025/1605/g/t/74581.html)"}}, {"type": "Feature", "geometry": {"type": "Point", "coordinates": [135.8604304, 35.1704594]}, "properties": {"prefecture": "滋賀県", "city": "大津市", "place": "伊香立途中町", "date": "2023-07-04", "time": null, "count": null, "note": null, "source": "大津市 ツキノワグマ出没マップ (https://www.city.otsu.lg.jp/soshiki/025/1605/g/t/74581.html)"}}, {"type": "Feature", "geometry": {"type": "Point", "coordinates": [135.965354, 35.2523191]}, "properties": {"prefecture": "滋賀県", "city": "大津市", "place": "北小松", "date": "2023-06-09", "time": null, "count": null, "note": "20：00頃", "source": "大津市 ツキノワグマ出没マップ (https://www.city.otsu.lg.jp/soshiki/025/1605/g/t/74581.html)"}}, {"type": "Feature", "geometry": {"type": "Point", "coordinates": [135.9439937, 35.2299516]}, "properties": {"prefecture": "滋賀県", "city": "大津市", "place": "北比良", "date": "2023-06-08", "time": null, "count": null, "note": null, "source": "大津市 ツキノワグマ出没マップ (https://www.city.otsu.lg.jp/soshiki/025/1605/g/t/74581.html)"}}, {"type": "Feature", "geometry": {"type": "Point", "coordinates": [135.9466232, 35.2403138]}, "properties": {"prefecture": "滋賀県", "city": "大津市", "place": "南小松", "date": "2023-05-31", "time": null, "count": null, "note": null, "source": "大津市 ツキノワグマ出没マップ (https://www.city.otsu.lg.jp/soshiki/025/1605/g/t/74581.html)"}}, {"type": "Feature", "geometry": {"type": "Point", "coordinates": [135.8860368, 35.1694801]}, "properties": {"prefecture": "滋賀県", "city": "大津市", "place": "栗原", "date": "2023-05-28", "time": null, "count": null, "note": null, "source": "大津市 ツキノワグマ出没マップ (https://www.city.otsu.lg.jp/soshiki/025/1605/g/t/74581.html)"}}, {"type": "Feature", "geometry": {"type": "Point", "coordinates": [135.8715698, 35.2464783]}, "properties": {"prefecture": "滋賀県", "city": "大津市", "place": "葛川坊村町", "date": "2023-05-12", "time": null, "count": null, "note": null, "source": "大津市 ツキノワグマ出没マップ (https://www.city.otsu.lg.jp/soshiki/025/1605/g/t/74581.html)"}}, {"type": "Feature", "geometry": {"type": "Point", "coordinates": [136.86070920356298, 35.863713610997685]}, "properties": {"prefecture": "岐阜県", "city": "郡上市", "place": "白鳥庁舎", "date": "2025-04-11", "time": "7時~8時", "count": 1, "note": "その他・自宅", "source": "岐阜県オープンデータ「クママップ」令和7年度分 (CC-BY 2.1 JP, https://gifu-opendata.pref.gifu.lg.jp/dataset/c11265-010)"}}, {"type": "Feature", "geometry": {"type": "Point", "coordinates": [136.48679884361076, 35.63965197048536]}, "properties": {"prefecture": "岐阜県", "city": "揖斐川町", "place": "藤橋村", "date": "2025-04-08", "time": "14時~15時", "count": 1, "note": "国・県・市道・建設作業", "source": "岐阜県オープンデータ「クママップ」令和7年度分 (CC-BY 2.1 JP, https://gifu-opendata.pref.gifu.lg.jp/dataset/c11265-010)"}}, {"type": "Feature", "geometry": {"type": "Point", "coordinates": [136.5290175142421, 35.52686818236538]}, "properties": {"prefecture": "岐阜県", "city": "揖斐川町", "place": "久瀬村", "date": "2025-04-07", "time": "8時~9時", "count": 1, "note": "国・県・市道・その他", "source": "岐阜県オープンデータ「クママップ」令和7年度分 (CC-BY 2.1 JP, https://gifu-opendata.pref.gifu.lg.jp/dataset/c11265-010)"}}, {"type": "Feature", "geometry": {"type": "Point", "coordinates": [136.8640661854548, 35.88142441329342]}, "properties": {"prefecture": "岐阜県", "city": "郡上市", "place": "白鳥町", "date": "2025-04-18", "time": "7時~8時", "count": 1, "note": "山林・通勤・通学", "source": "岐阜県オープンデータ「クママップ」令和7年度分 (CC-BY 2.1 JP, https://gifu-opendata.pref.gifu.lg.jp/dataset/c11265-010)"}}, {"type": "Feature", "geometry": {"type": "Point", "coordinates": [137.2722482768835, 35.48740097582215]}, "properties": {"prefecture": "岐阜県", "city": "恵那市", "place": "飯地町西山", "date": "2025-04-17", "time": "19時~20時", "count": 2, "note": "山林・建設作業", "source": "岐阜県オープンデータ「クママップ」令和7年度分 (CC-BY 2.1 JP, https://gifu-opendata.pref.gifu.lg.jp/dataset/c11265-010)"}}, {"type": "Feature", "geometry": {"type": "Point", "coordinates": [137.43131604360585, 35.370155503991285]}, "properties": {"prefecture": "岐阜県", "city": "恵那市", "place": "岩村町", "date": "2025-04-22", "time": "10時~11時", "count": 1, "note": "国・県・市道・その他車移動", "source": "岐阜県オープンデータ「クママップ」令和7年度分 (CC-BY 2.1 JP, https://gifu-opendata.pref.gifu.lg.jp/dataset/c11265-010)"}}, {"type": "Feature", "geometry": {"type": "Point", "coordinates": [137.38856915181785, 35.337959508056876]}, "properties": {"prefecture": "岐阜県", "city": "恵那市", "place": "山岡町", "date": "2025-04-22", "time": "10時~11時", "count": 1, "note": "国・県・市道・その他車移動", "source": "岐阜県オープンデータ「クママップ」令和7年度分 (CC-BY 2.1 JP, https://gifu-opendata.pref.gifu.lg.jp/dataset/c11265-010)"}}, {"type": "Feature", "geometry": {"type": "Point", "coordinates": [137.02857000510113, 36.27516826923129]}, "properties": {"prefecture": "岐阜県", "city": "飛騨市", "place": "河合町", "date": "2025-04-21", "time": "17時~18時", "count": 1, "note": "山林・家畜作業", "source": "岐阜県オープンデータ「クママップ」令和7年度分 (CC-BY 2.1 JP, https://gifu-opendata.pref.gifu.lg.jp/dataset/c11265-010)"}}, {"type": "Feature", "geometry": {"type": "Point", "coordinates": [136.89663905963243, 35.89040276528441]}, "properties": {"prefecture": "岐阜県", "city": "郡上市", "place": "白鳥町", "date": "2025-04-22", "time": "16時~17時", "count": 1, "note": "国・県・市道・自宅", "source": "岐阜県オープンデータ「クママップ」令和7年度分 (CC-BY 2.1 JP, https://gifu-opendata.pref.gifu.lg.jp/dataset/c11265-010)"}}, {"type": "Feature", "geometry": {"type": "Point", "coordinates": [137.30334729325403, 36.332558165168564]}, "properties": {"prefecture": "岐阜県", "city": "飛騨市", "place": "神岡町", "date": "2025-04-22", "time": "16時~17時", "count": 1, "note": "国・県・市道・その他", "source": "岐阜県オープンデータ「クママップ」令和7年度分 (CC-BY 2.1 JP, https://gifu-opendata.pref.gifu.lg.jp/dataset/c11265-010)"}}, {"type": "Feature", "geometry": {"type": "Point", "coordinates": [136.59799470536956, 35.529545446755634]}, "properties": {"prefecture": "岐阜県", "city": "揖斐川町", "place": "谷汲村", "date": "2025-04-22", "time": "12時~13時", "count": 1, "note": "その他・その他", "source": "岐阜県オープンデータ「クママップ」令和7年度分 (CC-BY 2.1 JP, https://gifu-opendata.pref.gifu.lg.jp/dataset/c11265-010)"}}, {"type": "Feature", "geometry": {"type": "Point", "coordinates": [136.59798982778406, 35.52945528567876]}, "properties": {"prefecture": "岐阜県", "city": "揖斐川町", "place": "谷汲村", "date": "2025-04-23", "time": "12時~13時", "count": 1, "note": "その他・その他", "source": "岐阜県オープンデータ「クママップ」令和7年度分 (CC-BY 2.1 JP, https://gifu-opendata.pref.gifu.lg.jp/dataset/c11265-010)"}}, {"type": "Feature", "geometry": {"type": "Point", "coordinates": [137.1200585329093, 35.5550512928247]}, "properties": {"prefecture": "岐阜県", "city": "七宗町", "place": "七宗町", "date": "2025-04-28", "time": "12時~13時", "count": 1, "note": "山林・自宅", "source": "岐阜県オープンデータ「クママップ」令和7年度分 (CC-BY 2.1 JP, https://gifu-opendata.pref.gifu.lg.jp/dataset/c11265-010)"}}, {"type": "Feature", "geometry": {"type": "Point", "coordinates": [136.7398606404167, 35.60338500106989]}, "properties": {"prefecture": "岐阜県", "city": "山県市", "place": "旧美山町", "date": "2025-04-20", "time": "10時~11時", "count": 1, "note": "山林・その他", "source": "岐阜県オープンデータ「クママップ」令和7年度分 (CC-BY 2.1 JP, https://gifu-opendata.pref.gifu.lg.jp/dataset/c11265-010)"}}, {"type": "Feature", "geometry": {"type": "Point", "coordinates": [136.50107842420263, 35.64492016558437]}, "properties": {"prefecture": "岐阜県", "city": "揖斐川町", "place": "藤橋村", "date": "2025-04-25", "time": "10時~11時", "count": 1, "note": "国・県・市道・その他", "source": "岐阜県オープンデータ「クママップ」令和7年度分 (CC-BY 2.1 JP, https://gifu-opendata.pref.gifu.lg.jp/dataset/c11265-010)"}}, {"type": "Feature", "geometry": {"type": "Point", "coordinates": [137.22750890946745, 35.340476368099395]}, "properties": {"prefecture": "岐阜県", "city": "土岐市", "place": "土岐市", "date": "2025-05-01", "time": "10時~11時", "count": 1, "note": "山林・自宅", "source": "岐阜県オープンデータ「クママップ」令和7年度分 (CC-BY 2.1 JP, https://gifu-opendata.pref.gifu.lg.jp/dataset/c11265-010)"}}, {"type": "Feature", "geometry": {"type": "Point", "coordinates": [137.14904111613666, 35.538588891344055]}, "properties": {"prefecture": "岐阜県", "city": "八百津町", "place": "上吉田", "date": "2025-04-24", "time": "16時~17時", "count": 2, "note": "山林・その他", "source": "岐阜県オープンデータ「クママップ」令和7年度分 (CC-BY 2.1 JP, https://gifu-opendata.pref.gifu.lg.jp/dataset/c11265-010)"}}, {"type": "Feature", "geometry": {"type": "Point", "coordinates": [137.14913071753315, 35.538600171821344]}, "properties": {"prefecture": "岐阜県", "city": "八百津町", "place": "上吉田", "date": "2025-04-29", "time": "16時~17時", "count": 2, "note": "山林・その他", "source": "岐阜県オープンデータ「クママップ」令和7年度分 (CC-BY 2.1 JP, https://gifu-opendata.pref.gifu.lg.jp/dataset/c11265-010)"}}, {"type": "Feature", "geometry": {"type": "Point", "coordinates": [137.40287544131291, 35.43839377295209]}, "properties": {"prefecture": "岐阜県", "city": "恵那市", "place": "恵那市", "date": "2025-05-01", "time": "18時~19時", "count": 1, "note": "国・県・市道・その他車移動", "source": "岐阜県オープンデータ「クママップ」令和7年度分 (CC-BY 2.1 JP, https://gifu-opendata.pref.gifu.lg.jp/dataset/c11265-010)"}}, {"type": "Feature", "geometry": {"type": "Point", "coordinates": [136.5749576362753, 35.50505678687318]}, "properties": {"prefecture": "岐阜県", "city": "揖斐川町", "place": "揖斐川町", "date": "2025-05-06", "time": "18時~19時", "count": 1, "note": "農地・自宅", "source": "岐阜県オープンデータ「クママップ」令和7年度分 (CC-BY 2.1 JP, https://gifu-opendata.pref.gifu.lg.jp/dataset/c11265-010)"}}, {"type": "Feature", "geometry": {"type": "Point", "coordinates": [136.56551296018992, 35.497065534602875]}, "properties": {"prefecture": "岐阜県", "city": "揖斐川町", "place": "揖斐川町", "date": "2025-05-04", "time": "14時~15時", "count": 1, "note": "その他・その他", "source": "岐阜県オープンデータ「クママップ」令和7年度分 (CC-BY 2.1 JP, https://gifu-opendata.pref.gifu.lg.jp/dataset/c11265-010)"}}, {"type": "Feature", "geometry": {"type": "Point", "coordinates": [136.55277472439607, 35.51660868516377]}, "properties": {"prefecture": "岐阜県", "city": "揖斐川町", "place": "揖斐川町", "date": "2025-05-07", "time": "10時~11時", "count": 1, "note": "山林・その他", "source": "岐阜県オープンデータ「クママップ」令和7年度分 (CC-BY 2.1 JP, https://gifu-opendata.pref.gifu.lg.jp/dataset/c11265-010)"}}, {"type": "Feature", "geometry": {"type": "Point", "coordinates": [136.4712299566157, 35.49722595825003]}, "properties": {"prefecture": "岐阜県", "city": "揖斐川町", "place": "春日村", "date": "2025-05-05", "time": "14時~15時", "count": 1, "note": "山林・登山", "source": "岐阜県オープンデータ「クママップ」令和7年度分 (CC-BY 2.1 JP, https://gifu-opendata.pref.gifu.lg.jp/dataset/c11265-010)"}}, {"type": "Feature", "geometry": {"type": "Point", "coordinates": [136.6535027555482, 35.51428214086]}, "properties": {"prefecture": "岐阜県", "city": "本巣市", "place": "本巣町", "date": "2025-05-05", "time": "14時~15時", "count": 1, "note": "山林・通勤・通学", "source": "岐阜県オープンデータ「クママップ」令和7年度分 (CC-BY 2.1 JP, https://gifu-opendata.pref.gifu.lg.jp/dataset/c11265-010)"}}, {"type": "Feature", "geometry": {"type": "Point", "coordinates": [136.50674434461982, 35.47237153208046]}, "properties": {"prefecture": "岐阜県", "city": "揖斐川町", "place": "春日村", "date": "2025-05-09", "time": "5時~6時", "count": 1, "note": "山林・通勤・通学", "source": "岐阜県オープンデータ「クママップ」令和7年度分 (CC-BY 2.1 JP, https://gifu-opendata.pref.gifu.lg.jp/dataset/c11265-010)"}}, {"type": "Feature", "geometry": {"type": "Point", "coordinates": [136.54197884821136, 35.42512458110216]}, "properties": {"prefecture": "岐阜県", "city": "池田町", "place": "池田町", "date": "2025-05-03", "time": "14時~15時", "count": 1, "note": "林道・その他車移動", "source": "岐阜県オープンデータ「クママップ」令和7年度分 (CC-BY 2.1 JP, https://gifu-opendata.pref.gifu.lg.jp/dataset/c11265-010)"}}, {"type": "Feature", "geometry": {"type": "Point", "coordinates": [136.53889811089624, 35.427342367868405]}, "properties": {"prefecture": "岐阜県", "city": "池田町", "place": "池田町", "date": "2025-05-05", "time": "16時~17時", "count": 1, "note": "林道・その他車移動", "source": "岐阜県オープンデータ「クママップ」令和7年度分 (CC-BY 2.1 JP, https://gifu-opendata.pref.gifu.lg.jp/dataset/c11265-010)"}}, {"type": "Feature", "geometry": {"type": "Point", "coordinates": [136.90859277052155, 36.26274536945965]}, "properties": {"prefecture": "岐阜県", "city": "白川村", "place": "白川村", "date": "2025-04-26", "time": "11時~12時", "count": 1, "note": "その他・散歩", "source": "岐阜県オープンデータ「クママップ」令和7年度分 (CC-BY 2.1 JP, https://gifu-opendata.pref.gifu.lg.jp/dataset/c11265-010)"}}, {"type": "Feature", "geometry": {"type": "Point", "coordinates": [136.90893791662018, 36.2627010497779]}, "properties": {"prefecture": "岐阜県", "city": "白川村", "place": "白川村", "date": "2025-04-27", "time": "11時~12時", "count": 1, "note": "農地・通勤・通学", "source": "岐阜県オープンデータ「クママップ」令和7年度分 (CC-BY 2.1 JP, https://gifu-opendata.pref.gifu.lg.jp/dataset/c11265-010)"}}, {"type": "Feature", "geometry": {"type": "Point", "coordinates": [136.90872965604578, 36.26257667461971]}, "properties": {"prefecture": "岐阜県", "city": "白川村", "place": "白川村", "date": "2025-05-03", "time": "11時~12時", "count": 1, "note": "その他・散歩", "source": "岐阜県オープンデータ「クママップ」令和7年度分 (CC-BY 2.1 JP, https://gifu-opendata.pref.gifu.lg.jp/dataset/c11265-010)"}}, {"type": "Feature", "geometry": {"type": "Point", "coordinates": [136.90888819490644, 36.26089837926967]}, "properties": {"prefecture": "岐阜県", "city": "白川村", "place": "白川村", "date": "2025-05-05", "time": "11時~12時", "count": 1, "note": "山林・通勤・通学", "source": "岐阜県オープンデータ「クママップ」令和7年度分 (CC-BY 2.1 JP, https://gifu-opendata.pref.gifu.lg.jp/dataset/c11265-010)"}}, {"type": "Feature", "geometry": {"type": "Point", "coordinates": [136.89227196836126, 36.25480649094429]}, "properties": {"prefecture": "岐阜県", "city": "白川村", "place": "白川村", "date": "2025-05-08", "time": "8時~9時", "count": 2, "note": "河川敷・通勤・通学", "source": "岐阜県オープンデータ「クママップ」令和7年度分 (CC-BY 2.1 JP, https://gifu-opendata.pref.gifu.lg.jp/dataset/c11265-010)"}}, {"type": "Feature", "geometry": {"type": "Point", "coordinates": [136.77627762031452, 35.55609588029533]}, "properties": {"prefecture": "岐阜県", "city": "山県市", "place": "旧美山町", "date": "2025-05-14", "time": "12時~13時", "count": 1, "note": "林道・その他車移動", "source": "岐阜県オープンデータ「クママップ」令和7年度分 (CC-BY 2.1 JP, https://gifu-opendata.pref.gifu.lg.jp/dataset/c11265-010)"}}, {"type": "Feature", "geometry": {"type": "Point", "coordinates": [137.15089844951953, 35.539729974177874]}, "properties": {"prefecture": "岐阜県", "city": "八百津町", "place": "上吉田", "date": "2025-05-18", "time": "6時~7時", "count": 1, "note": "山林・その他", "source": "岐阜県オープンデータ「クママップ」令和7年度分 (CC-BY 2.1 JP, https://gifu-opendata.pref.gifu.lg.jp/dataset/c11265-010)"}}, {"type": "Feature", "geometry": {"type": "Point", "coordinates": [136.55354308012156, 35.39044631390566]}, "properties": {"prefecture": "岐阜県", "city": "大垣市", "place": "大垣市", "date": "2025-05-19", "time": "7時~8時", "count": 1, "note": "山林・その他", "source": "岐阜県オープンデータ「クママップ」令和7年度分 (CC-BY 2.1 JP, https://gifu-opendata.pref.gifu.lg.jp/dataset/c11265-010)"}}, {"type": "Feature", "geometry": {"type": "Point", "coordinates": [136.555699013222, 35.392845941493846]}, "properties": {"prefecture": "岐阜県", "city": "大垣市", "place": "大垣市", "date": "2025-05-19", "time": "7時~8時", "count": 1, "note": "山林・その他", "source": "岐阜県オープンデータ「クママップ」令和7年度分 (CC-BY 2.1 JP, https://gifu-opendata.pref.gifu.lg.jp/dataset/c11265-010)"}}, {"type": "Feature", "geometry": {"type": "Point", "coordinates": [136.4136602607382, 35.60168562046579]}, "properties": {"prefecture": "岐阜県", "city": "揖斐川町", "place": "坂内村", "date": "2025-05-20", "time": "14時~15時", "count": 1, "note": "その他・その他", "source": "岐阜県オープンデータ「クママップ」令和7年度分 (CC-BY 2.1 JP, https://gifu-opendata.pref.gifu.lg.jp/dataset/c11265-010)"}}, {"type": "Feature", "geometry": {"type": "Point", "coordinates": [137.2415529872998, 35.7781946571146]}, "properties": {"prefecture": "岐阜県", "city": "下呂市", "place": "旧下呂町", "date": "2025-05-22", "time": "7時~8時", "count": 1, "note": "国・県・市道・通勤・通学", "source": "岐阜県オープンデータ「クママップ」令和7年度分 (CC-BY 2.1 JP, https://gifu-opendata.pref.gifu.lg.jp/dataset/c11265-010)"}}, {"type": "Feature", "geometry": {"type": "Point", "coordinates": [136.52526612230724, 35.5855643484151]}, "properties": {"prefecture": "岐阜県", "city": "揖斐川町", "place": "久瀬村", "date": "2025-05-20", "time": "13時~14時", "count": 1, "note": "農地・農作業", "source": "岐阜県オープンデータ「クママップ」令和7年度分 (CC-BY 2.1 JP, https://gifu-opendata.pref.gifu.lg.jp/dataset/c11265-010)"}}, {"type": "Feature", "geometry": {"type": "Point", "coordinates": [137.06875375752185, 35.74310817494062]}, "properties": {"prefecture": "岐阜県", "city": "郡上市", "place": "和良町", "date": "2025-05-23", "time": "18時~19時", "count": 1, "note": "河川敷・散歩", "source": "岐阜県オープンデータ「クママップ」令和7年度分 (CC-BY 2.1 JP, https://gifu-opendata.pref.gifu.lg.jp/dataset/c11265-010)"}}, {"type": "Feature", "geometry": {"type": "Point", "coordinates": [137.06706270272016, 35.73822140222125]}, "properties": {"prefecture": "岐阜県", "city": "郡上市", "place": "和良町", "date": "2025-05-24", "time": "6時~7時", "count": 1, "note": "河川敷・その他", "source": "岐阜県オープンデータ「クママップ」令和7年度分 (CC-BY 2.1 JP, https://gifu-opendata.pref.gifu.lg.jp/dataset/c11265-010)"}}, {"type": "Feature", "geometry": {"type": "Point", "coordinates": [137.06281859294089, 35.74151680088199]}, "properties": {"prefecture": "岐阜県", "city": "郡上市", "place": "和良町", "date": "2025-05-24", "time": "6時~7時", "count": 1, "note": "国・県・市道・その他車移動", "source": "岐阜県オープンデータ「クママップ」令和7年度分 (CC-BY 2.1 JP, https://gifu-opendata.pref.gifu.lg.jp/dataset/c11265-010)"}}, {"type": "Feature", "geometry": {"type": "Point", "coordinates": [137.45522938161764, 35.556456937783395]}, "properties": {"prefecture": "岐阜県", "city": "中津川市", "place": "福岡小池地内", "date": "2025-05-24", "time": "17時~18時", "count": 1, "note": "国・県・市道・その他車移動", "source": "岐阜県オープンデータ「クママップ」令和7年度分 (CC-BY 2.1 JP, https://gifu-opendata.pref.gifu.lg.jp/dataset/c11265-010)"}}, {"type": "Feature", "geometry": {"type": "Point", "coordinates": [137.03377304770765, 36.275946449883676]}, "properties": {"prefecture": "岐阜県", "city": "飛騨市", "place": "河合町", "date": "2025-05-03", "time": "9時~10時", "count": 1, "note": "山林・農作業", "source": "岐阜県オープンデータ「クママップ」令和7年度分 (CC-BY 2.1 JP, https://gifu-opendata.pref.gifu.lg.jp/dataset/c11265-010)"}}, {"type": "Feature", "geometry": {"type": "Point", "coordinates": [137.0786016220364, 36.3018940292927]}, "properties": {"prefecture": "岐阜県", "city": "飛騨市", "place": "河合町", "date": "2025-05-19", "time": "11時~12時", "count": 1, "note": "山林・建設作業", "source": "岐阜県オープンデータ「クママップ」令和7年度分 (CC-BY 2.1 JP, https://gifu-opendata.pref.gifu.lg.jp/dataset/c11265-010)"}}, {"type": "Feature", "geometry": {"type": "Point", "coordinates": [137.09372544446435, 36.30392138531934]}, "properties": {"prefecture": "岐阜県", "city": "飛騨市", "place": "河合町", "date": "2025-05-29", "time": "14時~15時", "count": 1, "note": "その他・その他", "source": "岐阜県オープンデータ「クママップ」令和7年度分 (CC-BY 2.1 JP, https://gifu-opendata.pref.gifu.lg.jp/dataset/c11265-010)"}}, {"type": "Feature", "geometry": {"type": "Point", "coordinates": [137.2393275301883, 35.778094619488954]}, "properties": {"prefecture": "岐阜県", "city": "下呂市", "place": "下呂町", "date": "2025-05-26", "time": "8時~9時", "count": 1, "note": "国・県・市道・通勤・通学", "source": "岐阜県オープンデータ「クママップ」令和7年度分 (CC-BY 2.1 JP, https://gifu-opendata.pref.gifu.lg.jp/dataset/c11265-010)"}}, {"type": "Feature", "geometry": {"type": "Point", "coordinates": [137.2107669930643, 35.70859710425946]}, "properties": {"prefecture": "岐阜県", "city": "下呂市", "place": "下呂町", "date": "2025-05-29", "time": "17時~18時", "count": 1, "note": "国・県・市道・自宅", "source": "岐阜県オープンデータ「クママップ」令和7年度分 (CC-BY 2.1 JP, https://gifu-opendata.pref.gifu.lg.jp/dataset/c11265-010)"}}, {"type": "Feature", "geometry": {"type": "Point", "coordinates": [136.88278227173748, 35.540939380153226]}, "properties": {"prefecture": "岐阜県", "city": "美濃市", "place": "美濃市", "date": "2025-05-29", "time": "22時~23時", "count": 1, "note": "山林・散歩", "source": "岐阜県オープンデータ「クママップ」令和7年度分 (CC-BY 2.1 JP, https://gifu-opendata.pref.gifu.lg.jp/dataset/c11265-010)"}}, {"type": "Feature", "geometry": {"type": "Point", "coordinates": [137.36945280914549, 36.21627003687192]}, "properties": {"prefecture": "岐阜県", "city": "高山市", "place": "丹生川町", "date": "2025-04-17", "time": "8時~9時", "count": 1, "note": "その他・その他", "source": "岐阜県オープンデータ「クママップ」令和7年度分 (CC-BY 2.1 JP, https://gifu-opendata.pref.gifu.lg.jp/dataset/c11265-010)"}}, {"type": "Feature", "geometry": {"type": "Point", "coordinates": [137.24147176619695, 36.22048554389669]}, "properties": {"prefecture": "岐阜県", "city": "高山市", "place": "国府町", "date": "2025-04-12", "time": "15時~16時", "count": 1, "note": "国・県・市道・その他車移動", "source": "岐阜県オープンデータ「クママップ」令和7年度分 (CC-BY 2.1 JP, https://gifu-opendata.pref.gifu.lg.jp/dataset/c11265-010)"}}, {"type": "Feature", "geometry": {"type": "Point", "coordinates": [137.27269153759926, 36.2117571755823]}, "properties": {"prefecture": "岐阜県", "city": "高山市", "place": "国府町宮地", "date": "2025-04-09", "time": "13時~14時", "count": 1, "note": "国・県・市道・その他車移動", "source": "岐阜県オープンデータ「クママップ」令和7年度分 (CC-BY 2.1 JP, https://gifu-opendata.pref.gifu.lg.jp/dataset/c11265-010)"}}, {"type": "Feature", "geometry": {"type": "Point", "coordinates": [137.54956883533413, 36.19481408856118]}, "properties": {"prefecture": "岐阜県", "city": "高山市", "place": "奥飛騨温泉郷", "date": "2025-04-27", "time": "12時~13時", "count": 1, "note": "国・県・市道・その他車移動", "source": "岐阜県オープンデータ「クママップ」令和7年度分 (CC-BY 2.1 JP, https://gifu-opendata.pref.gifu.lg.jp/dataset/c11265-010)"}}, {"type": "Feature", "geometry": {"type": "Point", "coordinates": [137.39945352828533, 36.066500442449346]}, "properties": {"prefecture": "岐阜県", "city": "高山市", "place": "朝日町", "date": "2025-04-27", "time": "9時~10時", "count": 1, "note": "国・県・市道・その他車移動", "source": "岐阜県オープンデータ「クママップ」令和7年度分 (CC-BY 2.1 JP, https://gifu-opendata.pref.gifu.lg.jp/dataset/c11265-010)"}}, {"type": "Feature", "geometry": {"type": "Point", "coordinates": [137.18175863904733, 36.4000322323722]}, "properties": {"prefecture": "岐阜県", "city": "飛騨市", "place": "宮川村桑野", "date": "2025-05-29", "time": "15時~16時", "count": 1, "note": "国・県・市道・その他車移動", "source": "岐阜県オープンデータ「クママップ」令和7年度分 (CC-BY 2.1 JP, https://gifu-opendata.pref.gifu.lg.jp/dataset/c11265-010)"}}, {"type": "Feature", "geometry": {"type": "Point", "coordinates": [137.1841431989055, 36.40691530348732]}, "properties": {"prefecture": "岐阜県", "city": "飛騨市", "place": "宮川町桑野", "date": "2025-05-30", "time": "9時~10時", "count": 1, "note": "国・県・市道・その他車移動", "source": "岐阜県オープンデータ「クママップ」令和7年度分 (CC-BY 2.1 JP, https://gifu-opendata.pref.gifu.lg.jp/dataset/c11265-010)"}}, {"type": "Feature", "geometry": {"type": "Point", "coordinates": [136.7935162754473, 35.52795453164334]}, "properties": {"prefecture": "岐阜県", "city": "山県市", "place": "旧高富町", "date": "2025-05-31", "time": "10時~11時", "count": 1, "note": "国・県・市道・散歩", "source": "岐阜県オープンデータ「クママップ」令和7年度分 (CC-BY 2.1 JP, https://gifu-opendata.pref.gifu.lg.jp/dataset/c11265-010)"}}, {"type": "Feature", "geometry": {"type": "Point", "coordinates": [137.2925479796886, 36.08599689800569]}, "properties": {"prefecture": "岐阜県", "city": "高山市", "place": "久々野町大西", "date": "2025-05-02", "time": "16時~17時", "count": 1, "note": "国・県・市道・その他車移動", "source": "岐阜県オープンデータ「クママップ」令和7年度分 (CC-BY 2.1 JP, https://gifu-opendata.pref.gifu.lg.jp/dataset/c11265-010)"}}, {"type": "Feature", "geometry": {"type": "Point", "coordinates": [137.5259452167619, 36.23864982389682]}, "properties": {"prefecture": "岐阜県", "city": "高山市", "place": "奥飛騨温泉郷一重ケ根", "date": "2025-05-05", "time": "6時~7時", "count": 1, "note": "住宅地・その他", "source": "岐阜県オープンデータ「クママップ」令和7年度分 (CC-BY 2.1 JP, https://gifu-opendata.pref.gifu.lg.jp/dataset/c11265-010)"}}, {"type": "Feature", "geometry": {"type": "Point", "coordinates": [137.24395384230158, 36.25251630566345]}, "properties": {"prefecture": "岐阜県", "city": "高山市", "place": "上宝町荒原", "date": "2025-05-12", "time": "16時~17時", "count": 1, "note": "国・県・市道・その他車移動", "source": "岐阜県オープンデータ「クママップ」令和7年度分 (CC-BY 2.1 JP, https://gifu-opendata.pref.gifu.lg.jp/dataset/c11265-010)"}}, {"type": "Feature", "geometry": {"type": "Point", "coordinates": [137.3617908450532, 35.53829993741236]}, "properties": {"prefecture": "岐阜県", "city": "中津川市", "place": "旧蛭川村", "date": "2025-06-01", "time": "不明", "count": 1, "note": "山林・その他車移動", "source": "岐阜県オープンデータ「クママップ」令和7年度分 (CC-BY 2.1 JP, https://gifu-opendata.pref.gifu.lg.jp/dataset/c11265-010)"}}, {"type": "Feature", "geometry": {"type": "Point", "coordinates": [137.2033348320678, 36.12648387303823]}, "properties": {"prefecture": "岐阜県", "city": "高山市", "place": "高山市新宮町", "date": "2025-05-15", "time": "13時~14時", "count": 1, "note": "住宅地・その他", "source": "岐阜県オープンデータ「クママップ」令和7年度分 (CC-BY 2.1 JP, https://gifu-opendata.pref.gifu.lg.jp/dataset/c11265-010)"}}, {"type": "Feature", "geometry": {"type": "Point", "coordinates": [137.39021414144625, 35.51633999869093]}, "properties": {"prefecture": "岐阜県", "city": "中津川市", "place": "旧蛭川村", "date": "2025-05-02", "time": "14時~15時", "count": 1, "note": "その他・その他車移動", "source": "岐阜県オープンデータ「クママップ」令和7年度分 (CC-BY 2.1 JP, https://gifu-opendata.pref.gifu.lg.jp/dataset/c11265-010)"}}, {"type": "Feature", "geometry": {"type": "Point", "coordinates": [137.26317611838664, 36.1585285118054]}, "properties": {"prefecture": "岐阜県", "city": "高山市", "place": "高山市三福寺町", "date": "2025-05-20", "time": "7時~8時", "count": 1, "note": "国・県・市道・その他車移動", "source": "岐阜県オープンデータ「クママップ」令和7年度分 (CC-BY 2.1 JP, https://gifu-opendata.pref.gifu.lg.jp/dataset/c11265-010)"}}, {"type": "Feature", "geometry": {"type": "Point", "coordinates": [137.2659473083834, 36.155419578383245]}, "properties": {"prefecture": "岐阜県", "city": "高山市", "place": "高山市三福寺町", "date": "2025-05-20", "time": "13時~14時", "count": 1, "note": "農地・その他", "source": "岐阜県オープンデータ「クママップ」令和7年度分 (CC-BY 2.1 JP, https://gifu-opendata.pref.gifu.lg.jp/dataset/c11265-010)"}}, {"type": "Feature", "geometry": {"type": "Point", "coordinates": [137.2721351344589, 36.15191330015642]}, "properties": {"prefecture": "岐阜県", "city": "高山市", "place": "高山市松之木町", "date": "2025-05-21", "time": "18時~19時", "count": 1, "note": "住宅地・その他車移動", "source": "岐阜県オープンデータ「クママップ」令和7年度分 (CC-BY 2.1 JP, https://gifu-opendata.pref.gifu.lg.jp/dataset/c11265-010)"}}, {"type": "Feature", "geometry": {"type": "Point", "coordinates": [137.51187345123702, 36.24893657822942]}, "properties": {"prefecture": "岐阜県", "city": "高山市", "place": "高山市奥飛騨温泉郷栃尾", "date": "2025-05-26", "time": "13時~14時", "count": 1, "note": "その他・その他", "source": "岐阜県オープンデータ「クママップ」令和7年度分 (CC-BY 2.1 JP, https://gifu-opendata.pref.gifu.lg.jp/dataset/c11265-010)"}}, {"type": "Feature", "geometry": {"type": "Point", "coordinates": [137.364070780541, 36.21344673217223]}, "properties": {"prefecture": "岐阜県", "city": "高山市", "place": "高山市丹生川町折敷地", "date": "2025-05-27", "time": "16時~17時", "count": 1, "note": "住宅地・自宅", "source": "岐阜県オープンデータ「クママップ」令和7年度分 (CC-BY 2.1 JP, https://gifu-opendata.pref.gifu.lg.jp/dataset/c11265-010)"}}, {"type": "Feature", "geometry": {"type": "Point", "coordinates": [137.24672480438608, 36.1701234575371]}, "properties": {"prefecture": "岐阜県", "city": "高山市", "place": "高山市下切町", "date": "2025-05-29", "time": "12時~13時", "count": 1, "note": "その他・その他", "source": "岐阜県オープンデータ「クママップ」令和7年度分 (CC-BY 2.1 JP, https://gifu-opendata.pref.gifu.lg.jp/dataset/c11265-010)"}}, {"type": "Feature", "geometry": {"type": "Point", "coordinates": [137.25627691194853, 36.1634245487336]}, "properties": {"prefecture": "岐阜県", "city": "高山市", "place": "高山市松本町", "date": "2025-05-29", "time": "17時~18時", "count": 1, "note": "農地・農作業", "source": "岐阜県オープンデータ「クママップ」令和7年度分 (CC-BY 2.1 JP, https://gifu-opendata.pref.gifu.lg.jp/dataset/c11265-010)"}}, {"type": "Feature", "geometry": {"type": "Point", "coordinates": [137.27113859058846, 36.14734232481065]}, "properties": {"prefecture": "岐阜県", "city": "高山市", "place": "高山市松之木町", "date": "2025-05-30", "time": "14時~15時", "count": 1, "note": "住宅地・その他", "source": "岐阜県オープンデータ「クママップ」令和7年度分 (CC-BY 2.1 JP, https://gifu-opendata.pref.gifu.lg.jp/dataset/c11265-010)"}}, {"type": "Feature", "geometry": {"type": "Point", "coordinates": [137.2603398490601, 36.150910270625424]}, "properties": {"prefecture": "岐阜県", "city": "高山市", "place": "高山市大新町３丁目", "date": "2025-05-30", "time": "17時~18時", "count": 1, "note": "その他・その他", "source": "岐阜県オープンデータ「クママップ」令和7年度分 (CC-BY 2.1 JP, https://gifu-opendata.pref.gifu.lg.jp/dataset/c11265-010)"}}, {"type": "Feature", "geometry": {"type": "Point", "coordinates": [137.3444197291165, 36.21018613253833]}, "properties": {"prefecture": "岐阜県", "city": "高山市", "place": "丹生川町折敷地", "date": "2025-05-31", "time": "9時~10時", "count": 1, "note": "国・県・市道・その他車移動", "source": "岐阜県オープンデータ「クママップ」令和7年度分 (CC-BY 2.1 JP, https://gifu-opendata.pref.gifu.lg.jp/dataset/c11265-010)"}}, {"type": "Feature", "geometry": {"type": "Point", "coordinates": [137.2754281621928, 36.13328945703969]}, "properties": {"prefecture": "岐阜県", "city": "高山市", "place": "高山市江名子町", "date": "2025-05-31", "time": "10時~11時", "count": 1, "note": "住宅地・その他", "source": "岐阜県オープンデータ「クママップ」令和7年度分 (CC-BY 2.1 JP, https://gifu-opendata.pref.gifu.lg.jp/dataset/c11265-010)"}}, {"type": "Feature", "geometry": {"type": "Point", "coordinates": [136.57313874794417, 35.48923307844899]}, "properties": {"prefecture": "岐阜県", "city": "揖斐川町", "place": "揖斐川町", "date": "2025-06-09", "time": "19時~20時", "count": 1, "note": "山林・その他", "source": "岐阜県オープンデータ「クママップ」令和7年度分 (CC-BY 2.1 JP, https://gifu-opendata.pref.gifu.lg.jp/dataset/c11265-010)"}}, {"type": "Feature", "geometry": {"type": "Point", "coordinates": [137.19044487468182, 36.41167456913417]}, "properties": {"prefecture": "岐阜県", "city": "飛騨市", "place": "宮川村", "date": "2025-06-10", "time": "17時~18時", "count": 1, "note": "山林・その他", "source": "岐阜県オープンデータ「クママップ」令和7年度分 (CC-BY 2.1 JP, https://gifu-opendata.pref.gifu.lg.jp/dataset/c11265-010)"}}, {"type": "Feature", "geometry": {"type": "Point", "coordinates": [137.50494042748292, 35.59855071821361]}, "properties": {"prefecture": "岐阜県", "city": "中津川市", "place": "坂下町", "date": "2025-06-09", "time": "14時~15時", "count": 1, "note": "国・県・市道・その他車移動", "source": "岐阜県オープンデータ「クママップ」令和7年度分 (CC-BY 2.1 JP, https://gifu-opendata.pref.gifu.lg.jp/dataset/c11265-010)"}}, {"type": "Feature", "geometry": {"type": "Point", "coordinates": [137.18158855881694, 36.38511745024378]}, "properties": {"prefecture": "岐阜県", "city": "飛騨市", "place": "宮川町打保", "date": "2025-06-12", "time": "11時~12時", "count": 1, "note": "その他・その他", "source": "岐阜県オープンデータ「クママップ」令和7年度分 (CC-BY 2.1 JP, https://gifu-opendata.pref.gifu.lg.jp/dataset/c11265-010)"}}, {"type": "Feature", "geometry": {"type": "Point", "coordinates": [137.19234949665613, 36.41594897020825]}, "properties": {"prefecture": "岐阜県", "city": "飛騨市", "place": "宮川町", "date": "2025-06-13", "time": "12時~13時", "count": 1, "note": "その他・その他", "source": "岐阜県オープンデータ「クママップ」令和7年度分 (CC-BY 2.1 JP, https://gifu-opendata.pref.gifu.lg.jp/dataset/c11265-010)"}}, {"type": "Feature", "geometry": {"type": "Point", "coordinates": [136.44554609458228, 35.438446031264604]}, "properties": {"prefecture": "岐阜県", "city": "揖斐川町", "place": "旧春日村", "date": "2025-06-13", "time": "16時~17時", "count": 1, "note": "国・県・市道・その他車移動", "source": "岐阜県オープンデータ「クママップ」令和7年度分 (CC-BY 2.1 JP, https://gifu-opendata.pref.gifu.lg.jp/dataset/c11265-010)"}}, {"type": "Feature", "geometry": {"type": "Point", "coordinates": [137.39677628807183, 35.533049624746724]}, "properties": {"prefecture": "岐阜県", "city": "中津川市", "place": "旧蛭川村", "date": "2025-06-11", "time": "1時~2時", "count": 1, "note": "林道・自宅", "source": "岐阜県オープンデータ「クママップ」令和7年度分 (CC-BY 2.1 JP, https://gifu-opendata.pref.gifu.lg.jp/dataset/c11265-010)"}}, {"type": "Feature", "geometry": {"type": "Point", "coordinates": [136.79716618956002, 35.52612918864044]}, "properties": {"prefecture": "岐阜県", "city": "山県市", "place": "高富町", "date": "2025-06-13", "time": "18時~19時", "count": 1, "note": "山林・その他", "source": "岐阜県オープンデータ「クママップ」令和7年度分 (CC-BY 2.1 JP, https://gifu-opendata.pref.gifu.lg.jp/dataset/c11265-010)"}}, {"type": "Feature", "geometry": {"type": "Point", "coordinates": [137.0702251828739, 36.294876745647926]}, "properties": {"prefecture": "岐阜県", "city": "飛騨市", "place": "河合町", "date": "2025-06-17", "time": "7時~8時", "count": 1, "note": "河川敷・通勤・通学", "source": "岐阜県オープンデータ「クママップ」令和7年度分 (CC-BY 2.1 JP, https://gifu-opendata.pref.gifu.lg.jp/dataset/c11265-010)"}}, {"type": "Feature", "geometry": {"type": "Point", "coordinates": [137.25045614645953, 35.70859122873349]}, "properties": {"prefecture": "岐阜県", "city": "下呂市", "place": "下呂町", "date": "2025-06-16", "time": "10時~11時", "count": 1, "note": "国・県・市道・自宅", "source": "岐阜県オープンデータ「クママップ」令和7年度分 (CC-BY 2.1 JP, https://gifu-opendata.pref.gifu.lg.jp/dataset/c11265-010)"}}, {"type": "Feature", "geometry": {"type": "Point", "coordinates": [136.54521146185024, 35.45363928582809]}, "properties": {"prefecture": "岐阜県", "city": "池田町", "place": "池田町", "date": "2025-06-17", "time": "19時~20時", "count": 1, "note": "河川敷・その他車移動", "source": "岐阜県オープンデータ「クママップ」令和7年度分 (CC-BY 2.1 JP, https://gifu-opendata.pref.gifu.lg.jp/dataset/c11265-010)"}}, {"type": "Feature", "geometry": {"type": "Point", "coordinates": [136.51160193944582, 35.551556999909465]}, "properties": {"prefecture": "岐阜県", "city": "揖斐川町", "place": "久瀬村", "date": "2025-06-18", "time": "15時~16時", "count": 1, "note": "林道・建設作業", "source": "岐阜県オープンデータ「クママップ」令和7年度分 (CC-BY 2.1 JP, https://gifu-opendata.pref.gifu.lg.jp/dataset/c11265-010)"}}, {"type": "Feature", "geometry": {"type": "Point", "coordinates": [136.54569554821228, 35.58380820285379]}, "properties": {"prefecture": "岐阜県", "city": "揖斐川町", "place": "久瀬村", "date": "2025-06-18", "time": "6時~7時", "count": 1, "note": "山林・その他", "source": "岐阜県オープンデータ「クママップ」令和7年度分 (CC-BY 2.1 JP, https://gifu-opendata.pref.gifu.lg.jp/dataset/c11265-010)"}}, {"type": "Feature", "geometry": {"type": "Point", "coordinates": [136.57287372417142, 35.4195838155789]}, "properties": {"prefecture": "岐阜県", "city": "池田町", "place": "池田町", "date": "2025-06-19", "time": "8時~9時", "count": 1, "note": "住宅地・その他車移動", "source": "岐阜県オープンデータ「クママップ」令和7年度分 (CC-BY 2.1 JP, https://gifu-opendata.pref.gifu.lg.jp/dataset/c11265-010)"}}, {"type": "Feature", "geometry": {"type": "Point", "coordinates": [136.48774295338924, 35.63858693371812]}, "properties": {"prefecture": "岐阜県", "city": "揖斐川町", "place": "藤橋村", "date": "2025-06-19", "time": "17時~18時", "count": 1, "note": "その他・その他", "source": "岐阜県オープンデータ「クママップ」令和7年度分 (CC-BY 2.1 JP, https://gifu-opendata.pref.gifu.lg.jp/dataset/c11265-010)"}}, {"type": "Feature", "geometry": {"type": "Point", "coordinates": [136.4843101636418, 35.63731408552425]}, "properties": {"prefecture": "岐阜県", "city": "揖斐川町", "place": "藤橋", "date": "2025-06-19", "time": "20時~21時", "count": 1, "note": "国・県・市道・その他", "source": "岐阜県オープンデータ「クママップ」令和7年度分 (CC-BY 2.1 JP, https://gifu-opendata.pref.gifu.lg.jp/dataset/c11265-010)"}}, {"type": "Feature", "geometry": {"type": "Point", "coordinates": [136.49092521898532, 35.472966794978646]}, "properties": {"prefecture": "岐阜県", "city": "揖斐川町", "place": "旧春日村", "date": "2025-06-23", "time": "8時~9時", "count": 1, "note": "農地・その他車移動", "source": "岐阜県オープンデータ「クママップ」令和7年度分 (CC-BY 2.1 JP, https://gifu-opendata.pref.gifu.lg.jp/dataset/c11265-010)"}}, {"type": "Feature", "geometry": {"type": "Point", "coordinates": [137.37829580710556, 36.3659457604284]}, "properties": {"prefecture": "岐阜県", "city": "飛騨市", "place": "神岡町", "date": "2025-06-21", "time": "10時~11時", "count": 1, "note": "国・県・市道・その他車移動", "source": "岐阜県オープンデータ「クママップ」令和7年度分 (CC-BY 2.1 JP, https://gifu-opendata.pref.gifu.lg.jp/dataset/c11265-010)"}}, {"type": "Feature", "geometry": {"type": "Point", "coordinates": [137.30300035255937, 36.31683470704542]}, "properties": {"prefecture": "岐阜県", "city": "飛騨市", "place": "神岡町", "date": "2025-06-19", "time": "10時~11時", "count": 1, "note": "国・県・市道・その他", "source": "岐阜県オープンデータ「クママップ」令和7年度分 (CC-BY 2.1 JP, https://gifu-opendata.pref.gifu.lg.jp/dataset/c11265-010)"}}, {"type": "Feature", "geometry": {"type": "Point", "coordinates": [136.72479069181557, 35.51942619286428]}, "properties": {"prefecture": "岐阜県", "city": "山県市", "place": "伊自良村", "date": "2025-06-24", "time": "9時~10時", "count": 1, "note": "国・県・市道・その他車移動", "source": "岐阜県オープンデータ「クママップ」令和7年度分 (CC-BY 2.1 JP, https://gifu-opendata.pref.gifu.lg.jp/dataset/c11265-010)"}}, {"type": "Feature", "geometry": {"type": "Point", "coordinates": [136.5288284945822, 35.529568042330766]}, "properties": {"prefecture": "岐阜県", "city": "揖斐川町", "place": "久瀬村", "date": "2025-06-01", "time": "20時~21時", "count": 1, "note": "国・県・市道・その他車移動", "source": "岐阜県オープンデータ「クママップ」令和7年度分 (CC-BY 2.1 JP, https://gifu-opendata.pref.gifu.lg.jp/dataset/c11265-010)"}}, {"type": "Feature", "geometry": {"type": "Point", "coordinates": [136.51195116056022, 35.531723156620124]}, "properties": {"prefecture": "岐阜県", "city": "揖斐川町", "place": "久瀬村", "date": "2025-06-07", "time": "9時~10時", "count": 1, "note": "その他・その他車移動", "source": "岐阜県オープンデータ「クママップ」令和7年度分 (CC-BY 2.1 JP, https://gifu-opendata.pref.gifu.lg.jp/dataset/c11265-010)"}}, {"type": "Feature", "geometry": {"type": "Point", "coordinates": [136.48045279133748, 35.557267551671856]}, "properties": {"prefecture": "岐阜県", "city": "揖斐川町", "place": "久瀬村", "date": "2025-06-19", "time": "21時~22時", "count": 1, "note": "河川敷・その他車移動", "source": "岐阜県オープンデータ「クママップ」令和7年度分 (CC-BY 2.1 JP, https://gifu-opendata.pref.gifu.lg.jp/dataset/c11265-010)"}}, {"type": "Feature", "geometry": {"type": "Point", "coordinates": [136.58133215255637, 35.53273886391561]}, "properties": {"prefecture": "岐阜県", "city": "揖斐川町", "place": "谷汲村", "date": "2025-06-20", "time": "18時~19時", "count": 1, "note": "山林・その他車移動", "source": "岐阜県オープンデータ「クママップ」令和7年度分 (CC-BY 2.1 JP, https://gifu-opendata.pref.gifu.lg.jp/dataset/c11265-010)"}}, {"type": "Feature", "geometry": {"type": "Point", "coordinates": [137.2196427684257, 35.4714835389189]}, "properties": {"prefecture": "岐阜県", "city": "八百津町", "place": "南戸", "date": "2025-06-25", "time": "9時~10時", "count": 1, "note": "国・県・市道・建設作業", "source": "岐阜県オープンデータ「クママップ」令和7年度分 (CC-BY 2.1 JP, https://gifu-opendata.pref.gifu.lg.jp/dataset/c11265-010)"}}, {"type": "Feature", "geometry": {"type": "Point", "coordinates": [136.724447883952, 35.5228783757212]}, "properties": {"prefecture": "岐阜県", "city": "山県市", "place": "伊自良村", "date": "2025-06-26", "time": "5時~6時", "count": 1, "note": "山林・その他", "source": "岐阜県オープンデータ「クママップ」令和7年度分 (CC-BY 2.1 JP, https://gifu-opendata.pref.gifu.lg.jp/dataset/c11265-010)"}}, {"type": "Feature", "geometry": {"type": "Point", "coordinates": [137.30272804298784, 36.31634494881535]}, "properties": {"prefecture": "岐阜県", "city": "飛騨市", "place": "神岡町", "date": "2025-05-04", "time": "6時~7時", "count": 1, "note": "国・県・市道・その他", "source": "岐阜県オープンデータ「クママップ」令和7年度分 (CC-BY 2.1 JP, https://gifu-opendata.pref.gifu.lg.jp/dataset/c11265-010)"}}, {"type": "Feature", "geometry": {"type": "Point", "coordinates": [137.310086094848, 36.328221904301735]}, "properties": {"prefecture": "岐阜県", "city": "飛騨市", "place": "神岡町", "date": "2025-05-25", "time": "7時~8時", "count": 1, "note": "山林・その他車移動", "source": "岐阜県オープンデータ「クママップ」令和7年度分 (CC-BY 2.1 JP, https://gifu-opendata.pref.gifu.lg.jp/dataset/c11265-010)"}}, {"type": "Feature", "geometry": {"type": "Point", "coordinates": [137.29808604630784, 36.08384752396344]}, "properties": {"prefecture": "岐阜県", "city": "高山市", "place": "久々野町柳島", "date": "2025-06-02", "time": "5時~6時", "count": 1, "note": "国・県・市道・その他", "source": "岐阜県オープンデータ「クママップ」令和7年度分 (CC-BY 2.1 JP, https://gifu-opendata.pref.gifu.lg.jp/dataset/c11265-010)"}}, {"type": "Feature", "geometry": {"type": "Point", "coordinates": [137.52108705576782, 36.03332212660285]}, "properties": {"prefecture": "岐阜県", "city": "高山市", "place": "高根町阿多野郷", "date": "2025-06-02", "time": "8時~9時", "count": 1, "note": "国・県・市道・通勤・通学", "source": "岐阜県オープンデータ「クママップ」令和7年度分 (CC-BY 2.1 JP, https://gifu-opendata.pref.gifu.lg.jp/dataset/c11265-010)"}}, {"type": "Feature", "geometry": {"type": "Point", "coordinates": [137.31221930418988, 36.204259130907]}, "properties": {"prefecture": "岐阜県", "city": "高山市", "place": "丹生川町大沼", "date": "2025-06-02", "time": "10時~11時", "count": 1, "note": "国・県・市道・その他車移動", "source": "岐阜県オープンデータ「クママップ」令和7年度分 (CC-BY 2.1 JP, https://gifu-opendata.pref.gifu.lg.jp/dataset/c11265-010)"}}, {"type": "Feature", "geometry": {"type": "Point", "coordinates": [137.18485172890928, 36.13018345327651]}, "properties": {"prefecture": "岐阜県", "city": "高山市", "place": "清見町三日町", "date": "2025-06-02", "time": "18時~19時", "count": 1, "note": "河川敷・自宅", "source": "岐阜県オープンデータ「クママップ」令和7年度分 (CC-BY 2.1 JP, https://gifu-opendata.pref.gifu.lg.jp/dataset/c11265-010)"}}, {"type": "Feature", "geometry": {"type": "Point", "coordinates": [137.18194944814692, 36.13170480950966]}, "properties": {"prefecture": "岐阜県", "city": "高山市", "place": "清見町三日町", "date": "2025-06-03", "time": "11時~12時", "count": 1, "note": "山林・その他", "source": "岐阜県オープンデータ「クママップ」令和7年度分 (CC-BY 2.1 JP, https://gifu-opendata.pref.gifu.lg.jp/dataset/c11265-010)"}}, {"type": "Feature", "geometry": {"type": "Point", "coordinates": [137.2619161538613, 36.049945023629945]}, "properties": {"prefecture": "岐阜県", "city": "高山市", "place": "久々野町中組", "date": "2025-06-04", "time": "14時~15時", "count": 1, "note": "農地・その他", "source": "岐阜県オープンデータ「クママップ」令和7年度分 (CC-BY 2.1 JP, https://gifu-opendata.pref.gifu.lg.jp/dataset/c11265-010)"}}, {"type": "Feature", "geometry": {"type": "Point", "coordinates": [137.32094375202502, 36.09477118922261]}, "properties": {"prefecture": "岐阜県", "city": "高山市", "place": "朝日町見座", "date": "2025-06-05", "time": "8時~9時", "count": 1, "note": "住宅地・自宅", "source": "岐阜県オープンデータ「クママップ」令和7年度分 (CC-BY 2.1 JP, https://gifu-opendata.pref.gifu.lg.jp/dataset/c11265-010)"}}, {"type": "Feature", "geometry": {"type": "Point", "coordinates": [137.2395938396743, 36.05365269491047]}, "properties": {"prefecture": "岐阜県", "city": "高山市", "place": "久々野町上組", "date": "2025-06-05", "time": "18時~19時", "count": 1, "note": "国・県・市道・その他車移動", "source": "岐阜県オープンデータ「クママップ」令和7年度分 (CC-BY 2.1 JP, https://gifu-opendata.pref.gifu.lg.jp/dataset/c11265-010)"}}, {"type": "Feature", "geometry": {"type": "Point", "coordinates": [137.27917700384344, 36.08241903650827]}, "properties": {"prefecture": "岐阜県", "city": "高山市", "place": "久々野町山梨", "date": "2025-06-06", "time": "8時~9時", "count": 1, "note": "住宅地・自宅", "source": "岐阜県オープンデータ「クママップ」令和7年度分 (CC-BY 2.1 JP, https://gifu-opendata.pref.gifu.lg.jp/dataset/c11265-010)"}}, {"type": "Feature", "geometry": {"type": "Point", "coordinates": [137.35185284550485, 36.13830831811782]}, "properties": {"prefecture": "岐阜県", "city": "高山市", "place": "滝町", "date": "2025-06-06", "time": "5時~6時", "count": 1, "note": "住宅地・その他車移動", "source": "岐阜県オープンデータ「クママップ」令和7年度分 (CC-BY 2.1 JP, https://gifu-opendata.pref.gifu.lg.jp/dataset/c11265-010)"}}, {"type": "Feature", "geometry": {"type": "Point", "coordinates": [137.22406775949727, 36.13401570469703]}, "properties": {"prefecture": "岐阜県", "city": "高山市", "place": "新宮町", "date": "2025-06-07", "time": "18時~19時", "count": 2, "note": "住宅地・自宅", "source": "岐阜県オープンデータ「クママップ」令和7年度分 (CC-BY 2.1 JP, https://gifu-opendata.pref.gifu.lg.jp/dataset/c11265-010)"}}, {"type": "Feature", "geometry": {"type": "Point", "coordinates": [137.26223738738292, 36.05343342337065]}, "properties": {"prefecture": "岐阜県", "city": "高山市", "place": "久々野町中組", "date": "2025-06-08", "time": "12時~13時", "count": 1, "note": "その他・その他", "source": "岐阜県オープンデータ「クママップ」令和7年度分 (CC-BY 2.1 JP, https://gifu-opendata.pref.gifu.lg.jp/dataset/c11265-010)"}}, {"type": "Feature", "geometry": {"type": "Point", "coordinates": [137.5615139359596, 36.26453794848381]}, "properties": {"prefecture": "岐阜県", "city": "高山市", "place": "奥飛騨温泉郷神坂", "date": "2025-06-10", "time": "16時~17時", "count": 1, "note": "国・県・市道・その他車移動", "source": "岐阜県オープンデータ「クママップ」令和7年度分 (CC-BY 2.1 JP, https://gifu-opendata.pref.gifu.lg.jp/dataset/c11265-010)"}}, {"type": "Feature", "geometry": {"type": "Point", "coordinates": [137.27340205602485, 36.05645918237631]}, "properties": {"prefecture": "岐阜県", "city": "高山市", "place": "久々野町西洞", "date": "2025-06-12", "time": "13時~14時", "count": 1, "note": "住宅地・自宅", "source": "岐阜県オープンデータ「クママップ」令和7年度分 (CC-BY 2.1 JP, https://gifu-opendata.pref.gifu.lg.jp/dataset/c11265-010)"}}, {"type": "Feature", "geometry": {"type": "Point", "coordinates": [137.39864459387385, 36.051871452223054]}, "properties": {"prefecture": "岐阜県", "city": "高山市", "place": "朝日町小瀬ヶ洞", "date": "2025-06-12", "time": "16時~17時", "count": 1, "note": "国・県・市道・その他車移動", "source": "岐阜県オープンデータ「クママップ」令和7年度分 (CC-BY 2.1 JP, https://gifu-opendata.pref.gifu.lg.jp/dataset/c11265-010)"}}, {"type": "Feature", "geometry": {"type": "Point", "coordinates": [137.30029417178403, 36.09483373766283]}, "properties": {"prefecture": "岐阜県", "city": "高山市", "place": "久々野町大西", "date": "2025-06-12", "time": "17時~18時", "count": 1, "note": "国・県・市道・その他車移動", "source": "岐阜県オープンデータ「クママップ」令和7年度分 (CC-BY 2.1 JP, https://gifu-opendata.pref.gifu.lg.jp/dataset/c11265-010)"}}, {"type": "Feature", "geometry": {"type": "Point", "coordinates": [137.28885714268586, 36.205493556964385]}, "properties": {"prefecture": "岐阜県", "city": "高山市", "place": "丹生川町柏原", "date": "2025-06-13", "time": "7時~8時", "count": 1, "note": "国・県・市道・その他車移動", "source": "岐阜県オープンデータ「クママップ」令和7年度分 (CC-BY 2.1 JP, https://gifu-opendata.pref.gifu.lg.jp/dataset/c11265-010)"}}, {"type": "Feature", "geometry": {"type": "Point", "coordinates": [137.257273031108, 36.22067685013283]}, "properties": {"prefecture": "岐阜県", "city": "高山市", "place": "国府町宮地", "date": "2025-06-13", "time": "8時~9時", "count": 1, "note": "農地・自宅", "source": "岐阜県オープンデータ「クママップ」令和7年度分 (CC-BY 2.1 JP, https://gifu-opendata.pref.gifu.lg.jp/dataset/c11265-010)"}}, {"type": "Feature", "geometry": {"type": "Point", "coordinates": [137.43962106112045, 36.04784586049132]}, "properties": {"prefecture": "岐阜県", "city": "高山市", "place": "高根町中洞", "date": "2025-06-13", "time": "13時~14時", "count": 1, "note": "国・県・市道・その他車移動", "source": "岐阜県オープンデータ「クママップ」令和7年度分 (CC-BY 2.1 JP, https://gifu-opendata.pref.gifu.lg.jp/dataset/c11265-010)"}}, {"type": "Feature", "geometry": {"type": "Point", "coordinates": [137.56172177914394, 36.26547797034389]}, "properties": {"prefecture": "岐阜県", "city": "高山市", "place": "奥飛騨温泉郷神坂", "date": "2025-06-13", "time": "18時~19時", "count": 1, "note": "国・県・市道・その他車移動", "source": "岐阜県オープンデータ「クママップ」令和7年度分 (CC-BY 2.1 JP, https://gifu-opendata.pref.gifu.lg.jp/dataset/c11265-010)"}}, {"type": "Feature", "geometry": {"type": "Point", "coordinates": [137.24278392157848, 36.22656222723854]}, "properties": {"prefecture": "岐阜県", "city": "高山市", "place": "国府町西門前", "date": "2025-06-13", "time": "13時~14時", "count": 1, "note": "その他・その他", "source": "岐阜県オープンデータ「クママップ」令和7年度分 (CC-BY 2.1 JP, https://gifu-opendata.pref.gifu.lg.jp/dataset/c11265-010)"}}, {"type": "Feature", "geometry": {"type": "Point", "coordinates": [137.43248426468688, 36.2634297204581]}, "properties": {"prefecture": "岐阜県", "city": "高山市", "place": "上宝町葛西", "date": "2025-06-15", "time": "16時~17時", "count": 2, "note": "山林・その他", "source": "岐阜県オープンデータ「クママップ」令和7年度分 (CC-BY 2.1 JP, https://gifu-opendata.pref.gifu.lg.jp/dataset/c11265-010)"}}, {"type": "Feature", "geometry": {"type": "Point", "coordinates": [137.21344725229497, 36.138867081857846]}, "properties": {"prefecture": "岐阜県", "city": "高山市", "place": "新宮町", "date": "2025-06-17", "time": "6時~7時", "count": 1, "note": "国・県・市道・その他車移動", "source": "岐阜県オープンデータ「クママップ」令和7年度分 (CC-BY 2.1 JP, https://gifu-opendata.pref.gifu.lg.jp/dataset/c11265-010)"}}, {"type": "Feature", "geometry": {"type": "Point", "coordinates": [137.3195169638823, 36.20121605828832]}, "properties": {"prefecture": "岐阜県", "city": "高山市", "place": "丹生川町大沼", "date": "2025-06-17", "time": "8時~9時", "count": 1, "note": "国・県・市道・その他車移動", "source": "岐阜県オープンデータ「クママップ」令和7年度分 (CC-BY 2.1 JP, https://gifu-opendata.pref.gifu.lg.jp/dataset/c11265-010)"}}, {"type": "Feature", "geometry": {"type": "Point", "coordinates": [137.22564541985233, 36.140398980968904]}, "properties": {"prefecture": "岐阜県", "city": "高山市", "place": "山田町", "date": "2025-06-18", "time": "10時~11時", "count": 1, "note": "国・県・市道・その他", "source": "岐阜県オープンデータ「クママップ」令和7年度分 (CC-BY 2.1 JP, https://gifu-opendata.pref.gifu.lg.jp/dataset/c11265-010)"}}, {"type": "Feature", "geometry": {"type": "Point", "coordinates": [137.2154640731215, 36.14571279545024]}, "properties": {"prefecture": "岐阜県", "city": "高山市", "place": "下之切町", "date": "2025-06-19", "time": "10時~11時", "count": 1, "note": "住宅地・自宅", "source": "岐阜県オープンデータ「クママップ」令和7年度分 (CC-BY 2.1 JP, https://gifu-opendata.pref.gifu.lg.jp/dataset/c11265-010)"}}, {"type": "Feature", "geometry": {"type": "Point", "coordinates": [137.22662389967266, 36.143982861977946]}, "properties": {"prefecture": "岐阜県", "city": "高山市", "place": "山田町", "date": "2025-06-19", "time": "12時~13時", "count": 1, "note": "住宅地・その他", "source": "岐阜県オープンデータ「クママップ」令和7年度分 (CC-BY 2.1 JP, https://gifu-opendata.pref.gifu.lg.jp/dataset/c11265-010)"}}, {"type": "Feature", "geometry": {"type": "Point", "coordinates": [137.22469579339926, 36.143812564288524]}, "properties": {"prefecture": "岐阜県", "city": "高山市", "place": "山田町", "date": "2025-06-19", "time": "13時~14時", "count": 1, "note": "住宅地・自宅", "source": "岐阜県オープンデータ「クママップ」令和7年度分 (CC-BY 2.1 JP, https://gifu-opendata.pref.gifu.lg.jp/dataset/c11265-010)"}}, {"type": "Feature", "geometry": {"type": "Point", "coordinates": [137.217475387898, 36.14670846088122]}, "properties": {"prefecture": "岐阜県", "city": "高山市", "place": "山田町", "date": "2025-06-20", "time": "10時~11時", "count": 1, "note": "住宅地・その他車移動", "source": "岐阜県オープンデータ「クママップ」令和7年度分 (CC-BY 2.1 JP, https://gifu-opendata.pref.gifu.lg.jp/dataset/c11265-010)"}}, {"type": "Feature", "geometry": {"type": "Point", "coordinates": [137.19439595689758, 36.06824029453317]}, "properties": {"prefecture": "岐阜県", "city": "高山市", "place": "一之宮町", "date": "2025-06-21", "time": "16時~17時", "count": 1, "note": "国・県・市道・その他車移動", "source": "岐阜県オープンデータ「クママップ」令和7年度分 (CC-BY 2.1 JP, https://gifu-opendata.pref.gifu.lg.jp/dataset/c11265-010)"}}, {"type": "Feature", "geometry": {"type": "Point", "coordinates": [137.52406093192027, 35.98446867267644]}, "properties": {"prefecture": "岐阜県", "city": "高山市", "place": "高根町留之原", "date": "2025-06-21", "time": "16時~17時", "count": 1, "note": "国・県・市道・自宅", "source": "岐阜県オープンデータ「クママップ」令和7年度分 (CC-BY 2.1 JP, https://gifu-opendata.pref.gifu.lg.jp/dataset/c11265-010)"}}, {"type": "Feature", "geometry": {"type": "Point", "coordinates": [137.25838317689735, 36.06249070487786]}, "properties": {"prefecture": "岐阜県", "city": "高山市", "place": "久々野町西洞", "date": "2025-06-22", "time": "14時~15時", "count": 1, "note": "その他・その他", "source": "岐阜県オープンデータ「クママップ」令和7年度分 (CC-BY 2.1 JP, https://gifu-opendata.pref.gifu.lg.jp/dataset/c11265-010)"}}, {"type": "Feature", "geometry": {"type": "Point", "coordinates": [137.1984799255204, 36.428454168804926]}, "properties": {"prefecture": "岐阜県", "city": "飛騨市", "place": "宮川村小豆沢", "date": "2025-06-26", "time": "15時~16時", "count": 1, "note": "国・県・市道・その他", "source": "岐阜県オープンデータ「クママップ」令和7年度分 (CC-BY 2.1 JP, https://gifu-opendata.pref.gifu.lg.jp/dataset/c11265-010)"}}, {"type": "Feature", "geometry": {"type": "Point", "coordinates": [137.35073593620555, 36.13911163543059]}, "properties": {"prefecture": "岐阜県", "city": "高山市", "place": "滝町", "date": "2025-06-23", "time": "16時~17時", "count": 1, "note": "山林・その他車移動", "source": "岐阜県オープンデータ「クママップ」令和7年度分 (CC-BY 2.1 JP, https://gifu-opendata.pref.gifu.lg.jp/dataset/c11265-010)"}}, {"type": "Feature", "geometry": {"type": "Point", "coordinates": [137.2958143097242, 36.019957436150676]}, "properties": {"prefecture": "岐阜県", "city": "高山市", "place": "久々野町小坊", "date": "2025-06-24", "time": "14時~15時", "count": 1, "note": "国・県・市道・その他車移動", "source": "岐阜県オープンデータ「クママップ」令和7年度分 (CC-BY 2.1 JP, https://gifu-opendata.pref.gifu.lg.jp/dataset/c11265-010)"}}, {"type": "Feature", "geometry": {"type": "Point", "coordinates": [137.4974545180226, 36.24951527066248]}, "properties": {"prefecture": "岐阜県", "city": "高山市", "place": "奥飛騨温泉郷田頃家", "date": "2025-06-26", "time": "10時~11時", "count": 1, "note": "その他・その他", "source": "岐阜県オープンデータ「クママップ」令和7年度分 (CC-BY 2.1 JP, https://gifu-opendata.pref.gifu.lg.jp/dataset/c11265-010)"}}, {"type": "Feature", "geometry": {"type": "Point", "coordinates": [137.36006613556427, 36.12663699207769]}, "properties": {"prefecture": "岐阜県", "city": "高山市", "place": "磐井町", "date": "2025-06-26", "time": "17時~18時", "count": 1, "note": "山林・自宅", "source": "岐阜県オープンデータ「クママップ」令和7年度分 (CC-BY 2.1 JP, https://gifu-opendata.pref.gifu.lg.jp/dataset/c11265-010)"}}, {"type": "Feature", "geometry": {"type": "Point", "coordinates": [137.28279693385375, 35.768461043405374]}, "properties": {"prefecture": "岐阜県", "city": "下呂市", "place": "下呂町", "date": "2025-06-26", "time": "12時~13時", "count": 1, "note": "国・県・市道・その他車移動", "source": "岐阜県オープンデータ「クママップ」令和7年度分 (CC-BY 2.1 JP, https://gifu-opendata.pref.gifu.lg.jp/dataset/c11265-010)"}}, {"type": "Feature", "geometry": {"type": "Point", "coordinates": [137.23454222242265, 35.82851461253434]}, "properties": {"prefecture": "岐阜県", "city": "下呂市", "place": "下呂町", "date": "2025-06-28", "time": "15時~16時", "count": 1, "note": "国・県・市道・その他車移動", "source": "岐阜県オープンデータ「クママップ」令和7年度分 (CC-BY 2.1 JP, https://gifu-opendata.pref.gifu.lg.jp/dataset/c11265-010)"}}, {"type": "Feature", "geometry": {"type": "Point", "coordinates": [136.7479651753952, 35.5869689382997]}, "properties": {"prefecture": "岐阜県", "city": "山県市", "place": "美山町", "date": "2025-06-29", "time": "13時~14時", "count": 1, "note": "国・県・市道・その他車移動", "source": "岐阜県オープンデータ「クママップ」令和7年度分 (CC-BY 2.1 JP, https://gifu-opendata.pref.gifu.lg.jp/dataset/c11265-010)"}}, {"type": "Feature", "geometry": {"type": "Point", "coordinates": [137.17881267090803, 36.395914355989014]}, "properties": {"prefecture": "岐阜県", "city": "飛騨市", "place": "宮川村中沢上", "date": "2025-06-29", "time": "13時~14時", "count": 1, "note": "国・県・市道・その他車移動", "source": "岐阜県オープンデータ「クママップ」令和7年度分 (CC-BY 2.1 JP, https://gifu-opendata.pref.gifu.lg.jp/dataset/c11265-010)"}}, {"type": "Feature", "geometry": {"type": "Point", "coordinates": [137.5150467983856, 36.247223957132356]}, "properties": {"prefecture": "岐阜県", "city": "高山市", "place": "奥飛騨温泉郷", "date": "2025-06-27", "time": "12時~13時", "count": 1, "note": "河川敷・その他", "source": "岐阜県オープンデータ「クママップ」令和7年度分 (CC-BY 2.1 JP, https://gifu-opendata.pref.gifu.lg.jp/dataset/c11265-010)"}}, {"type": "Feature", "geometry": {"type": "Point", "coordinates": [137.36764250132862, 36.08064211112657]}, "properties": {"prefecture": "岐阜県", "city": "高山市", "place": "朝日町浅井", "date": "2025-06-27", "time": "15時~16時", "count": 1, "note": "住宅地・自宅", "source": "岐阜県オープンデータ「クママップ」令和7年度分 (CC-BY 2.1 JP, https://gifu-opendata.pref.gifu.lg.jp/dataset/c11265-010)"}}, {"type": "Feature", "geometry": {"type": "Point", "coordinates": [137.32292836735292, 36.18104632498055]}, "properties": {"prefecture": "岐阜県", "city": "高山市", "place": "丹生川北方", "date": "2025-06-28", "time": "8時~9時", "count": 1, "note": "その他・その他", "source": "岐阜県オープンデータ「クママップ」令和7年度分 (CC-BY 2.1 JP, https://gifu-opendata.pref.gifu.lg.jp/dataset/c11265-010)"}}, {"type": "Feature", "geometry": {"type": "Point", "coordinates": [137.21083153511546, 36.13579350475803]}, "properties": {"prefecture": "岐阜県", "city": "高山市", "place": "新宮町", "date": "2025-06-28", "time": "14時~15時", "count": 1, "note": "その他・その他", "source": "岐阜県オープンデータ「クママップ」令和7年度分 (CC-BY 2.1 JP, https://gifu-opendata.pref.gifu.lg.jp/dataset/c11265-010)"}}, {"type": "Feature", "geometry": {"type": "Point", "coordinates": [137.2335173109983, 36.14190959747071]}, "properties": {"prefecture": "岐阜県", "city": "高山市", "place": "緑ヶ丘町", "date": "2025-06-28", "time": "17時~18時", "count": 1, "note": "住宅地・その他車移動", "source": "岐阜県オープンデータ「クママップ」令和7年度分 (CC-BY 2.1 JP, https://gifu-opendata.pref.gifu.lg.jp/dataset/c11265-010)"}}, {"type": "Feature", "geometry": {"type": "Point", "coordinates": [137.26045849542885, 36.15488716625954]}, "properties": {"prefecture": "岐阜県", "city": "高山市", "place": "三福寺町", "date": "2025-06-28", "time": "19時~20時", "count": 1, "note": "住宅地・その他車移動", "source": "岐阜県オープンデータ「クママップ」令和7年度分 (CC-BY 2.1 JP, https://gifu-opendata.pref.gifu.lg.jp/dataset/c11265-010)"}}, {"type": "Feature", "geometry": {"type": "Point", "coordinates": [137.21549906396044, 36.18198105760523]}, "properties": {"prefecture": "岐阜県", "city": "高山市", "place": "国府町瓜巣", "date": "2025-06-29", "time": "11時~12時", "count": 1, "note": "国・県・市道・その他車移動", "source": "岐阜県オープンデータ「クママップ」令和7年度分 (CC-BY 2.1 JP, https://gifu-opendata.pref.gifu.lg.jp/dataset/c11265-010)"}}, {"type": "Feature", "geometry": {"type": "Point", "coordinates": [137.24121704889265, 36.146862212860775]}, "properties": {"prefecture": "岐阜県", "city": "高山市", "place": "下岡本町", "date": "2025-06-30", "time": "6時~7時", "count": 2, "note": "国・県・市道・通勤・通学", "source": "岐阜県オープンデータ「クママップ」令和7年度分 (CC-BY 2.1 JP, https://gifu-opendata.pref.gifu.lg.jp/dataset/c11265-010)"}}, {"type": "Feature", "geometry": {"type": "Point", "coordinates": [137.23868512525624, 36.14195898964063]}, "properties": {"prefecture": "岐阜県", "city": "高山市", "place": "上岡本町４丁目", "date": "2025-06-29", "time": "12時~13時", "count": 1, "note": "住宅地・その他", "source": "岐阜県オープンデータ「クママップ」令和7年度分 (CC-BY 2.1 JP, https://gifu-opendata.pref.gifu.lg.jp/dataset/c11265-010)"}}, {"type": "Feature", "geometry": {"type": "Point", "coordinates": [136.49206898854663, 35.63458892810951]}, "properties": {"prefecture": "岐阜県", "city": "揖斐川町", "place": "藤橋村", "date": "2025-07-02", "time": "11時~12時", "count": 1, "note": "林道・その他", "source": "岐阜県オープンデータ「クママップ」令和7年度分 (CC-BY 2.1 JP, https://gifu-opendata.pref.gifu.lg.jp/dataset/c11265-010)"}}, {"type": "Feature", "geometry": {"type": "Point", "coordinates": [137.26653019406604, 36.135773536497986]}, "properties": {"prefecture": "岐阜県", "city": "高山市", "place": "城山", "date": "2025-06-30", "time": "9時~10時", "count": 1, "note": "その他・散歩", "source": "岐阜県オープンデータ「クママップ」令和7年度分 (CC-BY 2.1 JP, https://gifu-opendata.pref.gifu.lg.jp/dataset/c11265-010)"}}, {"type": "Feature", "geometry": {"type": "Point", "coordinates": [137.27466859314015, 36.127302107302896]}, "properties": {"prefecture": "岐阜県", "city": "高山市", "place": "江名子町", "date": "2025-06-30", "time": "17時~18時", "count": 1, "note": "住宅地・自宅", "source": "岐阜県オープンデータ「クママップ」令和7年度分 (CC-BY 2.1 JP, https://gifu-opendata.pref.gifu.lg.jp/dataset/c11265-010)"}}, {"type": "Feature", "geometry": {"type": "Point", "coordinates": [137.2875125764152, 36.18267190380996]}, "properties": {"prefecture": "岐阜県", "city": "高山市", "place": "丹生川町下保", "date": "2025-06-30", "time": "17時~18時", "count": 1, "note": "国・県・市道・その他車移動", "source": "岐阜県オープンデータ「クママップ」令和7年度分 (CC-BY 2.1 JP, https://gifu-opendata.pref.gifu.lg.jp/dataset/c11265-010)"}}, {"type": "Feature", "geometry": {"type": "Point", "coordinates": [137.17702766687367, 36.39648232052601]}, "properties": {"prefecture": "岐阜県", "city": "飛騨市", "place": "宮川村戸谷", "date": "2025-07-03", "time": "7時~8時", "count": 1, "note": "国・県・市道・その他車移動", "source": "岐阜県オープンデータ「クママップ」令和7年度分 (CC-BY 2.1 JP, https://gifu-opendata.pref.gifu.lg.jp/dataset/c11265-010)"}}, {"type": "Feature", "geometry": {"type": "Point", "coordinates": [137.58461960430898, 35.5382349499761]}, "properties": {"prefecture": "岐阜県", "city": "中津川市", "place": "山口村", "date": "2025-05-21", "time": "10時~11時", "count": 1, "note": "国・県・市道・その他車移動", "source": "岐阜県オープンデータ「クママップ」令和7年度分 (CC-BY 2.1 JP, https://gifu-opendata.pref.gifu.lg.jp/dataset/c11265-010)"}}, {"type": "Feature", "geometry": {"type": "Point", "coordinates": [137.18281418601464, 36.34905190456609]}, "properties": {"prefecture": "岐阜県", "city": "飛騨市", "place": "宮川村巣之内", "date": "2025-07-04", "time": "8時~9時", "count": 1, "note": "国・県・市道・その他車移動", "source": "岐阜県オープンデータ「クママップ」令和7年度分 (CC-BY 2.1 JP, https://gifu-opendata.pref.gifu.lg.jp/dataset/c11265-010)"}}, {"type": "Feature", "geometry": {"type": "Point", "coordinates": [136.41279611419412, 35.55111380316346]}, "properties": {"prefecture": "岐阜県", "city": "揖斐川町", "place": "坂内村", "date": "2025-07-01", "time": "7時~8時", "count": 1, "note": "国・県・市道・建設作業", "source": "岐阜県オープンデータ「クママップ」令和7年度分 (CC-BY 2.1 JP, https://gifu-opendata.pref.gifu.lg.jp/dataset/c11265-010)"}}, {"type": "Feature", "geometry": {"type": "Point", "coordinates": [137.24950811344758, 35.931599844295384]}, "properties": {"prefecture": "岐阜県", "city": "下呂市", "place": "萩原町宮田", "date": "2025-07-04", "time": "6時~7時", "count": 1, "note": "山林・その他", "source": "岐阜県オープンデータ「クママップ」令和7年度分 (CC-BY 2.1 JP, https://gifu-opendata.pref.gifu.lg.jp/dataset/c11265-010)"}}, {"type": "Feature", "geometry": {"type": "Point", "coordinates": [136.65559834405298, 35.53424936025865]}, "properties": {"prefecture": "岐阜県", "city": "本巣市", "place": "本巣町", "date": "2025-06-30", "time": "14時~15時", "count": 1, "note": "山林・その他車移動", "source": "岐阜県オープンデータ「クママップ」令和7年度分 (CC-BY 2.1 JP, https://gifu-opendata.pref.gifu.lg.jp/dataset/c11265-010)"}}, {"type": "Feature", "geometry": {"type": "Point", "coordinates": [136.67195159507295, 35.706835265241885]}, "properties": {"prefecture": "岐阜県", "city": "本巣市", "place": "根尾村", "date": "2025-06-20", "time": "10時~11時", "count": 1, "note": "山林・その他", "source": "岐阜県オープンデータ「クママップ」令和7年度分 (CC-BY 2.1 JP, https://gifu-opendata.pref.gifu.lg.jp/dataset/c11265-010)"}}, {"type": "Feature", "geometry": {"type": "Point", "coordinates": [136.61441472089416, 35.63980695199062]}, "properties": {"prefecture": "岐阜県", "city": "本巣市", "place": "根尾村", "date": "2025-07-08", "time": "8時~9時", "count": 1, "note": "国・県・市道・通勤・通学", "source": "岐阜県オープンデータ「クママップ」令和7年度分 (CC-BY 2.1 JP, https://gifu-opendata.pref.gifu.lg.jp/dataset/c11265-010)"}}, {"type": "Feature", "geometry": {"type": "Point", "coordinates": [136.63914246253668, 35.500999692003305]}, "properties": {"prefecture": "岐阜県", "city": "大野町", "place": "大野町", "date": "2025-07-02", "time": "10時~11時", "count": 1, "note": "林道・建設作業", "source": "岐阜県オープンデータ「クママップ」令和7年度分 (CC-BY 2.1 JP, https://gifu-opendata.pref.gifu.lg.jp/dataset/c11265-010)"}}, {"type": "Feature", "geometry": {"type": "Point", "coordinates": [136.60104292422312, 35.73992812967265]}, "properties": {"prefecture": "岐阜県", "city": "本巣市", "place": "根尾村", "date": "2025-06-28", "time": "15時~16時", "count": 1, "note": "山林・その他", "source": "岐阜県オープンデータ「クママップ」令和7年度分 (CC-BY 2.1 JP, https://gifu-opendata.pref.gifu.lg.jp/dataset/c11265-010)"}}, {"type": "Feature", "geometry": {"type": "Point", "coordinates": [136.47672144159745, 35.633837248842106]}, "properties": {"prefecture": "岐阜県", "city": "揖斐川町", "place": "藤橋村", "date": "2025-07-08", "time": "10時~11時", "count": 1, "note": "国・県・市道・その他車移動", "source": "岐阜県オープンデータ「クママップ」令和7年度分 (CC-BY 2.1 JP, https://gifu-opendata.pref.gifu.lg.jp/dataset/c11265-010)"}}, {"type": "Feature", "geometry": {"type": "Point", "coordinates": [137.0986369474917, 35.69576342760083]}, "properties": {"prefecture": "岐阜県", "city": "下呂市", "place": "金山町戸部", "date": "2025-07-04", "time": "15時~16時", "count": 1, "note": "河川敷・その他車移動", "source": "岐阜県オープンデータ「クママップ」令和7年度分 (CC-BY 2.1 JP, https://gifu-opendata.pref.gifu.lg.jp/dataset/c11265-010)"}}, {"type": "Feature", "geometry": {"type": "Point", "coordinates": [137.25176839362845, 35.2950360555531]}, "properties": {"prefecture": "岐阜県", "city": "土岐市", "place": "土岐市", "date": "2025-07-09", "time": "2時~3時", "count": 1, "note": "農地・自宅", "source": "岐阜県オープンデータ「クママップ」令和7年度分 (CC-BY 2.1 JP, https://gifu-opendata.pref.gifu.lg.jp/dataset/c11265-010)"}}, {"type": "Feature", "geometry": {"type": "Point", "coordinates": [136.42985188638744, 35.538087429727874]}, "properties": {"prefecture": "岐阜県", "city": "揖斐川町", "place": "久瀬村", "date": "2025-07-13", "time": "6時~7時", "count": 2, "note": "その他・その他車移動", "source": "岐阜県オープンデータ「クママップ」令和7年度分 (CC-BY 2.1 JP, https://gifu-opendata.pref.gifu.lg.jp/dataset/c11265-010)"}}, {"type": "Feature", "geometry": {"type": "Point", "coordinates": [136.4860579536083, 35.639129505979824]}, "properties": {"prefecture": "岐阜県", "city": "揖斐川町", "place": "藤橋村", "date": "2025-07-13", "time": "14時~15時", "count": 1, "note": "その他・その他", "source": "岐阜県オープンデータ「クママップ」令和7年度分 (CC-BY 2.1 JP, https://gifu-opendata.pref.gifu.lg.jp/dataset/c11265-010)"}}, {"type": "Feature", "geometry": {"type": "Point", "coordinates": [137.45409990959146, 35.42970697852266]}, "properties": {"prefecture": "岐阜県", "city": "恵那市", "place": "東野", "date": "2025-05-15", "time": "16時~17時", "count": 1, "note": "国・県・市道・その他車移動", "source": "岐阜県オープンデータ「クママップ」令和7年度分 (CC-BY 2.1 JP, https://gifu-opendata.pref.gifu.lg.jp/dataset/c11265-010)"}}, {"type": "Feature", "geometry": {"type": "Point", "coordinates": [136.95722230440978, 35.527320912521674]}, "properties": {"prefecture": "岐阜県", "city": "関市", "place": "旧関", "date": "2025-06-11", "time": "11時~12時", "count": 1, "note": "国・県・市道・その他車移動", "source": "岐阜県オープンデータ「クママップ」令和7年度分 (CC-BY 2.1 JP, https://gifu-opendata.pref.gifu.lg.jp/dataset/c11265-010)"}}, {"type": "Feature", "geometry": {"type": "Point", "coordinates": [136.82058636965004, 35.620849331524134]}, "properties": {"prefecture": "岐阜県", "city": "関市", "place": "洞戸", "date": "2025-06-04", "time": "13時~14時", "count": 1, "note": "国・県・市道・その他車移動", "source": "岐阜県オープンデータ「クママップ」令和7年度分 (CC-BY 2.1 JP, https://gifu-opendata.pref.gifu.lg.jp/dataset/c11265-010)"}}, {"type": "Feature", "geometry": {"type": "Point", "coordinates": [137.0785548033963, 35.66149886548795]}, "properties": {"prefecture": "岐阜県", "city": "関市", "place": "上之保", "date": "2025-05-26", "time": "19時~20時", "count": 1, "note": "国・県・市道・その他車移動", "source": "岐阜県オープンデータ「クママップ」令和7年度分 (CC-BY 2.1 JP, https://gifu-opendata.pref.gifu.lg.jp/dataset/c11265-010)"}}, {"type": "Feature", "geometry": {"type": "Point", "coordinates": [137.040903280711, 35.57751398909037]}, "properties": {"prefecture": "岐阜県", "city": "関市", "place": "武儀", "date": "2025-04-18", "time": "0時~1時", "count": 1, "note": "国・県・市道・その他車移動", "source": "岐阜県オープンデータ「クママップ」令和7年度分 (CC-BY 2.1 JP, https://gifu-opendata.pref.gifu.lg.jp/dataset/c11265-010)"}}, {"type": "Feature", "geometry": {"type": "Point", "coordinates": [136.76527772388036, 35.72552704333918]}, "properties": {"prefecture": "岐阜県", "city": "関市", "place": "板取", "date": "2025-05-23", "time": "7時~8時", "count": 1, "note": "山林・自宅", "source": "岐阜県オープンデータ「クママップ」令和7年度分 (CC-BY 2.1 JP, https://gifu-opendata.pref.gifu.lg.jp/dataset/c11265-010)"}}, {"type": "Feature", "geometry": {"type": "Point", "coordinates": [136.9577884736685, 35.5296320112865]}, "properties": {"prefecture": "岐阜県", "city": "関市", "place": "旧関", "date": "2025-06-13", "time": "13時~14時", "count": 1, "note": "国・県・市道・その他車移動", "source": "岐阜県オープンデータ「クママップ」令和7年度分 (CC-BY 2.1 JP, https://gifu-opendata.pref.gifu.lg.jp/dataset/c11265-010)"}}, {"type": "Feature", "geometry": {"type": "Point", "coordinates": [137.3679930432469, 35.71099048544012]}, "properties": {"prefecture": "岐阜県", "city": "中津川市", "place": "加子母中切地内", "date": "2025-07-05", "time": "7時~8時", "count": 1, "note": "住宅地・自宅", "source": "岐阜県オープンデータ「クママップ」令和7年度分 (CC-BY 2.1 JP, https://gifu-opendata.pref.gifu.lg.jp/dataset/c11265-010)"}}, {"type": "Feature", "geometry": {"type": "Point", "coordinates": [137.2959883408982, 36.333457488035705]}, "properties": {"prefecture": "岐阜県", "city": "飛騨市", "place": "神岡町", "date": "2025-07-20", "time": "7時~8時", "count": 1, "note": "河川敷・その他", "source": "岐阜県オープンデータ「クママップ」令和7年度分 (CC-BY 2.1 JP, https://gifu-opendata.pref.gifu.lg.jp/dataset/c11265-010)"}}, {"type": "Feature", "geometry": {"type": "Point", "coordinates": [137.18506761280392, 35.518490490540756]}, "properties": {"prefecture": "岐阜県", "city": "八百津町", "place": "久田見", "date": "2025-07-22", "time": "10時~11時", "count": 1, "note": "国・県・市道・その他車移動", "source": "岐阜県オープンデータ「クママップ」令和7年度分 (CC-BY 2.1 JP, https://gifu-opendata.pref.gifu.lg.jp/dataset/c11265-010)"}}, {"type": "Feature", "geometry": {"type": "Point", "coordinates": [137.58164484671065, 35.50865998726968]}, "properties": {"prefecture": "岐阜県", "city": "中津川市", "place": "神坂", "date": "2025-07-23", "time": "10時~11時", "count": 1, "note": "山林・その他車移動", "source": "岐阜県オープンデータ「クママップ」令和7年度分 (CC-BY 2.1 JP, https://gifu-opendata.pref.gifu.lg.jp/dataset/c11265-010)"}}, {"type": "Feature", "geometry": {"type": "Point", "coordinates": [137.17766622768576, 36.37410214454209]}, "properties": {"prefecture": "岐阜県", "city": "飛騨市", "place": "宮川村打保", "date": "2025-07-22", "time": "17時~18時", "count": 1, "note": "その他・その他（市役所への連絡は7/23）", "source": "岐阜県オープンデータ「クママップ」令和7年度分 (CC-BY 2.1 JP, https://gifu-opendata.pref.gifu.lg.jp/dataset/c11265-010)"}}, {"type": "Feature", "geometry": {"type": "Point", "coordinates": [137.12616706192512, 35.46499544699205]}, "properties": {"prefecture": "岐阜県", "city": "八百津町", "place": "伊岐津志", "date": "2025-07-25", "time": "18時~19時", "count": 1, "note": "山林・散歩", "source": "岐阜県オープンデータ「クママップ」令和7年度分 (CC-BY 2.1 JP, https://gifu-opendata.pref.gifu.lg.jp/dataset/c11265-010)"}}, {"type": "Feature", "geometry": {"type": "Point", "coordinates": [136.62693241413677, 35.59616845491796]}, "properties": {"prefecture": "岐阜県", "city": "本巣市", "place": "根尾村", "date": "2025-07-29", "time": "16時~17時", "count": 1, "note": "国・県・市道・その他車移動", "source": "岐阜県オープンデータ「クママップ」令和7年度分 (CC-BY 2.1 JP, https://gifu-opendata.pref.gifu.lg.jp/dataset/c11265-010)"}}, {"type": "Feature", "geometry": {"type": "Point", "coordinates": [136.50254834450809, 35.47403128540458]}, "properties": {"prefecture": "岐阜県", "city": "揖斐川町", "place": "旧春日村", "date": "2025-07-31", "time": "12時~13時", "count": 1, "note": "国・県・市道・建設作業", "source": "岐阜県オープンデータ「クママップ」令和7年度分 (CC-BY 2.1 JP, https://gifu-opendata.pref.gifu.lg.jp/dataset/c11265-010)"}}, {"type": "Feature", "geometry": {"type": "Point", "coordinates": [136.4322932489982, 35.5929374251857]}, "properties": {"prefecture": "岐阜県", "city": "揖斐川町", "place": "坂内村", "date": "2025-07-25", "time": "13時~14時", "count": 1, "note": "国・県・市道・建設作業", "source": "岐阜県オープンデータ「クママップ」令和7年度分 (CC-BY 2.1 JP, https://gifu-opendata.pref.gifu.lg.jp/dataset/c11265-010)"}}, {"type": "Feature", "geometry": {"type": "Point", "coordinates": [137.41164715358403, 35.67939042880592]}, "properties": {"prefecture": "岐阜県", "city": "中津川市", "place": "付知町", "date": "2025-07-31", "time": "15時~16時", "count": 1, "note": "国・県・市道・その他車移動", "source": "岐阜県オープンデータ「クママップ」令和7年度分 (CC-BY 2.1 JP, https://gifu-opendata.pref.gifu.lg.jp/dataset/c11265-010)"}}, {"type": "Feature", "geometry": {"type": "Point", "coordinates": [137.42259063138212, 35.66844418649881]}, "properties": {"prefecture": "岐阜県", "city": "中津川市", "place": "付知町", "date": "2025-07-29", "time": "10時~11時", "count": 1, "note": "河川敷・その他車移動", "source": "岐阜県オープンデータ「クママップ」令和7年度分 (CC-BY 2.1 JP, https://gifu-opendata.pref.gifu.lg.jp/dataset/c11265-010)"}}, {"type": "Feature", "geometry": {"type": "Point", "coordinates": [137.42467717656461, 35.66358359653827]}, "properties": {"prefecture": "岐阜県", "city": "中津川市", "place": "付知町", "date": "2025-07-19", "time": "15時~16時", "count": 1, "note": "河川敷・その他", "source": "岐阜県オープンデータ「クママップ」令和7年度分 (CC-BY 2.1 JP, https://gifu-opendata.pref.gifu.lg.jp/dataset/c11265-010)"}}, {"type": "Feature", "geometry": {"type": "Point", "coordinates": [137.4231491030153, 35.66497835298895]}, "properties": {"prefecture": "岐阜県", "city": "中津川市", "place": "付知町", "date": "2025-07-16", "time": "6時~7時", "count": 1, "note": "国・県・市道・散歩", "source": "岐阜県オープンデータ「クママップ」令和7年度分 (CC-BY 2.1 JP, https://gifu-opendata.pref.gifu.lg.jp/dataset/c11265-010)"}}, {"type": "Feature", "geometry": {"type": "Point", "coordinates": [137.4212636061151, 35.67122998139894]}, "properties": {"prefecture": "岐阜県", "city": "中津川市", "place": "付知町", "date": "2025-06-19", "time": "14時~15時", "count": 1, "note": "河川敷・通勤・通学", "source": "岐阜県オープンデータ「クママップ」令和7年度分 (CC-BY 2.1 JP, https://gifu-opendata.pref.gifu.lg.jp/dataset/c11265-010)"}}, {"type": "Feature", "geometry": {"type": "Point", "coordinates": [137.43976313272628, 35.69868680176863]}, "properties": {"prefecture": "岐阜県", "city": "中津川市", "place": "付知町", "date": "2025-06-18", "time": "11時~12時", "count": 1, "note": "国・県・市道・その他車移動", "source": "岐阜県オープンデータ「クママップ」令和7年度分 (CC-BY 2.1 JP, https://gifu-opendata.pref.gifu.lg.jp/dataset/c11265-010)"}}, {"type": "Feature", "geometry": {"type": "Point", "coordinates": [137.44009065762108, 35.6408349896948]}, "properties": {"prefecture": "岐阜県", "city": "中津川市", "place": "付知町", "date": "2025-06-04", "time": "18時~19時", "count": 1, "note": "河川敷・その他車移動", "source": "岐阜県オープンデータ「クママップ」令和7年度分 (CC-BY 2.1 JP, https://gifu-opendata.pref.gifu.lg.jp/dataset/c11265-010)"}}, {"type": "Feature", "geometry": {"type": "Point", "coordinates": [137.43029767975074, 35.6429468836056]}, "properties": {"prefecture": "岐阜県", "city": "中津川市", "place": "付知町", "date": "2025-06-06", "time": "7時~8時", "count": 1, "note": "その他・散歩", "source": "岐阜県オープンデータ「クママップ」令和7年度分 (CC-BY 2.1 JP, https://gifu-opendata.pref.gifu.lg.jp/dataset/c11265-010)"}}, {"type": "Feature", "geometry": {"type": "Point", "coordinates": [137.46593001201828, 35.65120695847278]}, "properties": {"prefecture": "岐阜県", "city": "中津川市", "place": "付知町", "date": "2025-06-08", "time": "9時~10時", "count": 1, "note": "林道・その他車移動", "source": "岐阜県オープンデータ「クママップ」令和7年度分 (CC-BY 2.1 JP, https://gifu-opendata.pref.gifu.lg.jp/dataset/c11265-010)"}}, {"type": "Feature", "geometry": {"type": "Point", "coordinates": [137.42339390435083, 35.690762630232086]}, "properties": {"prefecture": "岐阜県", "city": "中津川市", "place": "付知町", "date": "2025-06-09", "time": "17時~18時", "count": 1, "note": "国・県・市道・その他車移動", "source": "岐阜県オープンデータ「クママップ」令和7年度分 (CC-BY 2.1 JP, https://gifu-opendata.pref.gifu.lg.jp/dataset/c11265-010)"}}, {"type": "Feature", "geometry": {"type": "Point", "coordinates": [136.80956725229498, 35.96342367339304]}, "properties": {"prefecture": "岐阜県", "city": "郡上市", "place": "白鳥町", "date": "2025-07-31", "time": "16時~17時", "count": 3, "note": "国・県・市道・通勤・通学", "source": "岐阜県オープンデータ「クママップ」令和7年度分 (CC-BY 2.1 JP, https://gifu-opendata.pref.gifu.lg.jp/dataset/c11265-010)"}}, {"type": "Feature", "geometry": {"type": "Point", "coordinates": [137.23496021382223, 36.143204405418395]}, "properties": {"prefecture": "岐阜県", "city": "高山市", "place": "高山市上岡本町８丁目", "date": "2025-07-01", "time": "15時~16時", "count": 1, "note": "住宅地・その他車移動", "source": "岐阜県オープンデータ「クママップ」令和7年度分 (CC-BY 2.1 JP, https://gifu-opendata.pref.gifu.lg.jp/dataset/c11265-010)"}}, {"type": "Feature", "geometry": {"type": "Point", "coordinates": [137.08094951241836, 36.16058323682624]}, "properties": {"prefecture": "岐阜県", "city": "高山市", "place": "清見町池本", "date": "2025-07-03", "time": "6時~7時", "count": 1, "note": "林道・林業作業", "source": "岐阜県オープンデータ「クママップ」令和7年度分 (CC-BY 2.1 JP, https://gifu-opendata.pref.gifu.lg.jp/dataset/c11265-010)"}}, {"type": "Feature", "geometry": {"type": "Point", "coordinates": [137.39782960510084, 36.035537817581876]}, "properties": {"prefecture": "岐阜県", "city": "高山市", "place": "朝日町黍生谷", "date": "2025-07-01", "time": "17時~18時", "count": 2, "note": "国・県・市道・その他車移動", "source": "岐阜県オープンデータ「クママップ」令和7年度分 (CC-BY 2.1 JP, https://gifu-opendata.pref.gifu.lg.jp/dataset/c11265-010)"}}, {"type": "Feature", "geometry": {"type": "Point", "coordinates": [137.54830777400207, 36.25512076934043]}, "properties": {"prefecture": "岐阜県", "city": "高山市", "place": "奥飛騨温泉郷神坂", "date": "2025-07-03", "time": "18時~19時", "count": 1, "note": "住宅地・その他", "source": "岐阜県オープンデータ「クママップ」令和7年度分 (CC-BY 2.1 JP, https://gifu-opendata.pref.gifu.lg.jp/dataset/c11265-010)"}}, {"type": "Feature", "geometry": {"type": "Point", "coordinates": [137.31166049722844, 36.09445605717317]}, "properties": {"prefecture": "岐阜県", "city": "高山市", "place": "久々野町小屋名", "date": "2025-07-04", "time": "6時~7時", "count": 1, "note": "農地・自宅", "source": "岐阜県オープンデータ「クママップ」令和7年度分 (CC-BY 2.1 JP, https://gifu-opendata.pref.gifu.lg.jp/dataset/c11265-010)"}}, {"type": "Feature", "geometry": {"type": "Point", "coordinates": [136.94240860893964, 36.04090869034349]}, "properties": {"prefecture": "岐阜県", "city": "高山市", "place": "荘川町野々俣", "date": "2025-07-04", "time": "13時~14時", "count": 1, "note": "国・県・市道・その他車移動", "source": "岐阜県オープンデータ「クママップ」令和7年度分 (CC-BY 2.1 JP, https://gifu-opendata.pref.gifu.lg.jp/dataset/c11265-010)"}}, {"type": "Feature", "geometry": {"type": "Point", "coordinates": [137.3067086969883, 36.161172512414765]}, "properties": {"prefecture": "岐阜県", "city": "高山市", "place": "丹生川町町方", "date": "2025-07-04", "time": "15時~16時", "count": 1, "note": "国・県・市道・その他車移動", "source": "岐阜県オープンデータ「クママップ」令和7年度分 (CC-BY 2.1 JP, https://gifu-opendata.pref.gifu.lg.jp/dataset/c11265-010)"}}, {"type": "Feature", "geometry": {"type": "Point", "coordinates": [137.23088320484612, 36.14036474188186]}, "properties": {"prefecture": "岐阜県", "city": "高山市", "place": "高山市緑ヶ丘町", "date": "2025-07-06", "time": "12時~13時", "count": 1, "note": "住宅地・自宅", "source": "岐阜県オープンデータ「クママップ」令和7年度分 (CC-BY 2.1 JP, https://gifu-opendata.pref.gifu.lg.jp/dataset/c11265-010)"}}, {"type": "Feature", "geometry": {"type": "Point", "coordinates": [137.21635194072022, 36.1417117756691]}, "properties": {"prefecture": "岐阜県", "city": "高山市", "place": "高山市下之切", "date": "2025-07-06", "time": "18時~19時", "count": 1, "note": "住宅地・その他", "source": "岐阜県オープンデータ「クママップ」令和7年度分 (CC-BY 2.1 JP, https://gifu-opendata.pref.gifu.lg.jp/dataset/c11265-010)"}}, {"type": "Feature", "geometry": {"type": "Point", "coordinates": [137.21769905485957, 36.14138561371629]}, "properties": {"prefecture": "岐阜県", "city": "高山市", "place": "高山市匠ヶ丘町", "date": "2025-07-07", "time": "7時~8時", "count": 1, "note": "その他・その他車移動", "source": "岐阜県オープンデータ「クママップ」令和7年度分 (CC-BY 2.1 JP, https://gifu-opendata.pref.gifu.lg.jp/dataset/c11265-010)"}}, {"type": "Feature", "geometry": {"type": "Point", "coordinates": [137.3186699403921, 36.20348107131543]}, "properties": {"prefecture": "岐阜県", "city": "高山市", "place": "丹生川町大沼", "date": "2025-07-07", "time": "15時~16時", "count": 1, "note": "国・県・市道・その他車移動", "source": "岐阜県オープンデータ「クママップ」令和7年度分 (CC-BY 2.1 JP, https://gifu-opendata.pref.gifu.lg.jp/dataset/c11265-010)"}}, {"type": "Feature", "geometry": {"type": "Point", "coordinates": [137.23358627494252, 36.13643076508564]}, "properties": {"prefecture": "岐阜県", "city": "高山市", "place": "高山市上岡本町", "date": "2025-07-07", "time": "21時~22時", "count": 1, "note": "その他・その他", "source": "岐阜県オープンデータ「クママップ」令和7年度分 (CC-BY 2.1 JP, https://gifu-opendata.pref.gifu.lg.jp/dataset/c11265-010)"}}, {"type": "Feature", "geometry": {"type": "Point", "coordinates": [136.9000464318523, 35.99211135015583]}, "properties": {"prefecture": "岐阜県", "city": "郡上市", "place": "高鷲町", "date": "2025-08-01", "time": "7時~8時", "count": 1, "note": "山林・その他", "source": "岐阜県オープンデータ「クママップ」令和7年度分 (CC-BY 2.1 JP, https://gifu-opendata.pref.gifu.lg.jp/dataset/c11265-010)"}}, {"type": "Feature", "geometry": {"type": "Point", "coordinates": [137.22752501249036, 36.135409328721124]}, "properties": {"prefecture": "岐阜県", "city": "高山市", "place": "高山市山田町", "date": "2025-07-08", "time": "19時~20時", "count": 1, "note": "住宅地・自宅", "source": "岐阜県オープンデータ「クママップ」令和7年度分 (CC-BY 2.1 JP, https://gifu-opendata.pref.gifu.lg.jp/dataset/c11265-010)"}}, {"type": "Feature", "geometry": {"type": "Point", "coordinates": [137.22541344830776, 36.14597026922043]}, "properties": {"prefecture": "岐阜県", "city": "高山市", "place": "高山市山田町", "date": "2025-07-09", "time": "7時~8時", "count": 1, "note": "住宅地・自宅", "source": "岐阜県オープンデータ「クママップ」令和7年度分 (CC-BY 2.1 JP, https://gifu-opendata.pref.gifu.lg.jp/dataset/c11265-010)"}}, {"type": "Feature", "geometry": {"type": "Point", "coordinates": [137.36544392602374, 36.17560761877418]}, "properties": {"prefecture": "岐阜県", "city": "高山市", "place": "丹生川町瓜田", "date": "2025-07-09", "time": "13時~14時", "count": 1, "note": "国・県・市道・その他車移動", "source": "岐阜県オープンデータ「クママップ」令和7年度分 (CC-BY 2.1 JP, https://gifu-opendata.pref.gifu.lg.jp/dataset/c11265-010)"}}, {"type": "Feature", "geometry": {"type": "Point", "coordinates": [137.2884854604561, 36.13782227243688]}, "properties": {"prefecture": "岐阜県", "city": "高山市", "place": "高山市山口町", "date": "2025-07-09", "time": "13時~14時", "count": 1, "note": "農地・その他", "source": "岐阜県オープンデータ「クママップ」令和7年度分 (CC-BY 2.1 JP, https://gifu-opendata.pref.gifu.lg.jp/dataset/c11265-010)"}}, {"type": "Feature", "geometry": {"type": "Point", "coordinates": [137.32697789410136, 36.159202539932984]}, "properties": {"prefecture": "岐阜県", "city": "高山市", "place": "丹生川町山口", "date": "2025-07-09", "time": "13時~14時", "count": 1, "note": "国・県・市道・農作業", "source": "岐阜県オープンデータ「クママップ」令和7年度分 (CC-BY 2.1 JP, https://gifu-opendata.pref.gifu.lg.jp/dataset/c11265-010)"}}, {"type": "Feature", "geometry": {"type": "Point", "coordinates": [137.29658954984748, 36.13975099274729]}, "properties": {"prefecture": "岐阜県", "city": "高山市", "place": "高山市漆垣内町", "date": "2025-07-09", "time": "14時~15時", "count": 1, "note": "その他・その他", "source": "岐阜県オープンデータ「クママップ」令和7年度分 (CC-BY 2.1 JP, https://gifu-opendata.pref.gifu.lg.jp/dataset/c11265-010)"}}, {"type": "Feature", "geometry": {"type": "Point", "coordinates": [137.23571497781234, 36.152520612954724]}, "properties": {"prefecture": "岐阜県", "city": "高山市", "place": "高山市中山町", "date": "2025-07-09", "time": "15時~16時", "count": 1, "note": "住宅地・自宅", "source": "岐阜県オープンデータ「クママップ」令和7年度分 (CC-BY 2.1 JP, https://gifu-opendata.pref.gifu.lg.jp/dataset/c11265-010)"}}, {"type": "Feature", "geometry": {"type": "Point", "coordinates": [137.24180763225087, 36.1500073854076]}, "properties": {"prefecture": "岐阜県", "city": "高山市", "place": "高山市下岡本町", "date": "2025-07-09", "time": "17時~18時", "count": 1, "note": "その他・その他", "source": "岐阜県オープンデータ「クママップ」令和7年度分 (CC-BY 2.1 JP, https://gifu-opendata.pref.gifu.lg.jp/dataset/c11265-010)"}}, {"type": "Feature", "geometry": {"type": "Point", "coordinates": [137.23414475712477, 36.14389718028783]}, "properties": {"prefecture": "岐阜県", "city": "高山市", "place": "高山市上岡本町８丁目", "date": "2025-07-09", "time": "19時~20時", "count": 1, "note": "国・県・市道・その他車移動", "source": "岐阜県オープンデータ「クママップ」令和7年度分 (CC-BY 2.1 JP, https://gifu-opendata.pref.gifu.lg.jp/dataset/c11265-010)"}}, {"type": "Feature", "geometry": {"type": "Point", "coordinates": [137.24219766239258, 36.136634070459756]}, "properties": {"prefecture": "岐阜県", "city": "高山市", "place": "高山市西之一色町", "date": "2025-07-10", "time": "8時~9時", "count": 1, "note": "住宅地・自宅", "source": "岐阜県オープンデータ「クママップ」令和7年度分 (CC-BY 2.1 JP, https://gifu-opendata.pref.gifu.lg.jp/dataset/c11265-010)"}}, {"type": "Feature", "geometry": {"type": "Point", "coordinates": [137.2378665969054, 36.13458963829893]}, "properties": {"prefecture": "岐阜県", "city": "高山市", "place": "高山市西之一色３丁目", "date": "2025-07-10", "time": "12時~13時", "count": 1, "note": "住宅地・その他", "source": "岐阜県オープンデータ「クママップ」令和7年度分 (CC-BY 2.1 JP, https://gifu-opendata.pref.gifu.lg.jp/dataset/c11265-010)"}}, {"type": "Feature", "geometry": {"type": "Point", "coordinates": [137.219136995623, 36.138761638127356]}, "properties": {"prefecture": "岐阜県", "city": "高山市", "place": "高山市匠ヶ丘町", "date": "2025-07-10", "time": "19時~20時", "count": 1, "note": "その他・その他車移動", "source": "岐阜県オープンデータ「クママップ」令和7年度分 (CC-BY 2.1 JP, https://gifu-opendata.pref.gifu.lg.jp/dataset/c11265-010)"}}, {"type": "Feature", "geometry": {"type": "Point", "coordinates": [137.35822243916604, 36.08654140022089]}, "properties": {"prefecture": "岐阜県", "city": "高山市", "place": "朝日町寺澤", "date": "2025-07-11", "time": "5時~6時", "count": 1, "note": "林道・その他", "source": "岐阜県オープンデータ「クママップ」令和7年度分 (CC-BY 2.1 JP, https://gifu-opendata.pref.gifu.lg.jp/dataset/c11265-010)"}}, {"type": "Feature", "geometry": {"type": "Point", "coordinates": [137.26732541039271, 36.153772992103924]}, "properties": {"prefecture": "岐阜県", "city": "高山市", "place": "高山市三福寺町", "date": "2025-07-11", "time": "10時~11時", "count": 1, "note": "農地・その他", "source": "岐阜県オープンデータ「クママップ」令和7年度分 (CC-BY 2.1 JP, https://gifu-opendata.pref.gifu.lg.jp/dataset/c11265-010)"}}, {"type": "Feature", "geometry": {"type": "Point", "coordinates": [137.23122034239105, 36.13481028078908]}, "properties": {"prefecture": "岐阜県", "city": "高山市", "place": "高山市上岡本町", "date": "2025-07-11", "time": "14時~15時", "count": 1, "note": "住宅地・その他車移動", "source": "岐阜県オープンデータ「クママップ」令和7年度分 (CC-BY 2.1 JP, https://gifu-opendata.pref.gifu.lg.jp/dataset/c11265-010)"}}, {"type": "Feature", "geometry": {"type": "Point", "coordinates": [137.23895917086895, 36.14846397057506]}, "properties": {"prefecture": "岐阜県", "city": "高山市", "place": "高山市下岡本町", "date": "2025-07-11", "time": "17時~18時", "count": 1, "note": "国・県・市道・その他車移動", "source": "岐阜県オープンデータ「クママップ」令和7年度分 (CC-BY 2.1 JP, https://gifu-opendata.pref.gifu.lg.jp/dataset/c11265-010)"}}, {"type": "Feature", "geometry": {"type": "Point", "coordinates": [137.3243221334249, 36.18065412412048]}, "properties": {"prefecture": "岐阜県", "city": "高山市", "place": "丹生川町北方", "date": "2025-07-13", "time": "5時~6時", "count": 1, "note": "その他・その他", "source": "岐阜県オープンデータ「クママップ」令和7年度分 (CC-BY 2.1 JP, https://gifu-opendata.pref.gifu.lg.jp/dataset/c11265-010)"}}, {"type": "Feature", "geometry": {"type": "Point", "coordinates": [137.24370056231567, 36.14810669055906]}, "properties": {"prefecture": "岐阜県", "city": "高山市", "place": "高山市下岡本町", "date": "2025-07-13", "time": "13時~14時", "count": 1, "note": "住宅地・その他", "source": "岐阜県オープンデータ「クママップ」令和7年度分 (CC-BY 2.1 JP, https://gifu-opendata.pref.gifu.lg.jp/dataset/c11265-010)"}}, {"type": "Feature", "geometry": {"type": "Point", "coordinates": [137.2586090111315, 36.15273956270234]}, "properties": {"prefecture": "岐阜県", "city": "高山市", "place": "高山市三福寺町", "date": "2025-07-13", "time": "14時~15時", "count": 1, "note": "その他・その他", "source": "岐阜県オープンデータ「クママップ」令和7年度分 (CC-BY 2.1 JP, https://gifu-opendata.pref.gifu.lg.jp/dataset/c11265-010)"}}, {"type": "Feature", "geometry": {"type": "Point", "coordinates": [137.5362921161018, 36.00136909101135]}, "properties": {"prefecture": "岐阜県", "city": "高山市", "place": "高根町日和田", "date": "2025-07-13", "time": "16時~17時", "count": 1, "note": "住宅地・自宅", "source": "岐阜県オープンデータ「クママップ」令和7年度分 (CC-BY 2.1 JP, https://gifu-opendata.pref.gifu.lg.jp/dataset/c11265-010)"}}, {"type": "Feature", "geometry": {"type": "Point", "coordinates": [137.24199239012188, 36.144198381041136]}, "properties": {"prefecture": "岐阜県", "city": "高山市", "place": "高山市上岡本", "date": "2025-07-14", "time": "8時~9時", "count": 1, "note": "その他・その他", "source": "岐阜県オープンデータ「クママップ」令和7年度分 (CC-BY 2.1 JP, https://gifu-opendata.pref.gifu.lg.jp/dataset/c11265-010)"}}, {"type": "Feature", "geometry": {"type": "Point", "coordinates": [137.30724612643746, 36.183208034101185]}, "properties": {"prefecture": "岐阜県", "city": "高山市", "place": "丹生川町桐山", "date": "2025-07-14", "time": "7時~8時", "count": 1, "note": "住宅地・自宅", "source": "岐阜県オープンデータ「クママップ」令和7年度分 (CC-BY 2.1 JP, https://gifu-opendata.pref.gifu.lg.jp/dataset/c11265-010)"}}, {"type": "Feature", "geometry": {"type": "Point", "coordinates": [137.31093610153476, 36.185240008177935]}, "properties": {"prefecture": "岐阜県", "city": "高山市", "place": "丹生川町桐山", "date": "2025-07-14", "time": "12時~13時", "count": 1, "note": "農地・農作業", "source": "岐阜県オープンデータ「クママップ」令和7年度分 (CC-BY 2.1 JP, https://gifu-opendata.pref.gifu.lg.jp/dataset/c11265-010)"}}, {"type": "Feature", "geometry": {"type": "Point", "coordinates": [137.52617311201027, 36.245595770407675]}, "properties": {"prefecture": "岐阜県", "city": "高山市", "place": "奥飛騨温泉郷栃尾", "date": "2025-07-14", "time": "13時~14時", "count": 1, "note": "住宅地・その他", "source": "岐阜県オープンデータ「クママップ」令和7年度分 (CC-BY 2.1 JP, https://gifu-opendata.pref.gifu.lg.jp/dataset/c11265-010)"}}, {"type": "Feature", "geometry": {"type": "Point", "coordinates": [136.95526570140865, 36.02676672586235]}, "properties": {"prefecture": "岐阜県", "city": "高山市", "place": "荘川町町屋", "date": "2025-07-14", "time": "14時~15時", "count": 1, "note": "国・県・市道・その他車移動", "source": "岐阜県オープンデータ「クママップ」令和7年度分 (CC-BY 2.1 JP, https://gifu-opendata.pref.gifu.lg.jp/dataset/c11265-010)"}}, {"type": "Feature", "geometry": {"type": "Point", "coordinates": [137.23755781743003, 36.14412504081332]}, "properties": {"prefecture": "岐阜県", "city": "高山市", "place": "高山市上岡本町", "date": "2025-07-14", "time": "17時~18時", "count": 1, "note": "住宅地・自宅", "source": "岐阜県オープンデータ「クママップ」令和7年度分 (CC-BY 2.1 JP, https://gifu-opendata.pref.gifu.lg.jp/dataset/c11265-010)"}}, {"type": "Feature", "geometry": {"type": "Point", "coordinates": [137.24212691736497, 36.143979730793234]}, "properties": {"prefecture": "岐阜県", "city": "高山市", "place": "高山市下岡本町", "date": "2025-07-14", "time": "6時~7時", "count": 1, "note": "その他・その他", "source": "岐阜県オープンデータ「クママップ」令和7年度分 (CC-BY 2.1 JP, https://gifu-opendata.pref.gifu.lg.jp/dataset/c11265-010)"}}, {"type": "Feature", "geometry": {"type": "Point", "coordinates": [137.35104698466566, 36.23099138094147]}, "properties": {"prefecture": "岐阜県", "city": "高山市", "place": "丹生川町呂瀬金山", "date": "2025-07-15", "time": "14時~15時", "count": 1, "note": "国・県・市道・その他車移動", "source": "岐阜県オープンデータ「クママップ」令和7年度分 (CC-BY 2.1 JP, https://gifu-opendata.pref.gifu.lg.jp/dataset/c11265-010)"}}, {"type": "Feature", "geometry": {"type": "Point", "coordinates": [137.23718014626886, 36.14390134655079]}, "properties": {"prefecture": "岐阜県", "city": "高山市", "place": "高山市上岡本町", "date": "2025-07-15", "time": "17時~18時", "count": 1, "note": "住宅地・自宅", "source": "岐阜県オープンデータ「クママップ」令和7年度分 (CC-BY 2.1 JP, https://gifu-opendata.pref.gifu.lg.jp/dataset/c11265-010)"}}, {"type": "Feature", "geometry": {"type": "Point", "coordinates": [137.2020142896164, 36.231969799670594]}, "properties": {"prefecture": "岐阜県", "city": "高山市", "place": "国府町山本", "date": "2025-07-15", "time": "18時~19時", "count": 1, "note": "農地・農作業", "source": "岐阜県オープンデータ「クママップ」令和7年度分 (CC-BY 2.1 JP, https://gifu-opendata.pref.gifu.lg.jp/dataset/c11265-010)"}}, {"type": "Feature", "geometry": {"type": "Point", "coordinates": [137.32841940285667, 36.17480826013938]}, "properties": {"prefecture": "岐阜県", "city": "高山市", "place": "丹生川町北方", "date": "2025-07-16", "time": "14時~15時", "count": 1, "note": "国・県・市道・農作業", "source": "岐阜県オープンデータ「クママップ」令和7年度分 (CC-BY 2.1 JP, https://gifu-opendata.pref.gifu.lg.jp/dataset/c11265-010)"}}, {"type": "Feature", "geometry": {"type": "Point", "coordinates": [137.485252468794, 35.94729357702383]}, "properties": {"prefecture": "岐阜県", "city": "高山市", "place": "高根町留之原", "date": "2025-07-16", "time": "17時~18時", "count": 1, "note": "その他・その他", "source": "岐阜県オープンデータ「クママップ」令和7年度分 (CC-BY 2.1 JP, https://gifu-opendata.pref.gifu.lg.jp/dataset/c11265-010)"}}, {"type": "Feature", "geometry": {"type": "Point", "coordinates": [137.1825584478447, 36.12138253732443]}, "properties": {"prefecture": "岐阜県", "city": "高山市", "place": "清見町三日町", "date": "2025-07-18", "time": "6時~7時", "count": 1, "note": "国・県・市道・その他車移動", "source": "岐阜県オープンデータ「クママップ」令和7年度分 (CC-BY 2.1 JP, https://gifu-opendata.pref.gifu.lg.jp/dataset/c11265-010)"}}, {"type": "Feature", "geometry": {"type": "Point", "coordinates": [137.33396881370112, 36.177158650569645]}, "properties": {"prefecture": "岐阜県", "city": "高山市", "place": "丹生川町法力", "date": "2025-07-18", "time": "9時~10時", "count": 1, "note": "農地・農作業", "source": "岐阜県オープンデータ「クママップ」令和7年度分 (CC-BY 2.1 JP, https://gifu-opendata.pref.gifu.lg.jp/dataset/c11265-010)"}}, {"type": "Feature", "geometry": {"type": "Point", "coordinates": [137.47696339066493, 36.18056028526376]}, "properties": {"prefecture": "岐阜県", "city": "高山市", "place": "丹生川町久手", "date": "2025-07-18", "time": "10時~11時", "count": 1, "note": "国・県・市道・その他車移動", "source": "岐阜県オープンデータ「クママップ」令和7年度分 (CC-BY 2.1 JP, https://gifu-opendata.pref.gifu.lg.jp/dataset/c11265-010)"}}, {"type": "Feature", "geometry": {"type": "Point", "coordinates": [137.30491903552772, 36.17925687210626]}, "properties": {"prefecture": "岐阜県", "city": "高山市", "place": "丹生川町桐山", "date": "2025-07-18", "time": "11時~12時", "count": 1, "note": "住宅地・自宅", "source": "岐阜県オープンデータ「クママップ」令和7年度分 (CC-BY 2.1 JP, https://gifu-opendata.pref.gifu.lg.jp/dataset/c11265-010)"}}, {"type": "Feature", "geometry": {"type": "Point", "coordinates": [137.53182211833425, 35.994784003414416]}, "properties": {"prefecture": "岐阜県", "city": "高山市", "place": "高根町小日和田", "date": "2025-07-19", "time": "9時~10時", "count": 1, "note": "国・県・市道・その他車移動", "source": "岐阜県オープンデータ「クママップ」令和7年度分 (CC-BY 2.1 JP, https://gifu-opendata.pref.gifu.lg.jp/dataset/c11265-010)"}}, {"type": "Feature", "geometry": {"type": "Point", "coordinates": [137.28209736697082, 36.11998672470494]}, "properties": {"prefecture": "岐阜県", "city": "高山市", "place": "高山市江名子町", "date": "2025-07-19", "time": "11時~12時", "count": 1, "note": "山林・農作業", "source": "岐阜県オープンデータ「クママップ」令和7年度分 (CC-BY 2.1 JP, https://gifu-opendata.pref.gifu.lg.jp/dataset/c11265-010)"}}, {"type": "Feature", "geometry": {"type": "Point", "coordinates": [137.2367979872559, 36.15189695940038]}, "properties": {"prefecture": "岐阜県", "city": "高山市", "place": "高山市下岡本町", "date": "2025-07-20", "time": "18時~19時", "count": 1, "note": "その他・その他", "source": "岐阜県オープンデータ「クママップ」令和7年度分 (CC-BY 2.1 JP, https://gifu-opendata.pref.gifu.lg.jp/dataset/c11265-010)"}}, {"type": "Feature", "geometry": {"type": "Point", "coordinates": [137.32843285673496, 36.195883332628824]}, "properties": {"prefecture": "岐阜県", "city": "高山市", "place": "丹生川町大沼", "date": "2025-07-22", "time": "9時~10時", "count": 1, "note": "林道・その他車移動", "source": "岐阜県オープンデータ「クママップ」令和7年度分 (CC-BY 2.1 JP, https://gifu-opendata.pref.gifu.lg.jp/dataset/c11265-010)"}}, {"type": "Feature", "geometry": {"type": "Point", "coordinates": [137.2639832926573, 36.04313391742281]}, "properties": {"prefecture": "岐阜県", "city": "高山市", "place": "久々野町無数河", "date": "2025-07-23", "time": "8時~9時", "count": 1, "note": "国・県・市道・その他車移動", "source": "岐阜県オープンデータ「クママップ」令和7年度分 (CC-BY 2.1 JP, https://gifu-opendata.pref.gifu.lg.jp/dataset/c11265-010)"}}, {"type": "Feature", "geometry": {"type": "Point", "coordinates": [137.28107064715226, 36.13636496738411]}, "properties": {"prefecture": "岐阜県", "city": "高山市", "place": "高山市江名子町", "date": "2025-07-23", "time": "17時~18時", "count": 1, "note": "住宅地・その他", "source": "岐阜県オープンデータ「クママップ」令和7年度分 (CC-BY 2.1 JP, https://gifu-opendata.pref.gifu.lg.jp/dataset/c11265-010)"}}, {"type": "Feature", "geometry": {"type": "Point", "coordinates": [137.43084497029412, 35.419453629172516]}, "properties": {"prefecture": "岐阜県", "city": "恵那市", "place": "東野", "date": "2025-08-05", "time": "8時~9時", "count": 1, "note": "山林・散歩", "source": "岐阜県オープンデータ「クママップ」令和7年度分 (CC-BY 2.1 JP, https://gifu-opendata.pref.gifu.lg.jp/dataset/c11265-010)"}}, {"type": "Feature", "geometry": {"type": "Point", "coordinates": [137.29279101260303, 36.13167318319277]}, "properties": {"prefecture": "岐阜県", "city": "高山市", "place": "高山市山口町", "date": "2025-07-23", "time": "18時~19時", "count": 1, "note": "その他・その他", "source": "岐阜県オープンデータ「クママップ」令和7年度分 (CC-BY 2.1 JP, https://gifu-opendata.pref.gifu.lg.jp/dataset/c11265-010)"}}, {"type": "Feature", "geometry": {"type": "Point", "coordinates": [137.23127869722458, 36.12721281978049]}, "properties": {"prefecture": "岐阜県", "city": "高山市", "place": "高山市上岡本町", "date": "2025-07-24", "time": "7時~8時", "count": 1, "note": "国・県・市道・その他車移動", "source": "岐阜県オープンデータ「クママップ」令和7年度分 (CC-BY 2.1 JP, https://gifu-opendata.pref.gifu.lg.jp/dataset/c11265-010)"}}, {"type": "Feature", "geometry": {"type": "Point", "coordinates": [137.48576603464448, 35.95440931543602]}, "properties": {"prefecture": "岐阜県", "city": "高山市", "place": "高根町留之原", "date": "2025-07-24", "time": "8時~9時", "count": 1, "note": "国・県・市道・その他", "source": "岐阜県オープンデータ「クママップ」令和7年度分 (CC-BY 2.1 JP, https://gifu-opendata.pref.gifu.lg.jp/dataset/c11265-010)"}}, {"type": "Feature", "geometry": {"type": "Point", "coordinates": [137.3470288667847, 36.085079494883665]}, "properties": {"prefecture": "岐阜県", "city": "高山市", "place": "朝日町万石", "date": "2025-07-25", "time": "6時~7時", "count": 1, "note": "その他・その他車移動", "source": "岐阜県オープンデータ「クママップ」令和7年度分 (CC-BY 2.1 JP, https://gifu-opendata.pref.gifu.lg.jp/dataset/c11265-010)"}}, {"type": "Feature", "geometry": {"type": "Point", "coordinates": [137.26132682619115, 36.148582448184456]}, "properties": {"prefecture": "岐阜県", "city": "高山市", "place": "高山市桜町", "date": "2025-07-25", "time": "8時~9時", "count": 1, "note": "その他・その他", "source": "岐阜県オープンデータ「クママップ」令和7年度分 (CC-BY 2.1 JP, https://gifu-opendata.pref.gifu.lg.jp/dataset/c11265-010)"}}, {"type": "Feature", "geometry": {"type": "Point", "coordinates": [137.34587618870313, 36.086937358071516]}, "properties": {"prefecture": "岐阜県", "city": "高山市", "place": "朝日町万石", "date": "2025-07-25", "time": "7時~8時", "count": 1, "note": "国・県・市道・その他車移動", "source": "岐阜県オープンデータ「クママップ」令和7年度分 (CC-BY 2.1 JP, https://gifu-opendata.pref.gifu.lg.jp/dataset/c11265-010)"}}, {"type": "Feature", "geometry": {"type": "Point", "coordinates": [137.4762410513492, 36.05009524020153]}, "properties": {"prefecture": "岐阜県", "city": "高山市", "place": "高根町池ヶ洞", "date": "2025-07-25", "time": "13時~14時", "count": 1, "note": "国・県・市道・その他車移動", "source": "岐阜県オープンデータ「クママップ」令和7年度分 (CC-BY 2.1 JP, https://gifu-opendata.pref.gifu.lg.jp/dataset/c11265-010)"}}, {"type": "Feature", "geometry": {"type": "Point", "coordinates": [137.22845731926782, 36.13321812020872]}, "properties": {"prefecture": "岐阜県", "city": "高山市", "place": "高山市上岡本町", "date": "2025-07-28", "time": "4時~5時", "count": 1, "note": "住宅地・その他車移動", "source": "岐阜県オープンデータ「クママップ」令和7年度分 (CC-BY 2.1 JP, https://gifu-opendata.pref.gifu.lg.jp/dataset/c11265-010)"}}, {"type": "Feature", "geometry": {"type": "Point", "coordinates": [137.27308324951386, 36.1534581913968]}, "properties": {"prefecture": "岐阜県", "city": "高山市", "place": "高山市三福寺町", "date": "2025-07-28", "time": "9時~10時", "count": 1, "note": "住宅地・自宅", "source": "岐阜県オープンデータ「クママップ」令和7年度分 (CC-BY 2.1 JP, https://gifu-opendata.pref.gifu.lg.jp/dataset/c11265-010)"}}, {"type": "Feature", "geometry": {"type": "Point", "coordinates": [137.4862433897292, 36.03843360962935]}, "properties": {"prefecture": "岐阜県", "city": "高山市", "place": "高根町上ヶ洞", "date": "2025-07-28", "time": "16時~17時", "count": 1, "note": "その他・その他", "source": "岐阜県オープンデータ「クママップ」令和7年度分 (CC-BY 2.1 JP, https://gifu-opendata.pref.gifu.lg.jp/dataset/c11265-010)"}}, {"type": "Feature", "geometry": {"type": "Point", "coordinates": [137.3338757340707, 36.13660257410822]}, "properties": {"prefecture": "岐阜県", "city": "高山市", "place": "高山市滝町", "date": "2025-07-28", "time": "18時~19時", "count": 1, "note": "国・県・市道・その他車移動", "source": "岐阜県オープンデータ「クママップ」令和7年度分 (CC-BY 2.1 JP, https://gifu-opendata.pref.gifu.lg.jp/dataset/c11265-010)"}}, {"type": "Feature", "geometry": {"type": "Point", "coordinates": [137.50086069683704, 36.17265415132371]}, "properties": {"prefecture": "岐阜県", "city": "高山市", "place": "丹生川町久手", "date": "2025-07-31", "time": "6時~7時", "count": 1, "note": "国・県・市道・その他車移動", "source": "岐阜県オープンデータ「クママップ」令和7年度分 (CC-BY 2.1 JP, https://gifu-opendata.pref.gifu.lg.jp/dataset/c11265-010)"}}, {"type": "Feature", "geometry": {"type": "Point", "coordinates": [137.4576128717166, 35.55574869159171]}, "properties": {"prefecture": "岐阜県", "city": "中津川市", "place": "福岡町", "date": "2025-05-24", "time": "17時~18時", "count": 1, "note": "国・県・市道・通勤・通学", "source": "岐阜県オープンデータ「クママップ」令和7年度分 (CC-BY 2.1 JP, https://gifu-opendata.pref.gifu.lg.jp/dataset/c11265-010)"}}, {"type": "Feature", "geometry": {"type": "Point", "coordinates": [137.41490716792416, 35.596924789354645]}, "properties": {"prefecture": "岐阜県", "city": "中津川市", "place": "福岡町", "date": "2025-05-26", "time": "16時~17時", "count": 1, "note": "国・県・市道・通勤・通学", "source": "岐阜県オープンデータ「クママップ」令和7年度分 (CC-BY 2.1 JP, https://gifu-opendata.pref.gifu.lg.jp/dataset/c11265-010)"}}, {"type": "Feature", "geometry": {"type": "Point", "coordinates": [137.45681711720252, 35.57406000209208]}, "properties": {"prefecture": "岐阜県", "city": "中津川市", "place": "福岡町", "date": "2025-05-28", "time": "12時~13時", "count": 1, "note": "国・県・市道・通勤・通学", "source": "岐阜県オープンデータ「クママップ」令和7年度分 (CC-BY 2.1 JP, https://gifu-opendata.pref.gifu.lg.jp/dataset/c11265-010)"}}, {"type": "Feature", "geometry": {"type": "Point", "coordinates": [137.45628745866549, 35.572506387914466]}, "properties": {"prefecture": "岐阜県", "city": "中津川市", "place": "福岡町", "date": "2025-06-02", "time": "19時~20時", "count": 1, "note": "国・県・市道・通勤・通学", "source": "岐阜県オープンデータ「クママップ」令和7年度分 (CC-BY 2.1 JP, https://gifu-opendata.pref.gifu.lg.jp/dataset/c11265-010)"}}, {"type": "Feature", "geometry": {"type": "Point", "coordinates": [137.4681896536232, 35.62066725865199]}, "properties": {"prefecture": "岐阜県", "city": "中津川市", "place": "福岡町", "date": "2025-07-16", "time": "15時~16時", "count": 1, "note": "国・県・市道・その他車移動", "source": "岐阜県オープンデータ「クママップ」令和7年度分 (CC-BY 2.1 JP, https://gifu-opendata.pref.gifu.lg.jp/dataset/c11265-010)"}}, {"type": "Feature", "geometry": {"type": "Point", "coordinates": [137.4515718451548, 35.56905856093149]}, "properties": {"prefecture": "岐阜県", "city": "中津川市", "place": "福岡町", "date": "2025-07-24", "time": "19時~20時", "count": 1, "note": "農地・散歩", "source": "岐阜県オープンデータ「クママップ」令和7年度分 (CC-BY 2.1 JP, https://gifu-opendata.pref.gifu.lg.jp/dataset/c11265-010)"}}, {"type": "Feature", "geometry": {"type": "Point", "coordinates": [137.44043936476854, 35.55176646627387]}, "properties": {"prefecture": "岐阜県", "city": "中津川市", "place": "福岡町", "date": "2025-07-25", "time": "5時~6時", "count": 1, "note": "国・県・市道・通勤・通学", "source": "岐阜県オープンデータ「クママップ」令和7年度分 (CC-BY 2.1 JP, https://gifu-opendata.pref.gifu.lg.jp/dataset/c11265-010)"}}, {"type": "Feature", "geometry": {"type": "Point", "coordinates": [137.24767732499552, 35.60986978991839]}, "properties": {"prefecture": "岐阜県", "city": "白川町", "place": "西白川村", "date": "2025-08-05", "time": "6時~7時", "count": 1, "note": "国・県・市道・通勤・通学", "source": "岐阜県オープンデータ「クママップ」令和7年度分 (CC-BY 2.1 JP, https://gifu-opendata.pref.gifu.lg.jp/dataset/c11265-010)"}}, {"type": "Feature", "geometry": {"type": "Point", "coordinates": [137.22671966367312, 35.59038850495239]}, "properties": {"prefecture": "岐阜県", "city": "白川町", "place": "西白川村", "date": "2025-04-02", "time": "18時~19時", "count": 1, "note": "国・県・市道・その他車移動", "source": "岐阜県オープンデータ「クママップ」令和7年度分 (CC-BY 2.1 JP, https://gifu-opendata.pref.gifu.lg.jp/dataset/c11265-010)"}}, {"type": "Feature", "geometry": {"type": "Point", "coordinates": [137.2260898075458, 36.26443248565755]}, "properties": {"prefecture": "岐阜県", "city": "飛騨市", "place": "神岡町", "date": "2025-08-07", "time": "18時~19時", "count": 1, "note": "国・県・市道・その他車移動", "source": "岐阜県オープンデータ「クママップ」令和7年度分 (CC-BY 2.1 JP, https://gifu-opendata.pref.gifu.lg.jp/dataset/c11265-010)"}}, {"type": "Feature", "geometry": {"type": "Point", "coordinates": [137.36325547674778, 36.37434478347121]}, "properties": {"prefecture": "岐阜県", "city": "飛騨市", "place": "神岡町", "date": "2025-08-11", "time": "13時~14時", "count": 1, "note": "林道・その他", "source": "岐阜県オープンデータ「クママップ」令和7年度分 (CC-BY 2.1 JP, https://gifu-opendata.pref.gifu.lg.jp/dataset/c11265-010)"}}, {"type": "Feature", "geometry": {"type": "Point", "coordinates": [136.41752903845716, 35.530521597819046]}, "properties": {"prefecture": "岐阜県", "city": "揖斐川町", "place": "久瀬村", "date": "2025-07-10", "time": "6時~7時", "count": 1, "note": "山林・その他", "source": "岐阜県オープンデータ「クママップ」令和7年度分 (CC-BY 2.1 JP, https://gifu-opendata.pref.gifu.lg.jp/dataset/c11265-010)"}}, {"type": "Feature", "geometry": {"type": "Point", "coordinates": [136.64400650437156, 35.53200988746654]}, "properties": {"prefecture": "岐阜県", "city": "揖斐川町", "place": "谷汲村", "date": "2025-07-25", "time": "10時~11時", "count": 1, "note": "その他・その他", "source": "岐阜県オープンデータ「クママップ」令和7年度分 (CC-BY 2.1 JP, https://gifu-opendata.pref.gifu.lg.jp/dataset/c11265-010)"}}, {"type": "Feature", "geometry": {"type": "Point", "coordinates": [136.6240089362947, 35.51889321886053]}, "properties": {"prefecture": "岐阜県", "city": "揖斐川町", "place": "谷汲村", "date": "2025-07-26", "time": "17時~18時", "count": 1, "note": "山林・その他", "source": "岐阜県オープンデータ「クママップ」令和7年度分 (CC-BY 2.1 JP, https://gifu-opendata.pref.gifu.lg.jp/dataset/c11265-010)"}}, {"type": "Feature", "geometry": {"type": "Point", "coordinates": [136.60813117367385, 35.52634502682949]}, "properties": {"prefecture": "岐阜県", "city": "揖斐川町", "place": "谷汲村", "date": "2025-07-29", "time": "17時~18時", "count": 1, "note": "その他・その他車移動", "source": "岐阜県オープンデータ「クママップ」令和7年度分 (CC-BY 2.1 JP, https://gifu-opendata.pref.gifu.lg.jp/dataset/c11265-010)"}}, {"type": "Feature", "geometry": {"type": "Point", "coordinates": [137.50926922952138, 35.594620306725005]}, "properties": {"prefecture": "岐阜県", "city": "中津川市", "place": "坂下町", "date": "2025-08-09", "time": "10時~11時", "count": 1, "note": "河川敷・その他", "source": "岐阜県オープンデータ「クママップ」令和7年度分 (CC-BY 2.1 JP, https://gifu-opendata.pref.gifu.lg.jp/dataset/c11265-010)"}}, {"type": "Feature", "geometry": {"type": "Point", "coordinates": [137.2834940142385, 35.76772970503322]}, "properties": {"prefecture": "岐阜県", "city": "下呂市", "place": "下呂町", "date": "2025-08-08", "time": "6時~7時", "count": 1, "note": "河川敷・自宅", "source": "岐阜県オープンデータ「クママップ」令和7年度分 (CC-BY 2.1 JP, https://gifu-opendata.pref.gifu.lg.jp/dataset/c11265-010)"}}, {"type": "Feature", "geometry": {"type": "Point", "coordinates": [137.1836399703067, 35.51265133985482]}, "properties": {"prefecture": "岐阜県", "city": "八百津町", "place": "久田見", "date": "2025-08-17", "time": "9時~10時", "count": 1, "note": "国・県・市道・その他車移動", "source": "岐阜県オープンデータ「クママップ」令和7年度分 (CC-BY 2.1 JP, https://gifu-opendata.pref.gifu.lg.jp/dataset/c11265-010)"}}, {"type": "Feature", "geometry": {"type": "Point", "coordinates": [137.30483454863975, 36.31492584038329]}, "properties": {"prefecture": "岐阜県", "city": "飛騨市", "place": "神岡町", "date": "2025-08-20", "time": "4時~5時", "count": 1, "note": "国・県・市道・その他車移動", "source": "岐阜県オープンデータ「クママップ」令和7年度分 (CC-BY 2.1 JP, https://gifu-opendata.pref.gifu.lg.jp/dataset/c11265-010)"}}, {"type": "Feature", "geometry": {"type": "Point", "coordinates": [137.37090630495047, 35.280550697495045]}, "properties": {"prefecture": "岐阜県", "city": "恵那市", "place": "明智町横通", "date": "2025-08-20", "time": "16時~17時", "count": 1, "note": "国・県・市道・その他", "source": "岐阜県オープンデータ「クママップ」令和7年度分 (CC-BY 2.1 JP, https://gifu-opendata.pref.gifu.lg.jp/dataset/c11265-010)"}}, {"type": "Feature", "geometry": {"type": "Point", "coordinates": [137.18334968943134, 36.34589231152566]}, "properties": {"prefecture": "岐阜県", "city": "飛騨市", "place": "宮川町種蔵", "date": "2025-08-18", "time": "16時~17時", "count": 1, "note": "山林・その他車移動", "source": "岐阜県オープンデータ「クママップ」令和7年度分 (CC-BY 2.1 JP, https://gifu-opendata.pref.gifu.lg.jp/dataset/c11265-010)"}}, {"type": "Feature", "geometry": {"type": "Point", "coordinates": [137.18656329288106, 36.40938269407754]}, "properties": {"prefecture": "岐阜県", "city": "飛騨市", "place": "宮川町桑野", "date": "2025-08-18", "time": "16時~17時", "count": 1, "note": "国・県・市道・その他車移動", "source": "岐阜県オープンデータ「クママップ」令和7年度分 (CC-BY 2.1 JP, https://gifu-opendata.pref.gifu.lg.jp/dataset/c11265-010)"}}, {"type": "Feature", "geometry": {"type": "Point", "coordinates": [137.19789288634232, 36.42639156673134]}, "properties": {"prefecture": "岐阜県", "city": "飛騨市", "place": "宮川町小豆沢", "date": "2025-08-20", "time": "13時~14時", "count": 1, "note": "国・県・市道・その他車移動", "source": "岐阜県オープンデータ「クママップ」令和7年度分 (CC-BY 2.1 JP, https://gifu-opendata.pref.gifu.lg.jp/dataset/c11265-010)"}}, {"type": "Feature", "geometry": {"type": "Point", "coordinates": [137.44131816447174, 35.640864872056326]}, "properties": {"prefecture": "岐阜県", "city": "中津川市", "place": "付知町", "date": "2025-08-15", "time": "6時~7時", "count": 1, "note": "河川敷・その他", "source": "岐阜県オープンデータ「クママップ」令和7年度分 (CC-BY 2.1 JP, https://gifu-opendata.pref.gifu.lg.jp/dataset/c11265-010)"}}, {"type": "Feature", "geometry": {"type": "Point", "coordinates": [137.47349740646078, 36.04702938104924]}, "properties": {"prefecture": "岐阜県", "city": "高山市", "place": "高根町池ヶ洞", "date": "2025-08-01", "time": "6時~7時", "count": 1, "note": "農地・自宅", "source": "岐阜県オープンデータ「クママップ」令和7年度分 (CC-BY 2.1 JP, https://gifu-opendata.pref.gifu.lg.jp/dataset/c11265-010)"}}, {"type": "Feature", "geometry": {"type": "Point", "coordinates": [137.2683619290608, 36.143144086460126]}, "properties": {"prefecture": "岐阜県", "city": "高山市", "place": "高山市西洞町", "date": "2025-08-02", "time": "6時~7時", "count": 1, "note": "その他・その他", "source": "岐阜県オープンデータ「クママップ」令和7年度分 (CC-BY 2.1 JP, https://gifu-opendata.pref.gifu.lg.jp/dataset/c11265-010)"}}, {"type": "Feature", "geometry": {"type": "Point", "coordinates": [137.27789774028176, 36.147213999403505]}, "properties": {"prefecture": "岐阜県", "city": "高山市", "place": "高山市松之木町」", "date": "2025-08-05", "time": "14時~15時", "count": 1, "note": "住宅地・自宅", "source": "岐阜県オープンデータ「クママップ」令和7年度分 (CC-BY 2.1 JP, https://gifu-opendata.pref.gifu.lg.jp/dataset/c11265-010)"}}, {"type": "Feature", "geometry": {"type": "Point", "coordinates": [137.5338434836533, 35.97338724449263]}, "properties": {"prefecture": "岐阜県", "city": "高山市", "place": "高根町留之原", "date": "2025-08-08", "time": "5時~6時", "count": 1, "note": "住宅地・自宅", "source": "岐阜県オープンデータ「クママップ」令和7年度分 (CC-BY 2.1 JP, https://gifu-opendata.pref.gifu.lg.jp/dataset/c11265-010)"}}, {"type": "Feature", "geometry": {"type": "Point", "coordinates": [137.5337665451911, 35.97353394467952]}, "properties": {"prefecture": "岐阜県", "city": "高山市", "place": "高根町留之原", "date": "2025-08-06", "time": "16時~17時", "count": 1, "note": "住宅地・自宅", "source": "岐阜県オープンデータ「クママップ」令和7年度分 (CC-BY 2.1 JP, https://gifu-opendata.pref.gifu.lg.jp/dataset/c11265-010)"}}, {"type": "Feature", "geometry": {"type": "Point", "coordinates": [137.35792743648759, 36.17295540594723]}, "properties": {"prefecture": "岐阜県", "city": "高山市", "place": "丹生川町大谷", "date": "2025-08-09", "time": "6時~7時", "count": 1, "note": "国・県・市道・その他車移動", "source": "岐阜県オープンデータ「クママップ」令和7年度分 (CC-BY 2.1 JP, https://gifu-opendata.pref.gifu.lg.jp/dataset/c11265-010)"}}, {"type": "Feature", "geometry": {"type": "Point", "coordinates": [137.58971796361905, 36.06059970971995]}, "properties": {"prefecture": "岐阜県", "city": "高山市", "place": "高根町野麦", "date": "2025-08-09", "time": "9時~10時", "count": 1, "note": "国・県・市道・その他車移動", "source": "岐阜県オープンデータ「クママップ」令和7年度分 (CC-BY 2.1 JP, https://gifu-opendata.pref.gifu.lg.jp/dataset/c11265-010)"}}, {"type": "Feature", "geometry": {"type": "Point", "coordinates": [137.52426931415138, 36.039677075423945]}, "properties": {"prefecture": "岐阜県", "city": "高山市", "place": "高根町阿多野郷", "date": "2025-08-08", "time": "11時~12時", "count": 2, "note": "国・県・市道・その他車移動", "source": "岐阜県オープンデータ「クママップ」令和7年度分 (CC-BY 2.1 JP, https://gifu-opendata.pref.gifu.lg.jp/dataset/c11265-010)"}}, {"type": "Feature", "geometry": {"type": "Point", "coordinates": [137.53589598131964, 35.97319223202834]}, "properties": {"prefecture": "岐阜県", "city": "高山市", "place": "高根町留之原", "date": "2025-08-09", "time": "10時~11時", "count": 1, "note": "国・県・市道・その他車移動", "source": "岐阜県オープンデータ「クママップ」令和7年度分 (CC-BY 2.1 JP, https://gifu-opendata.pref.gifu.lg.jp/dataset/c11265-010)"}}, {"type": "Feature", "geometry": {"type": "Point", "coordinates": [137.26005395187505, 36.11362525376317]}, "properties": {"prefecture": "岐阜県", "city": "高山市", "place": "高山市石浦町６丁目", "date": "2025-08-09", "time": "14時~15時", "count": 1, "note": "国・県・市道・その他車移動", "source": "岐阜県オープンデータ「クママップ」令和7年度分 (CC-BY 2.1 JP, https://gifu-opendata.pref.gifu.lg.jp/dataset/c11265-010)"}}, {"type": "Feature", "geometry": {"type": "Point", "coordinates": [137.235548156937, 36.14285256129198]}, "properties": {"prefecture": "岐阜県", "city": "高山市", "place": "高山市上岡本８丁目", "date": "2025-08-09", "time": "14時~15時", "count": 1, "note": "住宅地・その他", "source": "岐阜県オープンデータ「クママップ」令和7年度分 (CC-BY 2.1 JP, https://gifu-opendata.pref.gifu.lg.jp/dataset/c11265-010)"}}, {"type": "Feature", "geometry": {"type": "Point", "coordinates": [137.29952944964643, 36.148910623367115]}, "properties": {"prefecture": "岐阜県", "city": "高山市", "place": "高山市漆垣内町", "date": "2025-08-09", "time": "16時~17時", "count": 1, "note": "その他・その他", "source": "岐阜県オープンデータ「クママップ」令和7年度分 (CC-BY 2.1 JP, https://gifu-opendata.pref.gifu.lg.jp/dataset/c11265-010)"}}, {"type": "Feature", "geometry": {"type": "Point", "coordinates": [137.1688127718062, 36.13767295918937]}, "properties": {"prefecture": "岐阜県", "city": "高山市", "place": "清見町牧ヶ洞", "date": "2025-08-09", "time": "18時~19時", "count": 1, "note": "国・県・市道・その他車移動", "source": "岐阜県オープンデータ「クママップ」令和7年度分 (CC-BY 2.1 JP, https://gifu-opendata.pref.gifu.lg.jp/dataset/c11265-010)"}}, {"type": "Feature", "geometry": {"type": "Point", "coordinates": [137.49612421804017, 36.037434013164535]}, "properties": {"prefecture": "岐阜県", "city": "高山市", "place": "高根町上ヶ洞", "date": "2025-08-11", "time": "9時~10時", "count": 1, "note": "国・県・市道・その他車移動", "source": "岐阜県オープンデータ「クママップ」令和7年度分 (CC-BY 2.1 JP, https://gifu-opendata.pref.gifu.lg.jp/dataset/c11265-010)"}}, {"type": "Feature", "geometry": {"type": "Point", "coordinates": [137.35055374755558, 36.207999684339384]}, "properties": {"prefecture": "岐阜県", "city": "高山市", "place": "丹生川町折敷地", "date": "2025-08-12", "time": "10時~11時", "count": 1, "note": "国・県・市道・その他車移動", "source": "岐阜県オープンデータ「クママップ」令和7年度分 (CC-BY 2.1 JP, https://gifu-opendata.pref.gifu.lg.jp/dataset/c11265-010)"}}, {"type": "Feature", "geometry": {"type": "Point", "coordinates": [137.50130595099895, 36.05022337203355]}, "properties": {"prefecture": "岐阜県", "city": "高山市", "place": "高根町黍生", "date": "2025-08-12", "time": "10時~11時", "count": 2, "note": "国・県・市道・その他車移動", "source": "岐阜県オープンデータ「クママップ」令和7年度分 (CC-BY 2.1 JP, https://gifu-opendata.pref.gifu.lg.jp/dataset/c11265-010)"}}, {"type": "Feature", "geometry": {"type": "Point", "coordinates": [137.5282197962666, 35.99985187617548]}, "properties": {"prefecture": "岐阜県", "city": "高山市", "place": "高根町日和田", "date": "2025-08-12", "time": "15時~16時", "count": 2, "note": "国・県・市道・その他車移動", "source": "岐阜県オープンデータ「クママップ」令和7年度分 (CC-BY 2.1 JP, https://gifu-opendata.pref.gifu.lg.jp/dataset/c11265-010)"}}, {"type": "Feature", "geometry": {"type": "Point", "coordinates": [137.5227373079393, 36.0380153331952]}, "properties": {"prefecture": "岐阜県", "city": "高山市", "place": "高根町阿多野郷", "date": "2025-08-12", "time": "17時~18時", "count": 1, "note": "その他・その他", "source": "岐阜県オープンデータ「クママップ」令和7年度分 (CC-BY 2.1 JP, https://gifu-opendata.pref.gifu.lg.jp/dataset/c11265-010)"}}, {"type": "Feature", "geometry": {"type": "Point", "coordinates": [137.2617952540882, 36.18619663586027]}, "properties": {"prefecture": "岐阜県", "city": "高山市", "place": "国府町三川", "date": "2025-08-12", "time": "18時~19時", "count": 1, "note": "山林・その他", "source": "岐阜県オープンデータ「クママップ」令和7年度分 (CC-BY 2.1 JP, https://gifu-opendata.pref.gifu.lg.jp/dataset/c11265-010)"}}, {"type": "Feature", "geometry": {"type": "Point", "coordinates": [137.37085930273372, 36.0095730292384]}, "properties": {"prefecture": "岐阜県", "city": "高山市", "place": "朝日町西洞", "date": "2025-08-13", "time": "7時~8時", "count": 2, "note": "住宅地・自宅", "source": "岐阜県オープンデータ「クママップ」令和7年度分 (CC-BY 2.1 JP, https://gifu-opendata.pref.gifu.lg.jp/dataset/c11265-010)"}}, {"type": "Feature", "geometry": {"type": "Point", "coordinates": [137.52145994054678, 36.03388716210365]}, "properties": {"prefecture": "岐阜県", "city": "高山市", "place": "高根町阿多野郷", "date": "2025-08-13", "time": "14時~15時", "count": 1, "note": "住宅地・自宅", "source": "岐阜県オープンデータ「クママップ」令和7年度分 (CC-BY 2.1 JP, https://gifu-opendata.pref.gifu.lg.jp/dataset/c11265-010)"}}, {"type": "Feature", "geometry": {"type": "Point", "coordinates": [137.23477815176904, 36.14228518140179]}, "properties": {"prefecture": "岐阜県", "city": "高山市", "place": "高山市上岡本町", "date": "2025-08-13", "time": "20時~21時", "count": 1, "note": "住宅地・その他車移動", "source": "岐阜県オープンデータ「クママップ」令和7年度分 (CC-BY 2.1 JP, https://gifu-opendata.pref.gifu.lg.jp/dataset/c11265-010)"}}, {"type": "Feature", "geometry": {"type": "Point", "coordinates": [137.52538538032385, 35.98414249840525]}, "properties": {"prefecture": "岐阜県", "city": "高山市", "place": "高根町留之原", "date": "2025-08-15", "time": "16時~17時", "count": 1, "note": "国・県・市道・その他車移動", "source": "岐阜県オープンデータ「クママップ」令和7年度分 (CC-BY 2.1 JP, https://gifu-opendata.pref.gifu.lg.jp/dataset/c11265-010)"}}, {"type": "Feature", "geometry": {"type": "Point", "coordinates": [137.36537890722187, 36.14076240402322]}, "properties": {"prefecture": "岐阜県", "city": "高山市", "place": "高山市生井町", "date": "2025-08-16", "time": "7時~8時", "count": 1, "note": "国・県・市道・その他車移動", "source": "岐阜県オープンデータ「クママップ」令和7年度分 (CC-BY 2.1 JP, https://gifu-opendata.pref.gifu.lg.jp/dataset/c11265-010)"}}, {"type": "Feature", "geometry": {"type": "Point", "coordinates": [137.2799601616297, 36.14550128399203]}, "properties": {"prefecture": "岐阜県", "city": "高山市", "place": "高山市松之木町", "date": "2025-08-17", "time": "23時~24時", "count": 1, "note": "住宅地・自宅", "source": "岐阜県オープンデータ「クママップ」令和7年度分 (CC-BY 2.1 JP, https://gifu-opendata.pref.gifu.lg.jp/dataset/c11265-010)"}}, {"type": "Feature", "geometry": {"type": "Point", "coordinates": [137.263108201008, 36.160359331996624]}, "properties": {"prefecture": "岐阜県", "city": "高山市", "place": "高山市松本町", "date": "2025-08-19", "time": "9時~10時", "count": 1, "note": "国・県・市道・その他車移動", "source": "岐阜県オープンデータ「クママップ」令和7年度分 (CC-BY 2.1 JP, https://gifu-opendata.pref.gifu.lg.jp/dataset/c11265-010)"}}, {"type": "Feature", "geometry": {"type": "Point", "coordinates": [137.22802029766993, 36.13738405744527]}, "properties": {"prefecture": "岐阜県", "city": "高山市", "place": "高山市　上岡本町", "date": "2025-08-16", "time": "5時~6時", "count": 1, "note": "住宅地・自宅", "source": "岐阜県オープンデータ「クママップ」令和7年度分 (CC-BY 2.1 JP, https://gifu-opendata.pref.gifu.lg.jp/dataset/c11265-010)"}}, {"type": "Feature", "geometry": {"type": "Point", "coordinates": [137.27656899363615, 36.14914795400368]}, "properties": {"prefecture": "岐阜県", "city": "高山市", "place": "たかやまし上岡本町", "date": "2025-08-20", "time": "6時~7時", "count": 1, "note": "農地・農作業", "source": "岐阜県オープンデータ「クママップ」令和7年度分 (CC-BY 2.1 JP, https://gifu-opendata.pref.gifu.lg.jp/dataset/c11265-010)"}}, {"type": "Feature", "geometry": {"type": "Point", "coordinates": [137.30370720230616, 36.132920763796164]}, "properties": {"prefecture": "岐阜県", "city": "高山市", "place": "高山市山口町", "date": "2025-08-21", "time": "10時~11時", "count": 1, "note": "その他・その他", "source": "岐阜県オープンデータ「クママップ」令和7年度分 (CC-BY 2.1 JP, https://gifu-opendata.pref.gifu.lg.jp/dataset/c11265-010)"}}, {"type": "Feature", "geometry": {"type": "Point", "coordinates": [137.5663366649496, 36.04943386279621]}, "properties": {"prefecture": "岐阜県", "city": "高山市", "place": "高根町野麦", "date": "2025-08-22", "time": "9時~10時", "count": 1, "note": "住宅地・その他", "source": "岐阜県オープンデータ「クママップ」令和7年度分 (CC-BY 2.1 JP, https://gifu-opendata.pref.gifu.lg.jp/dataset/c11265-010)"}}, {"type": "Feature", "geometry": {"type": "Point", "coordinates": [137.40052397100152, 36.062935360675674]}, "properties": {"prefecture": "岐阜県", "city": "高山市", "place": "朝日町小瀬ヶ洞", "date": "2025-08-22", "time": "13時~14時", "count": 1, "note": "その他・その他", "source": "岐阜県オープンデータ「クママップ」令和7年度分 (CC-BY 2.1 JP, https://gifu-opendata.pref.gifu.lg.jp/dataset/c11265-010)"}}, {"type": "Feature", "geometry": {"type": "Point", "coordinates": [137.3631921256618, 36.07673104442759]}, "properties": {"prefecture": "岐阜県", "city": "高山市", "place": "朝日町大広", "date": "2025-08-23", "time": "16時~17時", "count": 1, "note": "山林・その他車移動", "source": "岐阜県オープンデータ「クママップ」令和7年度分 (CC-BY 2.1 JP, https://gifu-opendata.pref.gifu.lg.jp/dataset/c11265-010)"}}, {"type": "Feature", "geometry": {"type": "Point", "coordinates": [137.3633806630335, 36.07720392324948]}, "properties": {"prefecture": "岐阜県", "city": "高山市", "place": "朝日町大廣", "date": "2025-08-24", "time": "7時~8時", "count": 1, "note": "山林・その他車移動", "source": "岐阜県オープンデータ「クママップ」令和7年度分 (CC-BY 2.1 JP, https://gifu-opendata.pref.gifu.lg.jp/dataset/c11265-010)"}}, {"type": "Feature", "geometry": {"type": "Point", "coordinates": [137.3557789675173, 36.00103350852563]}, "properties": {"prefecture": "岐阜県", "city": "高山市", "place": "朝日町西洞", "date": "2025-08-25", "time": "18時~19時", "count": 1, "note": "国・県・市道・その他車移動", "source": "岐阜県オープンデータ「クママップ」令和7年度分 (CC-BY 2.1 JP, https://gifu-opendata.pref.gifu.lg.jp/dataset/c11265-010)"}}, {"type": "Feature", "geometry": {"type": "Point", "coordinates": [137.27559850444294, 36.15252984430975]}, "properties": {"prefecture": "岐阜県", "city": "高山市", "place": "高山市松之木町", "date": "2025-08-25", "time": "17時~18時", "count": 1, "note": "住宅地・自宅", "source": "岐阜県オープンデータ「クママップ」令和7年度分 (CC-BY 2.1 JP, https://gifu-opendata.pref.gifu.lg.jp/dataset/c11265-010)"}}, {"type": "Feature", "geometry": {"type": "Point", "coordinates": [137.2709628017583, 36.147290653389504]}, "properties": {"prefecture": "岐阜県", "city": "高山市", "place": "高山市松之木町", "date": "2025-08-26", "time": "13時~14時", "count": 1, "note": "国・県・市道・その他車移動", "source": "岐阜県オープンデータ「クママップ」令和7年度分 (CC-BY 2.1 JP, https://gifu-opendata.pref.gifu.lg.jp/dataset/c11265-010)"}}, {"type": "Feature", "geometry": {"type": "Point", "coordinates": [137.44245649899537, 35.64225827461276]}, "properties": {"prefecture": "岐阜県", "city": "中津川市", "place": "付知町", "date": "2025-08-24", "time": "21時~22時", "count": 1, "note": "国・県・市道・その他車移動", "source": "岐阜県オープンデータ「クママップ」令和7年度分 (CC-BY 2.1 JP, https://gifu-opendata.pref.gifu.lg.jp/dataset/c11265-010)"}}, {"type": "Feature", "geometry": {"type": "Point", "coordinates": [136.43701050284884, 35.59692756002092]}, "properties": {"prefecture": "岐阜県", "city": "揖斐川町", "place": "坂内村", "date": "2025-08-21", "time": "13時~14時", "count": 1, "note": "国・県・市道・その他車移動", "source": "岐阜県オープンデータ「クママップ」令和7年度分 (CC-BY 2.1 JP, https://gifu-opendata.pref.gifu.lg.jp/dataset/c11265-010)"}}, {"type": "Feature", "geometry": {"type": "Point", "coordinates": [137.41715611809406, 35.967489263045216]}, "properties": {"prefecture": "岐阜県", "city": "下呂市", "place": "小坂町落合", "date": "2025-08-24", "time": "9時~10時", "count": 3, "note": "国・県・市道・その他", "source": "岐阜県オープンデータ「クママップ」令和7年度分 (CC-BY 2.1 JP, https://gifu-opendata.pref.gifu.lg.jp/dataset/c11265-010)"}}, {"type": "Feature", "geometry": {"type": "Point", "coordinates": [137.5525629327926, 36.19499712396572]}, "properties": {"prefecture": "岐阜県", "city": "高山市", "place": "奥飛騨温泉郷平湯", "date": "2025-08-27", "time": "12時~13時", "count": 1, "note": "住宅地・その他", "source": "岐阜県オープンデータ「クママップ」令和7年度分 (CC-BY 2.1 JP, https://gifu-opendata.pref.gifu.lg.jp/dataset/c11265-010)"}}, {"type": "Feature", "geometry": {"type": "Point", "coordinates": [137.47508325449863, 35.60292646436916]}, "properties": {"prefecture": "岐阜県", "city": "中津川市", "place": "坂下町", "date": "2025-08-27", "time": "2時~3時", "count": 1, "note": "国・県・市道・その他車移動", "source": "岐阜県オープンデータ「クママップ」令和7年度分 (CC-BY 2.1 JP, https://gifu-opendata.pref.gifu.lg.jp/dataset/c11265-010)"}}, {"type": "Feature", "geometry": {"type": "Point", "coordinates": [136.76971512327012, 35.72748320945501]}, "properties": {"prefecture": "岐阜県", "city": "関市", "place": "板取", "date": "2025-07-25", "time": "14時~15時", "count": 1, "note": "国・県・市道・自宅", "source": "岐阜県オープンデータ「クママップ」令和7年度分 (CC-BY 2.1 JP, https://gifu-opendata.pref.gifu.lg.jp/dataset/c11265-010)"}}, {"type": "Feature", "geometry": {"type": "Point", "coordinates": [137.52265949863542, 35.587392994927654]}, "properties": {"prefecture": "岐阜県", "city": "中津川市", "place": "坂下町", "date": "2025-08-30", "time": "5時~6時", "count": 1, "note": "農地・自宅", "source": "岐阜県オープンデータ「クママップ」令和7年度分 (CC-BY 2.1 JP, https://gifu-opendata.pref.gifu.lg.jp/dataset/c11265-010)"}}, {"type": "Feature", "geometry": {"type": "Point", "coordinates": [137.53274970964353, 35.975746416496705]}, "properties": {"prefecture": "岐阜県", "city": "高山市", "place": "高根町留之原", "date": "2025-08-28", "time": "17時~18時", "count": 1, "note": "国・県・市道・その他車移動", "source": "岐阜県オープンデータ「クママップ」令和7年度分 (CC-BY 2.1 JP, https://gifu-opendata.pref.gifu.lg.jp/dataset/c11265-010)"}}, {"type": "Feature", "geometry": {"type": "Point", "coordinates": [137.47545734600354, 36.070202125669766]}, "properties": {"prefecture": "岐阜県", "city": "高山市", "place": "高根町池ヶ洞", "date": "2025-08-30", "time": "21時~22時", "count": 1, "note": "その他・その他", "source": "岐阜県オープンデータ「クママップ」令和7年度分 (CC-BY 2.1 JP, https://gifu-opendata.pref.gifu.lg.jp/dataset/c11265-010)"}}, {"type": "Feature", "geometry": {"type": "Point", "coordinates": [137.52500879562274, 35.989610694608096]}, "properties": {"prefecture": "岐阜県", "city": "高山市", "place": "高根町留之原", "date": "2025-08-29", "time": "12時~13時", "count": 2, "note": "国・県・市道・その他車移動", "source": "岐阜県オープンデータ「クママップ」令和7年度分 (CC-BY 2.1 JP, https://gifu-opendata.pref.gifu.lg.jp/dataset/c11265-010)"}}, {"type": "Feature", "geometry": {"type": "Point", "coordinates": [137.53021188030795, 35.98301540255479]}, "properties": {"prefecture": "岐阜県", "city": "高山市", "place": "高根町留之原付近", "date": "2025-08-29", "time": "15時~16時", "count": 1, "note": "国・県・市道・その他車移動", "source": "岐阜県オープンデータ「クママップ」令和7年度分 (CC-BY 2.1 JP, https://gifu-opendata.pref.gifu.lg.jp/dataset/c11265-010)"}}, {"type": "Feature", "geometry": {"type": "Point", "coordinates": [137.37069238656113, 36.07900558688223]}, "properties": {"prefecture": "岐阜県", "city": "高山市", "place": "朝日町浅井", "date": "2025-08-30", "time": "5時~6時", "count": 1, "note": "住宅地・自宅", "source": "岐阜県オープンデータ「クママップ」令和7年度分 (CC-BY 2.1 JP, https://gifu-opendata.pref.gifu.lg.jp/dataset/c11265-010)"}}, {"type": "Feature", "geometry": {"type": "Point", "coordinates": [136.98456836541916, 36.04239125342395]}, "properties": {"prefecture": "岐阜県", "city": "高山市", "place": "荘川町三谷", "date": "2025-08-29", "time": "17時~18時", "count": 1, "note": "住宅地・その他", "source": "岐阜県オープンデータ「クママップ」令和7年度分 (CC-BY 2.1 JP, https://gifu-opendata.pref.gifu.lg.jp/dataset/c11265-010)"}}, {"type": "Feature", "geometry": {"type": "Point", "coordinates": [137.52930127650856, 35.98531596248017]}, "properties": {"prefecture": "岐阜県", "city": "高山市", "place": "高根町留之原", "date": "2025-08-30", "time": "10時~11時", "count": 1, "note": "国・県・市道・その他車移動", "source": "岐阜県オープンデータ「クママップ」令和7年度分 (CC-BY 2.1 JP, https://gifu-opendata.pref.gifu.lg.jp/dataset/c11265-010)"}}, {"type": "Feature", "geometry": {"type": "Point", "coordinates": [137.43414471460548, 36.17136225113359]}, "properties": {"prefecture": "岐阜県", "city": "高山市", "place": "丹生川町日面", "date": "2025-08-31", "time": "12時~13時", "count": 2, "note": "国・県・市道・その他車移動", "source": "岐阜県オープンデータ「クママップ」令和7年度分 (CC-BY 2.1 JP, https://gifu-opendata.pref.gifu.lg.jp/dataset/c11265-010)"}}, {"type": "Feature", "geometry": {"type": "Point", "coordinates": [137.36635963711376, 36.29289844947304]}, "properties": {"prefecture": "岐阜県", "city": "高山市", "place": "上宝町見座", "date": "2025-09-01", "time": "7時~8時", "count": 1, "note": "国・県・市道・その他車移動", "source": "岐阜県オープンデータ「クママップ」令和7年度分 (CC-BY 2.1 JP, https://gifu-opendata.pref.gifu.lg.jp/dataset/c11265-010)"}}, {"type": "Feature", "geometry": {"type": "Point", "coordinates": [137.53270092570497, 35.977188680115084]}, "properties": {"prefecture": "岐阜県", "city": "高山市", "place": "高根町留之原", "date": "2025-09-01", "time": "8時~9時", "count": 1, "note": "その他・その他", "source": "岐阜県オープンデータ「クママップ」令和7年度分 (CC-BY 2.1 JP, https://gifu-opendata.pref.gifu.lg.jp/dataset/c11265-010)"}}, {"type": "Feature", "geometry": {"type": "Point", "coordinates": [137.4985682596254, 36.248442476541534]}, "properties": {"prefecture": "岐阜県", "city": "高山市", "place": "奥飛騨温泉郷田頃家", "date": "2025-09-01", "time": "12時~13時", "count": 1, "note": "その他・その他", "source": "岐阜県オープンデータ「クママップ」令和7年度分 (CC-BY 2.1 JP, https://gifu-opendata.pref.gifu.lg.jp/dataset/c11265-010)"}}, {"type": "Feature", "geometry": {"type": "Point", "coordinates": [137.39340903157387, 36.02931421549686]}, "properties": {"prefecture": "岐阜県", "city": "高山市", "place": "朝日町一之宿", "date": "2025-09-01", "time": "18時~19時", "count": 1, "note": "住宅地・自宅", "source": "岐阜県オープンデータ「クママップ」令和7年度分 (CC-BY 2.1 JP, https://gifu-opendata.pref.gifu.lg.jp/dataset/c11265-010)"}}, {"type": "Feature", "geometry": {"type": "Point", "coordinates": [137.52974284944892, 35.57067377765445]}, "properties": {"prefecture": "岐阜県", "city": "中津川市", "place": "坂下町", "date": "2025-09-02", "time": "19時~20時", "count": 1, "note": "国・県・市道・その他", "source": "岐阜県オープンデータ「クママップ」令和7年度分 (CC-BY 2.1 JP, https://gifu-opendata.pref.gifu.lg.jp/dataset/c11265-010)"}}, {"type": "Feature", "geometry": {"type": "Point", "coordinates": [137.38174961966763, 35.33900324979696]}, "properties": {"prefecture": "岐阜県", "city": "恵那市", "place": "山岡町上手向", "date": "2025-08-26", "time": "5時~6時", "count": 1, "note": "国・県・市道・通勤・通学", "source": "岐阜県オープンデータ「クママップ」令和7年度分 (CC-BY 2.1 JP, https://gifu-opendata.pref.gifu.lg.jp/dataset/c11265-010)"}}, {"type": "Feature", "geometry": {"type": "Point", "coordinates": [137.37928830219855, 36.175307811173866]}, "properties": {"prefecture": "岐阜県", "city": "高山市", "place": "丹生川町小野", "date": "2025-09-02", "time": "8時~9時", "count": 1, "note": "国・県・市道・通勤・通学", "source": "岐阜県オープンデータ「クママップ」令和7年度分 (CC-BY 2.1 JP, https://gifu-opendata.pref.gifu.lg.jp/dataset/c11265-010)"}}, {"type": "Feature", "geometry": {"type": "Point", "coordinates": [137.57190394761807, 36.05223683581723]}, "properties": {"prefecture": "岐阜県", "city": "高山市", "place": "高根町野麦", "date": "2025-09-02", "time": "12時~13時", "count": 2, "note": "国・県・市道・その他車移動", "source": "岐阜県オープンデータ「クママップ」令和7年度分 (CC-BY 2.1 JP, https://gifu-opendata.pref.gifu.lg.jp/dataset/c11265-010)"}}, {"type": "Feature", "geometry": {"type": "Point", "coordinates": [137.43189072347727, 36.05319842207581]}, "properties": {"prefecture": "岐阜県", "city": "高山市", "place": "高根町中洞", "date": "2025-09-02", "time": "17時~18時", "count": 3, "note": "国・県・市道・その他車移動", "source": "岐阜県オープンデータ「クママップ」令和7年度分 (CC-BY 2.1 JP, https://gifu-opendata.pref.gifu.lg.jp/dataset/c11265-010)"}}, {"type": "Feature", "geometry": {"type": "Point", "coordinates": [137.5267004750271, 35.5741813924926]}, "properties": {"prefecture": "岐阜県", "city": "中津川市", "place": "坂下町", "date": "2025-09-03", "time": "6時~7時", "count": 1, "note": "国・県・市道・通勤・通学", "source": "岐阜県オープンデータ「クママップ」令和7年度分 (CC-BY 2.1 JP, https://gifu-opendata.pref.gifu.lg.jp/dataset/c11265-010)"}}, {"type": "Feature", "geometry": {"type": "Point", "coordinates": [137.4242191560731, 35.29184580858962]}, "properties": {"prefecture": "岐阜県", "city": "恵那市", "place": "明智町東方", "date": "2025-09-03", "time": "7時~8時", "count": 1, "note": "国・県・市道・通勤・通学", "source": "岐阜県オープンデータ「クママップ」令和7年度分 (CC-BY 2.1 JP, https://gifu-opendata.pref.gifu.lg.jp/dataset/c11265-010)"}}, {"type": "Feature", "geometry": {"type": "Point", "coordinates": [136.78460758206748, 35.57064722291273]}, "properties": {"prefecture": "岐阜県", "city": "山県市", "place": "旧美山町", "date": "2025-09-03", "time": "8時~9時", "count": 1, "note": "国・県・市道・その他車移動", "source": "岐阜県オープンデータ「クママップ」令和7年度分 (CC-BY 2.1 JP, https://gifu-opendata.pref.gifu.lg.jp/dataset/c11265-010)"}}, {"type": "Feature", "geometry": {"type": "Point", "coordinates": [136.49473730646258, 35.69335243130525]}, "properties": {"prefecture": "岐阜県", "city": "揖斐川町", "place": "藤橋村", "date": "2025-09-01", "time": "18時~19時", "count": 1, "note": "国・県・市道・その他車移動", "source": "岐阜県オープンデータ「クママップ」令和7年度分 (CC-BY 2.1 JP, https://gifu-opendata.pref.gifu.lg.jp/dataset/c11265-010)"}}, {"type": "Feature", "geometry": {"type": "Point", "coordinates": [137.0850581647425, 35.372734034930886]}, "properties": {"prefecture": "岐阜県", "city": "可児市", "place": "可児市", "date": "2025-09-01", "time": "7時~8時", "count": 1, "note": "国・県・市道・その他車移動", "source": "岐阜県オープンデータ「クママップ」令和7年度分 (CC-BY 2.1 JP, https://gifu-opendata.pref.gifu.lg.jp/dataset/c11265-010)"}}, {"type": "Feature", "geometry": {"type": "Point", "coordinates": [137.4185531521021, 35.69518955581252]}, "properties": {"prefecture": "岐阜県", "city": "中津川市", "place": "付知町", "date": "2025-09-03", "time": "21時~22時", "count": 2, "note": "国・県・市道・通勤・通学", "source": "岐阜県オープンデータ「クママップ」令和7年度分 (CC-BY 2.1 JP, https://gifu-opendata.pref.gifu.lg.jp/dataset/c11265-010)"}}, {"type": "Feature", "geometry": {"type": "Point", "coordinates": [137.26108998520382, 36.14974418705042]}, "properties": {"prefecture": "岐阜県", "city": "高山市", "place": "高山市八幡町", "date": "2025-09-03", "time": "6時~7時", "count": 1, "note": "住宅地・自宅", "source": "岐阜県オープンデータ「クママップ」令和7年度分 (CC-BY 2.1 JP, https://gifu-opendata.pref.gifu.lg.jp/dataset/c11265-010)"}}, {"type": "Feature", "geometry": {"type": "Point", "coordinates": [137.2674539687835, 36.15110334451007]}, "properties": {"prefecture": "岐阜県", "city": "高山市", "place": "高山市三福寺町", "date": "2025-09-03", "time": "12時~13時", "count": 1, "note": "住宅地・自宅", "source": "岐阜県オープンデータ「クママップ」令和7年度分 (CC-BY 2.1 JP, https://gifu-opendata.pref.gifu.lg.jp/dataset/c11265-010)"}}, {"type": "Feature", "geometry": {"type": "Point", "coordinates": [137.39348039895893, 36.029533776596615]}, "properties": {"prefecture": "岐阜県", "city": "高山市", "place": "朝日町一之宿", "date": "2025-09-03", "time": "18時~19時", "count": 1, "note": "住宅地・その他車移動", "source": "岐阜県オープンデータ「クママップ」令和7年度分 (CC-BY 2.1 JP, https://gifu-opendata.pref.gifu.lg.jp/dataset/c11265-010)"}}, {"type": "Feature", "geometry": {"type": "Point", "coordinates": [137.1404641931387, 35.41901070629425]}, "properties": {"prefecture": "岐阜県", "city": "御嵩町", "place": "御嵩町", "date": "2025-09-02", "time": "20時~21時", "count": 1, "note": "その他・通勤・通学", "source": "岐阜県オープンデータ「クママップ」令和7年度分 (CC-BY 2.1 JP, https://gifu-opendata.pref.gifu.lg.jp/dataset/c11265-010)"}}, {"type": "Feature", "geometry": {"type": "Point", "coordinates": [137.46321404137498, 35.469511738556385]}, "properties": {"prefecture": "岐阜県", "city": "中津川市", "place": "坂本", "date": "2025-09-04", "time": "5時~6時", "count": 1, "note": "その他・その他", "source": "岐阜県オープンデータ「クママップ」令和7年度分 (CC-BY 2.1 JP, https://gifu-opendata.pref.gifu.lg.jp/dataset/c11265-010)"}}, {"type": "Feature", "geometry": {"type": "Point", "coordinates": [137.48223016722753, 35.514401214807314]}, "properties": {"prefecture": "岐阜県", "city": "中津川市", "place": "苗木", "date": "2025-09-04", "time": "5時~6時", "count": 1, "note": "山林・その他車移動", "source": "岐阜県オープンデータ「クママップ」令和7年度分 (CC-BY 2.1 JP, https://gifu-opendata.pref.gifu.lg.jp/dataset/c11265-010)"}}, {"type": "Feature", "geometry": {"type": "Point", "coordinates": [137.58751014686214, 35.5045364110346]}, "properties": {"prefecture": "岐阜県", "city": "中津川市", "place": "神坂", "date": "2025-09-03", "time": "17時~18時", "count": 1, "note": "河川敷・その他", "source": "岐阜県オープンデータ「クママップ」令和7年度分 (CC-BY 2.1 JP, https://gifu-opendata.pref.gifu.lg.jp/dataset/c11265-010)"}}, {"type": "Feature", "geometry": {"type": "Point", "coordinates": [137.42957543330144, 35.566920743450524]}, "properties": {"prefecture": "岐阜県", "city": "中津川市", "place": "旧福岡町", "date": "2025-09-04", "time": "16時~17時", "count": 1, "note": "山林・通勤・通学", "source": "岐阜県オープンデータ「クママップ」令和7年度分 (CC-BY 2.1 JP, https://gifu-opendata.pref.gifu.lg.jp/dataset/c11265-010)"}}, {"type": "Feature", "geometry": {"type": "Point", "coordinates": [136.80735005468924, 35.54878228743231]}, "properties": {"prefecture": "岐阜県", "city": "山県市", "place": "旧美山町", "date": "2025-09-04", "time": "6時~7時", "count": 1, "note": "その他・散歩", "source": "岐阜県オープンデータ「クママップ」令和7年度分 (CC-BY 2.1 JP, https://gifu-opendata.pref.gifu.lg.jp/dataset/c11265-010)"}}, {"type": "Feature", "geometry": {"type": "Point", "coordinates": [136.96348044019766, 36.026076527034654]}, "properties": {"prefecture": "岐阜県", "city": "高山市", "place": "荘川町猿丸", "date": "2025-09-05", "time": "19時~20時", "count": 1, "note": "国・県・市道・その他車移動", "source": "岐阜県オープンデータ「クママップ」令和7年度分 (CC-BY 2.1 JP, https://gifu-opendata.pref.gifu.lg.jp/dataset/c11265-010)"}}, {"type": "Feature", "geometry": {"type": "Point", "coordinates": [137.3626052709726, 36.090793318839715]}, "properties": {"prefecture": "岐阜県", "city": "高山市", "place": "朝日町青屋", "date": "2025-09-06", "time": "15時~16時", "count": 1, "note": "国・県・市道・その他車移動", "source": "岐阜県オープンデータ「クママップ」令和7年度分 (CC-BY 2.1 JP, https://gifu-opendata.pref.gifu.lg.jp/dataset/c11265-010)"}}, {"type": "Feature", "geometry": {"type": "Point", "coordinates": [137.55243633842022, 36.204746402896255]}, "properties": {"prefecture": "岐阜県", "city": "高山市", "place": "高山市農政部農務課", "date": "2025-09-06", "time": "17時~18時", "count": 1, "note": "その他・その他", "source": "岐阜県オープンデータ「クママップ」令和7年度分 (CC-BY 2.1 JP, https://gifu-opendata.pref.gifu.lg.jp/dataset/c11265-010)"}}, {"type": "Feature", "geometry": {"type": "Point", "coordinates": [137.361305989221, 36.07952230790792]}, "properties": {"prefecture": "岐阜県", "city": "高山市", "place": "高山市農政部農務課", "date": "2025-09-07", "time": "6時~7時", "count": 1, "note": "国・県・市道・その他車移動", "source": "岐阜県オープンデータ「クママップ」令和7年度分 (CC-BY 2.1 JP, https://gifu-opendata.pref.gifu.lg.jp/dataset/c11265-010)"}}, {"type": "Feature", "geometry": {"type": "Point", "coordinates": [137.36280163253858, 36.07959591770753]}, "properties": {"prefecture": "岐阜県", "city": "高山市", "place": "朝日町寺澤", "date": "2025-09-07", "time": "17時~18時", "count": 1, "note": "河川敷・その他", "source": "岐阜県オープンデータ「クママップ」令和7年度分 (CC-BY 2.1 JP, https://gifu-opendata.pref.gifu.lg.jp/dataset/c11265-010)"}}, {"type": "Feature", "geometry": {"type": "Point", "coordinates": [136.95506732243987, 36.03430677902934]}, "properties": {"prefecture": "岐阜県", "city": "高山市", "place": "荘川町新渕", "date": "2025-09-07", "time": "13時~14時", "count": 1, "note": "住宅地・その他", "source": "岐阜県オープンデータ「クママップ」令和7年度分 (CC-BY 2.1 JP, https://gifu-opendata.pref.gifu.lg.jp/dataset/c11265-010)"}}, {"type": "Feature", "geometry": {"type": "Point", "coordinates": [136.53645341486737, 35.34722657068942]}, "properties": {"prefecture": "岐阜県", "city": "垂井町", "place": "宮代村", "date": "2025-09-04", "time": "15時~16時", "count": 1, "note": "農地・農作業", "source": "岐阜県オープンデータ「クママップ」令和7年度分 (CC-BY 2.1 JP, https://gifu-opendata.pref.gifu.lg.jp/dataset/c11265-010)"}}, {"type": "Feature", "geometry": {"type": "Point", "coordinates": [137.3328258683347, 35.641939734757266]}, "properties": {"prefecture": "岐阜県", "city": "東白川村", "place": "東白川村", "date": "2025-09-06", "time": "8時~9時", "count": 2, "note": "山林・その他不明", "source": "岐阜県オープンデータ「クママップ」令和7年度分 (CC-BY 2.1 JP, https://gifu-opendata.pref.gifu.lg.jp/dataset/c11265-010)"}}, {"type": "Feature", "geometry": {"type": "Point", "coordinates": [137.4231826781186, 35.689707673456205]}, "properties": {"prefecture": "岐阜県", "city": "中津川市", "place": "付知町", "date": "2025-09-07", "time": "18時~19時", "count": 1, "note": "国・県・市道・その他車移動", "source": "岐阜県オープンデータ「クママップ」令和7年度分 (CC-BY 2.1 JP, https://gifu-opendata.pref.gifu.lg.jp/dataset/c11265-010)"}}, {"type": "Feature", "geometry": {"type": "Point", "coordinates": [137.46145730363546, 35.61735871995173]}, "properties": {"prefecture": "岐阜県", "city": "中津川市", "place": "福岡　田瀬", "date": "2025-09-08", "time": "20時~21時", "count": 1, "note": "その他・通勤・通学", "source": "岐阜県オープンデータ「クママップ」令和7年度分 (CC-BY 2.1 JP, https://gifu-opendata.pref.gifu.lg.jp/dataset/c11265-010)"}}, {"type": "Feature", "geometry": {"type": "Point", "coordinates": [136.94002023465066, 35.447065483904325]}, "properties": {"prefecture": "岐阜県", "city": "関市", "place": "旧関市", "date": "2025-09-09", "time": "7時~8時", "count": 1, "note": "国・県・市道・通勤・通学", "source": "岐阜県オープンデータ「クママップ」令和7年度分 (CC-BY 2.1 JP, https://gifu-opendata.pref.gifu.lg.jp/dataset/c11265-010)"}}, {"type": "Feature", "geometry": {"type": "Point", "coordinates": [137.30210635675215, 36.31103802312272]}, "properties": {"prefecture": "岐阜県", "city": "飛騨市", "place": "神岡町", "date": "2025-09-11", "time": "10時~11時", "count": 1, "note": "国・県・市道・その他", "source": "岐阜県オープンデータ「クママップ」令和7年度分 (CC-BY 2.1 JP, https://gifu-opendata.pref.gifu.lg.jp/dataset/c11265-010)"}}, {"type": "Feature", "geometry": {"type": "Point", "coordinates": [136.93580594811465, 36.03289786213072]}, "properties": {"prefecture": "岐阜県", "city": "高山市", "place": "荘川町野々俣", "date": "2025-09-09", "time": "6時~7時", "count": 1, "note": "住宅地・自宅", "source": "岐阜県オープンデータ「クママップ」令和7年度分 (CC-BY 2.1 JP, https://gifu-opendata.pref.gifu.lg.jp/dataset/c11265-010)"}}, {"type": "Feature", "geometry": {"type": "Point", "coordinates": [137.5258562152746, 36.237584080863826]}, "properties": {"prefecture": "岐阜県", "city": "高山市", "place": "奥飛騨温泉郷一重ケ根", "date": "2025-09-09", "time": "15時~16時", "count": 1, "note": "その他・その他", "source": "岐阜県オープンデータ「クママップ」令和7年度分 (CC-BY 2.1 JP, https://gifu-opendata.pref.gifu.lg.jp/dataset/c11265-010)"}}, {"type": "Feature", "geometry": {"type": "Point", "coordinates": [137.43117056614503, 36.0552446227582]}, "properties": {"prefecture": "岐阜県", "city": "高山市", "place": "高根町中洞", "date": "2025-09-10", "time": "12時~13時", "count": 1, "note": "国・県・市道・その他車移動", "source": "岐阜県オープンデータ「クママップ」令和7年度分 (CC-BY 2.1 JP, https://gifu-opendata.pref.gifu.lg.jp/dataset/c11265-010)"}}, {"type": "Feature", "geometry": {"type": "Point", "coordinates": [137.27818156249816, 36.16861541392979]}, "properties": {"prefecture": "岐阜県", "city": "高山市", "place": "高山市上野町", "date": "2025-09-11", "time": "13時~14時", "count": 1, "note": "国・県・市道・農作業", "source": "岐阜県オープンデータ「クママップ」令和7年度分 (CC-BY 2.1 JP, https://gifu-opendata.pref.gifu.lg.jp/dataset/c11265-010)"}}, {"type": "Feature", "geometry": {"type": "Point", "coordinates": [137.29669990510405, 36.172097712372924]}, "properties": {"prefecture": "岐阜県", "city": "高山市", "place": "丹生川町町方", "date": "2025-09-11", "time": "11時~12時", "count": 1, "note": "国・県・市道・その他車移動", "source": "岐阜県オープンデータ「クママップ」令和7年度分 (CC-BY 2.1 JP, https://gifu-opendata.pref.gifu.lg.jp/dataset/c11265-010)"}}, {"type": "Feature", "geometry": {"type": "Point", "coordinates": [137.395691693843, 36.028944037053535]}, "properties": {"prefecture": "岐阜県", "city": "高山市", "place": "朝日町一之宿", "date": "2025-09-13", "time": "18時~19時", "count": 1, "note": "河川敷・その他", "source": "岐阜県オープンデータ「クママップ」令和7年度分 (CC-BY 2.1 JP, https://gifu-opendata.pref.gifu.lg.jp/dataset/c11265-010)"}}, {"type": "Feature", "geometry": {"type": "Point", "coordinates": [137.07650061480456, 36.124414415729966]}, "properties": {"prefecture": "岐阜県", "city": "高山市", "place": "荘川町上小鳥", "date": "2025-09-12", "time": "7時~8時", "count": 2, "note": "国・県・市道・その他車移動", "source": "岐阜県オープンデータ「クママップ」令和7年度分 (CC-BY 2.1 JP, https://gifu-opendata.pref.gifu.lg.jp/dataset/c11265-010)"}}, {"type": "Feature", "geometry": {"type": "Point", "coordinates": [137.26862161802927, 36.147384245515696]}, "properties": {"prefecture": "岐阜県", "city": "高山市", "place": "高山市三福寺町", "date": "2025-09-15", "time": "7時~8時", "count": 1, "note": "住宅地・その他", "source": "岐阜県オープンデータ「クママップ」令和7年度分 (CC-BY 2.1 JP, https://gifu-opendata.pref.gifu.lg.jp/dataset/c11265-010)"}}, {"type": "Feature", "geometry": {"type": "Point", "coordinates": [137.50487524131518, 35.635665955251135]}, "properties": {"prefecture": "岐阜県", "city": "中津川市", "place": "旧川上村", "date": "2025-09-13", "time": "10時~11時", "count": 1, "note": "国・県・市道・その他車移動", "source": "岐阜県オープンデータ「クママップ」令和7年度分 (CC-BY 2.1 JP, https://gifu-opendata.pref.gifu.lg.jp/dataset/c11265-010)"}}, {"type": "Feature", "geometry": {"type": "Point", "coordinates": [137.27154288982496, 36.13538708164906]}, "properties": {"prefecture": "岐阜県", "city": "高山市", "place": "高山市江名子町", "date": "2025-09-17", "time": "6時~7時", "count": 1, "note": "住宅地・その他車移動", "source": "岐阜県オープンデータ「クママップ」令和7年度分 (CC-BY 2.1 JP, https://gifu-opendata.pref.gifu.lg.jp/dataset/c11265-010)"}}, {"type": "Feature", "geometry": {"type": "Point", "coordinates": [137.5243347089852, 35.57730753596502]}, "properties": {"prefecture": "岐阜県", "city": "中津川市", "place": "坂下町", "date": "2025-09-16", "time": "7時~8時", "count": 1, "note": "その他・その他", "source": "岐阜県オープンデータ「クママップ」令和7年度分 (CC-BY 2.1 JP, https://gifu-opendata.pref.gifu.lg.jp/dataset/c11265-010)"}}, {"type": "Feature", "geometry": {"type": "Point", "coordinates": [137.19892557661942, 36.423953704187845]}, "properties": {"prefecture": "岐阜県", "city": "飛騨市", "place": "宮川町巣納谷", "date": "2025-09-15", "time": "21時~22時", "count": 1, "note": "国・県・市道・その他車移動", "source": "岐阜県オープンデータ「クママップ」令和7年度分 (CC-BY 2.1 JP, https://gifu-opendata.pref.gifu.lg.jp/dataset/c11265-010)"}}, {"type": "Feature", "geometry": {"type": "Point", "coordinates": [137.48000365974514, 35.6080553299965]}, "properties": {"prefecture": "岐阜県", "city": "中津川市", "place": "坂下町", "date": "2025-09-17", "time": "18時~19時", "count": 1, "note": "国・県・市道・その他車移動", "source": "岐阜県オープンデータ「クママップ」令和7年度分 (CC-BY 2.1 JP, https://gifu-opendata.pref.gifu.lg.jp/dataset/c11265-010)"}}, {"type": "Feature", "geometry": {"type": "Point", "coordinates": [137.51080446957909, 35.59007893136483]}, "properties": {"prefecture": "岐阜県", "city": "中津川市", "place": "坂下町", "date": "2025-09-17", "time": "19時~20時", "count": 1, "note": "国・県・市道・通勤・通学", "source": "岐阜県オープンデータ「クママップ」令和7年度分 (CC-BY 2.1 JP, https://gifu-opendata.pref.gifu.lg.jp/dataset/c11265-010)"}}, {"type": "Feature", "geometry": {"type": "Point", "coordinates": [137.21304105287788, 36.13778148952817]}, "properties": {"prefecture": "岐阜県", "city": "高山市", "place": "高山市新宮町", "date": "2025-09-15", "time": "15時~16時", "count": 1, "note": "住宅地・その他車移動", "source": "岐阜県オープンデータ「クママップ」令和7年度分 (CC-BY 2.1 JP, https://gifu-opendata.pref.gifu.lg.jp/dataset/c11265-010)"}}, {"type": "Feature", "geometry": {"type": "Point", "coordinates": [137.22119783468736, 36.14325346705343]}, "properties": {"prefecture": "岐阜県", "city": "高山市", "place": "高山市匠ヶ丘町", "date": "2025-09-17", "time": "6時~7時", "count": 1, "note": "住宅地・その他車移動", "source": "岐阜県オープンデータ「クママップ」令和7年度分 (CC-BY 2.1 JP, https://gifu-opendata.pref.gifu.lg.jp/dataset/c11265-010)"}}, {"type": "Feature", "geometry": {"type": "Point", "coordinates": [136.9499204442288, 36.02241821983177]}, "properties": {"prefecture": "岐阜県", "city": "高山市", "place": "荘川町町屋", "date": "2025-09-17", "time": "8時~9時", "count": 2, "note": "林道・林業作業", "source": "岐阜県オープンデータ「クママップ」令和7年度分 (CC-BY 2.1 JP, https://gifu-opendata.pref.gifu.lg.jp/dataset/c11265-010)"}}, {"type": "Feature", "geometry": {"type": "Point", "coordinates": [137.21464009916934, 36.075634000940774]}, "properties": {"prefecture": "岐阜県", "city": "高山市", "place": "一之宮町", "date": "2025-09-17", "time": "16時~17時", "count": 2, "note": "林道・その他車移動", "source": "岐阜県オープンデータ「クママップ」令和7年度分 (CC-BY 2.1 JP, https://gifu-opendata.pref.gifu.lg.jp/dataset/c11265-010)"}}, {"type": "Feature", "geometry": {"type": "Point", "coordinates": [137.27516076579388, 36.134258356635144]}, "properties": {"prefecture": "岐阜県", "city": "高山市", "place": "高山市農政部農務課", "date": "2025-09-17", "time": "18時~19時", "count": 1, "note": "住宅地・自宅", "source": "岐阜県オープンデータ「クママップ」令和7年度分 (CC-BY 2.1 JP, https://gifu-opendata.pref.gifu.lg.jp/dataset/c11265-010)"}}, {"type": "Feature", "geometry": {"type": "Point", "coordinates": [137.38943127476995, 36.02470273677582]}, "properties": {"prefecture": "岐阜県", "city": "高山市", "place": "朝日町一之宿", "date": "2025-09-17", "time": "19時~20時", "count": 3, "note": "林道・その他車移動", "source": "岐阜県オープンデータ「クママップ」令和7年度分 (CC-BY 2.1 JP, https://gifu-opendata.pref.gifu.lg.jp/dataset/c11265-010)"}}, {"type": "Feature", "geometry": {"type": "Point", "coordinates": [137.5148134217177, 36.02704627187457]}, "properties": {"prefecture": "岐阜県", "city": "高山市", "place": "高根町阿多野郷", "date": "2025-09-18", "time": "16時~17時", "count": 1, "note": "国・県・市道・その他車移動", "source": "岐阜県オープンデータ「クママップ」令和7年度分 (CC-BY 2.1 JP, https://gifu-opendata.pref.gifu.lg.jp/dataset/c11265-010)"}}, {"type": "Feature", "geometry": {"type": "Point", "coordinates": [137.2413786543279, 35.46576591405008]}, "properties": {"prefecture": "岐阜県", "city": "八百津町", "place": "潮見", "date": "2025-09-19", "time": "9時~10時", "count": 2, "note": "山林・建設作業", "source": "岐阜県オープンデータ「クママップ」令和7年度分 (CC-BY 2.1 JP, https://gifu-opendata.pref.gifu.lg.jp/dataset/c11265-010)"}}, {"type": "Feature", "geometry": {"type": "Point", "coordinates": [136.4181967405417, 35.54233296326224]}, "properties": {"prefecture": "岐阜県", "city": "揖斐川町", "place": "坂内村", "date": "2025-09-18", "time": "10時~11時", "count": 1, "note": "国・県・市道・その他", "source": "岐阜県オープンデータ「クママップ」令和7年度分 (CC-BY 2.1 JP, https://gifu-opendata.pref.gifu.lg.jp/dataset/c11265-010)"}}, {"type": "Feature", "geometry": {"type": "Point", "coordinates": [137.27263016919522, 36.21314835537479]}, "properties": {"prefecture": "岐阜県", "city": "高山市", "place": "丹生川町柏原", "date": "2025-09-19", "time": "7時~8時", "count": 1, "note": "国・県・市道・その他車移動", "source": "岐阜県オープンデータ「クママップ」令和7年度分 (CC-BY 2.1 JP, https://gifu-opendata.pref.gifu.lg.jp/dataset/c11265-010)"}}, {"type": "Feature", "geometry": {"type": "Point", "coordinates": [137.5537701060576, 36.18765705502065]}, "properties": {"prefecture": "岐阜県", "city": "高山市", "place": "奥飛騨温泉郷", "date": "2025-09-19", "time": "17時~18時", "count": 1, "note": "その他・その他", "source": "岐阜県オープンデータ「クママップ」令和7年度分 (CC-BY 2.1 JP, https://gifu-opendata.pref.gifu.lg.jp/dataset/c11265-010)"}}, {"type": "Feature", "geometry": {"type": "Point", "coordinates": [137.2655954991511, 36.14850946734392]}, "properties": {"prefecture": "岐阜県", "city": "高山市", "place": "高山市農政部農務課", "date": "2025-09-20", "time": "9時~10時", "count": 1, "note": "住宅地・自宅", "source": "岐阜県オープンデータ「クママップ」令和7年度分 (CC-BY 2.1 JP, https://gifu-opendata.pref.gifu.lg.jp/dataset/c11265-010)"}}, {"type": "Feature", "geometry": {"type": "Point", "coordinates": [137.22010531967885, 36.143181292361554]}, "properties": {"prefecture": "岐阜県", "city": "高山市", "place": "高山市匠ヶ丘町", "date": "2025-09-20", "time": "12時~13時", "count": 2, "note": "住宅地・その他車移動", "source": "岐阜県オープンデータ「クママップ」令和7年度分 (CC-BY 2.1 JP, https://gifu-opendata.pref.gifu.lg.jp/dataset/c11265-010)"}}, {"type": "Feature", "geometry": {"type": "Point", "coordinates": [137.26968977327914, 36.15211910503592]}, "properties": {"prefecture": "岐阜県", "city": "高山市", "place": "高山市三福寺町", "date": "2025-09-21", "time": "16時~17時", "count": 1, "note": "住宅地・自宅", "source": "岐阜県オープンデータ「クママップ」令和7年度分 (CC-BY 2.1 JP, https://gifu-opendata.pref.gifu.lg.jp/dataset/c11265-010)"}}, {"type": "Feature", "geometry": {"type": "Point", "coordinates": [137.22733496555023, 36.0725540775329]}, "properties": {"prefecture": "岐阜県", "city": "高山市", "place": "宮村", "date": "2025-09-22", "time": "11時~12時", "count": 1, "note": "国・県・市道・その他車移動", "source": "岐阜県オープンデータ「クママップ」令和7年度分 (CC-BY 2.1 JP, https://gifu-opendata.pref.gifu.lg.jp/dataset/c11265-010)"}}, {"type": "Feature", "geometry": {"type": "Point", "coordinates": [137.10954978008834, 35.48922324733155]}, "properties": {"prefecture": "岐阜県", "city": "八百津町", "place": "和知", "date": "2025-09-23", "time": "12時~13時", "count": 1, "note": "農地・農作業", "source": "岐阜県オープンデータ「クママップ」令和7年度分 (CC-BY 2.1 JP, https://gifu-opendata.pref.gifu.lg.jp/dataset/c11265-010)"}}, {"type": "Feature", "geometry": {"type": "Point", "coordinates": [137.1164328907167, 35.78470349942419]}, "properties": {"prefecture": "岐阜県", "city": "郡上市", "place": "和良村", "date": "2025-09-24", "time": "18時~19時", "count": 1, "note": "国・県・市道・通勤・通学", "source": "岐阜県オープンデータ「クママップ」令和7年度分 (CC-BY 2.1 JP, https://gifu-opendata.pref.gifu.lg.jp/dataset/c11265-010)"}}, {"type": "Feature", "geometry": {"type": "Point", "coordinates": [137.4316360546331, 35.71734663444924]}, "properties": {"prefecture": "岐阜県", "city": "中津川市", "place": "付知町", "date": "2025-08-31", "time": "21時~22時", "count": 1, "note": "林道・その他車移動", "source": "岐阜県オープンデータ「クママップ」令和7年度分 (CC-BY 2.1 JP, https://gifu-opendata.pref.gifu.lg.jp/dataset/c11265-010)"}}, {"type": "Feature", "geometry": {"type": "Point", "coordinates": [137.49055929689604, 35.61118787596485]}, "properties": {"prefecture": "岐阜県", "city": "中津川市", "place": "旧川上村", "date": "2025-09-25", "time": "8時~9時", "count": 1, "note": "農地・通勤・通学", "source": "岐阜県オープンデータ「クママップ」令和7年度分 (CC-BY 2.1 JP, https://gifu-opendata.pref.gifu.lg.jp/dataset/c11265-010)"}}, {"type": "Feature", "geometry": {"type": "Point", "coordinates": [137.10705932160099, 36.307855286645996]}, "properties": {"prefecture": "岐阜県", "city": "飛騨市", "place": "河合町", "date": "2025-09-27", "time": "23時~24時", "count": 1, "note": "山林・自宅", "source": "岐阜県オープンデータ「クママップ」令和7年度分 (CC-BY 2.1 JP, https://gifu-opendata.pref.gifu.lg.jp/dataset/c11265-010)"}}, {"type": "Feature", "geometry": {"type": "Point", "coordinates": [137.25145490616129, 35.80465162180696]}, "properties": {"prefecture": "岐阜県", "city": "下呂市", "place": "下呂町", "date": "2025-09-24", "time": "6時~7時", "count": 1, "note": "国・県・市道・自宅", "source": "岐阜県オープンデータ「クママップ」令和7年度分 (CC-BY 2.1 JP, https://gifu-opendata.pref.gifu.lg.jp/dataset/c11265-010)"}}, {"type": "Feature", "geometry": {"type": "Point", "coordinates": [137.2605355125808, 35.799231121415986]}, "properties": {"prefecture": "岐阜県", "city": "下呂市", "place": "下呂町", "date": "2025-09-23", "time": "17時~18時", "count": 1, "note": "国・県・市道・自宅", "source": "岐阜県オープンデータ「クママップ」令和7年度分 (CC-BY 2.1 JP, https://gifu-opendata.pref.gifu.lg.jp/dataset/c11265-010)"}}, {"type": "Feature", "geometry": {"type": "Point", "coordinates": [137.2497571194261, 35.809272239400464]}, "properties": {"prefecture": "岐阜県", "city": "下呂市", "place": "下呂町", "date": "2025-09-26", "time": "19時~20時", "count": 3, "note": "その他・自宅", "source": "岐阜県オープンデータ「クママップ」令和7年度分 (CC-BY 2.1 JP, https://gifu-opendata.pref.gifu.lg.jp/dataset/c11265-010)"}}, {"type": "Feature", "geometry": {"type": "Point", "coordinates": [137.5743375130464, 36.28110801518563]}, "properties": {"prefecture": "岐阜県", "city": "高山市", "place": "奥飛騨温泉郷神坂", "date": "2025-09-22", "time": "6時~7時", "count": 1, "note": "国・県・市道・その他車移動", "source": "岐阜県オープンデータ「クママップ」令和7年度分 (CC-BY 2.1 JP, https://gifu-opendata.pref.gifu.lg.jp/dataset/c11265-010)"}}, {"type": "Feature", "geometry": {"type": "Point", "coordinates": [137.23352159529438, 36.20011066691993]}, "properties": {"prefecture": "岐阜県", "city": "高山市", "place": "国府町金桶", "date": "2025-09-22", "time": "8時~9時", "count": 1, "note": "国・県・市道・その他車移動", "source": "岐阜県オープンデータ「クママップ」令和7年度分 (CC-BY 2.1 JP, https://gifu-opendata.pref.gifu.lg.jp/dataset/c11265-010)"}}, {"type": "Feature", "geometry": {"type": "Point", "coordinates": [137.3700954090383, 36.28747128222803]}, "properties": {"prefecture": "岐阜県", "city": "高山市", "place": "上宝町宮原", "date": "2025-09-22", "time": "8時~9時", "count": 1, "note": "国・県・市道・自宅", "source": "岐阜県オープンデータ「クママップ」令和7年度分 (CC-BY 2.1 JP, https://gifu-opendata.pref.gifu.lg.jp/dataset/c11265-010)"}}, {"type": "Feature", "geometry": {"type": "Point", "coordinates": [137.4018042248996, 36.05786442000413]}, "properties": {"prefecture": "岐阜県", "city": "高山市", "place": "朝日町小瀬ヶ洞", "date": "2025-09-22", "time": "9時~10時", "count": 1, "note": "国・県・市道・その他車移動", "source": "岐阜県オープンデータ「クママップ」令和7年度分 (CC-BY 2.1 JP, https://gifu-opendata.pref.gifu.lg.jp/dataset/c11265-010)"}}, {"type": "Feature", "geometry": {"type": "Point", "coordinates": [137.08261827276073, 36.304074075233444]}, "properties": {"prefecture": "岐阜県", "city": "飛騨市", "place": "河合町", "date": "2025-09-28", "time": "12時~13時", "count": 1, "note": "国・県・市道・その他車移動", "source": "岐阜県オープンデータ「クママップ」令和7年度分 (CC-BY 2.1 JP, https://gifu-opendata.pref.gifu.lg.jp/dataset/c11265-010)"}}, {"type": "Feature", "geometry": {"type": "Point", "coordinates": [137.20484813381873, 36.07109152381053]}, "properties": {"prefecture": "岐阜県", "city": "高山市", "place": "一之宮町田家", "date": "2025-09-24", "time": "10時~11時", "count": 1, "note": "農地・農作業", "source": "岐阜県オープンデータ「クママップ」令和7年度分 (CC-BY 2.1 JP, https://gifu-opendata.pref.gifu.lg.jp/dataset/c11265-010)"}}, {"type": "Feature", "geometry": {"type": "Point", "coordinates": [137.40053626929742, 36.06497712764433]}, "properties": {"prefecture": "岐阜県", "city": "高山市", "place": "朝日町小瀬ヶ洞", "date": "2025-09-24", "time": "11時~12時", "count": 1, "note": "国・県・市道・その他車移動", "source": "岐阜県オープンデータ「クママップ」令和7年度分 (CC-BY 2.1 JP, https://gifu-opendata.pref.gifu.lg.jp/dataset/c11265-010)"}}, {"type": "Feature", "geometry": {"type": "Point", "coordinates": [137.1818929873509, 36.13053963782547]}, "properties": {"prefecture": "岐阜県", "city": "高山市", "place": "清見町三日町", "date": "2025-09-24", "time": "14時~15時", "count": 2, "note": "国・県・市道・その他車移動", "source": "岐阜県オープンデータ「クママップ」令和7年度分 (CC-BY 2.1 JP, https://gifu-opendata.pref.gifu.lg.jp/dataset/c11265-010)"}}, {"type": "Feature", "geometry": {"type": "Point", "coordinates": [137.32636267187667, 36.09109495651512]}, "properties": {"prefecture": "岐阜県", "city": "高山市", "place": "朝日町青屋", "date": "2025-09-24", "time": "16時~17時", "count": 1, "note": "住宅地・その他車移動", "source": "岐阜県オープンデータ「クママップ」令和7年度分 (CC-BY 2.1 JP, https://gifu-opendata.pref.gifu.lg.jp/dataset/c11265-010)"}}, {"type": "Feature", "geometry": {"type": "Point", "coordinates": [137.56451282547883, 36.265819410416256]}, "properties": {"prefecture": "岐阜県", "city": "高山市", "place": "奥飛騨温泉郷神坂", "date": "2025-09-24", "time": "17時~18時", "count": 1, "note": "河川敷・その他", "source": "岐阜県オープンデータ「クママップ」令和7年度分 (CC-BY 2.1 JP, https://gifu-opendata.pref.gifu.lg.jp/dataset/c11265-010)"}}, {"type": "Feature", "geometry": {"type": "Point", "coordinates": [137.271563134706, 36.12189848550526]}, "properties": {"prefecture": "岐阜県", "city": "高山市", "place": "高山市片野町", "date": "2025-09-24", "time": "21時~22時", "count": 1, "note": "国・県・市道・その他車移動", "source": "岐阜県オープンデータ「クママップ」令和7年度分 (CC-BY 2.1 JP, https://gifu-opendata.pref.gifu.lg.jp/dataset/c11265-010)"}}, {"type": "Feature", "geometry": {"type": "Point", "coordinates": [136.35204960754538, 35.61130092063698]}, "properties": {"prefecture": "岐阜県", "city": "揖斐川町", "place": "坂内村", "date": "2025-09-26", "time": "11時~12時", "count": 1, "note": "国・県・市道・その他車移動", "source": "岐阜県オープンデータ「クママップ」令和7年度分 (CC-BY 2.1 JP, https://gifu-opendata.pref.gifu.lg.jp/dataset/c11265-010)"}}, {"type": "Feature", "geometry": {"type": "Point", "coordinates": [137.32589129415103, 36.13437234795718]}, "properties": {"prefecture": "岐阜県", "city": "高山市", "place": "高山市滝町", "date": "2025-09-25", "time": "17時~18時", "count": 1, "note": "河川敷・その他車移動", "source": "岐阜県オープンデータ「クママップ」令和7年度分 (CC-BY 2.1 JP, https://gifu-opendata.pref.gifu.lg.jp/dataset/c11265-010)"}}, {"type": "Feature", "geometry": {"type": "Point", "coordinates": [136.96960645511146, 36.015847201726366]}, "properties": {"prefecture": "岐阜県", "city": "高山市", "place": "荘川猿丸", "date": "2025-09-25", "time": "12時~13時", "count": 1, "note": "河川敷・その他", "source": "岐阜県オープンデータ「クママップ」令和7年度分 (CC-BY 2.1 JP, https://gifu-opendata.pref.gifu.lg.jp/dataset/c11265-010)"}}, {"type": "Feature", "geometry": {"type": "Point", "coordinates": [137.49050253544252, 35.610455659169]}, "properties": {"prefecture": "岐阜県", "city": "中津川市", "place": "旧川上村", "date": "2025-09-30", "time": "8時~9時", "count": 1, "note": "国・県・市道・通勤・通学", "source": "岐阜県オープンデータ「クママップ」令和7年度分 (CC-BY 2.1 JP, https://gifu-opendata.pref.gifu.lg.jp/dataset/c11265-010)"}}, {"type": "Feature", "geometry": {"type": "Point", "coordinates": [137.29042071314515, 35.717183731553654]}, "properties": {"prefecture": "岐阜県", "city": "下呂市", "place": "下呂町", "date": "2025-09-30", "time": "11時~12時", "count": 1, "note": "国・県・市道・通勤・通学", "source": "岐阜県オープンデータ「クママップ」令和7年度分 (CC-BY 2.1 JP, https://gifu-opendata.pref.gifu.lg.jp/dataset/c11265-010)"}}, {"type": "Feature", "geometry": {"type": "Point", "coordinates": [137.18009081458558, 36.38543564378779]}, "properties": {"prefecture": "岐阜県", "city": "飛騨市", "place": "宮川村打保", "date": "2025-09-30", "time": "7時~8時", "count": 1, "note": "山林・その他", "source": "岐阜県オープンデータ「クママップ」令和7年度分 (CC-BY 2.1 JP, https://gifu-opendata.pref.gifu.lg.jp/dataset/c11265-010)"}}, {"type": "Feature", "geometry": {"type": "Point", "coordinates": [137.18990804164252, 36.41321896818965]}, "properties": {"prefecture": "岐阜県", "city": "飛騨市", "place": "宮川村杉原", "date": "2025-09-30", "time": "10時~11時", "count": 1, "note": "国・県・市道・その他車移動", "source": "岐阜県オープンデータ「クママップ」令和7年度分 (CC-BY 2.1 JP, https://gifu-opendata.pref.gifu.lg.jp/dataset/c11265-010)"}}, {"type": "Feature", "geometry": {"type": "Point", "coordinates": [137.13380173573609, 36.31817736070175]}, "properties": {"prefecture": "岐阜県", "city": "飛騨市", "place": "宮川村岸奥", "date": "2025-10-01", "time": "8時~9時", "count": 1, "note": "その他・通勤・通学", "source": "岐阜県オープンデータ「クママップ」令和7年度分 (CC-BY 2.1 JP, https://gifu-opendata.pref.gifu.lg.jp/dataset/c11265-010)"}}, {"type": "Feature", "geometry": {"type": "Point", "coordinates": [137.14381519882238, 36.33028100080801]}, "properties": {"prefecture": "岐阜県", "city": "飛騨市", "place": "宮川村西忍", "date": "2025-10-02", "time": "10時~11時", "count": 1, "note": "その他・その他", "source": "岐阜県オープンデータ「クママップ」令和7年度分 (CC-BY 2.1 JP, https://gifu-opendata.pref.gifu.lg.jp/dataset/c11265-010)"}}, {"type": "Feature", "geometry": {"type": "Point", "coordinates": [137.36659540514262, 35.71502618116941]}, "properties": {"prefecture": "岐阜県", "city": "中津川市", "place": "加子母", "date": "2025-10-02", "time": "3時~4時", "count": 1, "note": "住宅地・その他車移動", "source": "岐阜県オープンデータ「クママップ」令和7年度分 (CC-BY 2.1 JP, https://gifu-opendata.pref.gifu.lg.jp/dataset/c11265-010)"}}, {"type": "Feature", "geometry": {"type": "Point", "coordinates": [136.95362086193543, 36.060716685464314]}, "properties": {"prefecture": "岐阜県", "city": "高山市", "place": "荘川町岩瀬", "date": "2025-09-26", "time": "11時~12時", "count": 2, "note": "その他・その他", "source": "岐阜県オープンデータ「クママップ」令和7年度分 (CC-BY 2.1 JP, https://gifu-opendata.pref.gifu.lg.jp/dataset/c11265-010)"}}, {"type": "Feature", "geometry": {"type": "Point", "coordinates": [137.3959184825463, 36.09280722830957]}, "properties": {"prefecture": "岐阜県", "city": "高山市", "place": "朝日町", "date": "2025-09-27", "time": "10時~11時", "count": 1, "note": "国・県・市道・その他車移動", "source": "岐阜県オープンデータ「クママップ」令和7年度分 (CC-BY 2.1 JP, https://gifu-opendata.pref.gifu.lg.jp/dataset/c11265-010)"}}, {"type": "Feature", "geometry": {"type": "Point", "coordinates": [136.93620344051897, 36.03167508910643]}, "properties": {"prefecture": "岐阜県", "city": "高山市", "place": "荘川町野々俣", "date": "2025-09-27", "time": "16時~17時", "count": 4, "note": "住宅地・自宅", "source": "岐阜県オープンデータ「クママップ」令和7年度分 (CC-BY 2.1 JP, https://gifu-opendata.pref.gifu.lg.jp/dataset/c11265-010)"}}, {"type": "Feature", "geometry": {"type": "Point", "coordinates": [137.49437116625742, 35.60330741156694]}, "properties": {"prefecture": "岐阜県", "city": "中津川市", "place": "旧川上村", "date": "2025-10-03", "time": "11時~12時", "count": 1, "note": "国・県・市道・自宅", "source": "岐阜県オープンデータ「クママップ」令和7年度分 (CC-BY 2.1 JP, https://gifu-opendata.pref.gifu.lg.jp/dataset/c11265-010)"}}, {"type": "Feature", "geometry": {"type": "Point", "coordinates": [136.94144177328516, 36.05696524014501]}, "properties": {"prefecture": "岐阜県", "city": "高山市", "place": "荘川町牛丸", "date": "2025-09-28", "time": "12時~13時", "count": 3, "note": "その他・その他", "source": "岐阜県オープンデータ「クママップ」令和7年度分 (CC-BY 2.1 JP, https://gifu-opendata.pref.gifu.lg.jp/dataset/c11265-010)"}}, {"type": "Feature", "geometry": {"type": "Point", "coordinates": [137.0728165719378, 36.09861168095895]}, "properties": {"prefecture": "岐阜県", "city": "高山市", "place": "荘川町上小鳥", "date": "2025-09-26", "time": "21時~22時", "count": 1, "note": "住宅地・その他車移動", "source": "岐阜県オープンデータ「クママップ」令和7年度分 (CC-BY 2.1 JP, https://gifu-opendata.pref.gifu.lg.jp/dataset/c11265-010)"}}, {"type": "Feature", "geometry": {"type": "Point", "coordinates": [137.49728623412375, 36.24984614973217]}, "properties": {"prefecture": "岐阜県", "city": "高山市", "place": "奥飛騨温泉郷田頃家", "date": "2025-09-29", "time": "11時~12時", "count": 1, "note": "その他・その他", "source": "岐阜県オープンデータ「クママップ」令和7年度分 (CC-BY 2.1 JP, https://gifu-opendata.pref.gifu.lg.jp/dataset/c11265-010)"}}, {"type": "Feature", "geometry": {"type": "Point", "coordinates": [137.21431919115915, 36.218638591598875]}, "properties": {"prefecture": "岐阜県", "city": "高山市", "place": "国府町木曽垣内", "date": "2025-09-29", "time": "12時~13時", "count": 1, "note": "住宅地・自宅", "source": "岐阜県オープンデータ「クママップ」令和7年度分 (CC-BY 2.1 JP, https://gifu-opendata.pref.gifu.lg.jp/dataset/c11265-010)"}}, {"type": "Feature", "geometry": {"type": "Point", "coordinates": [137.2919206699073, 36.07815985054569]}, "properties": {"prefecture": "岐阜県", "city": "高山市", "place": "久々野町柳島", "date": "2025-09-29", "time": "15時~16時", "count": 1, "note": "国・県・市道・その他車移動", "source": "岐阜県オープンデータ「クママップ」令和7年度分 (CC-BY 2.1 JP, https://gifu-opendata.pref.gifu.lg.jp/dataset/c11265-010)"}}, {"type": "Feature", "geometry": {"type": "Point", "coordinates": [137.37159909492104, 36.1758611904058]}, "properties": {"prefecture": "岐阜県", "city": "高山市", "place": "丹生川町瓜田", "date": "2025-09-30", "time": "10時~11時", "count": 1, "note": "国・県・市道・その他車移動", "source": "岐阜県オープンデータ「クママップ」令和7年度分 (CC-BY 2.1 JP, https://gifu-opendata.pref.gifu.lg.jp/dataset/c11265-010)"}}, {"type": "Feature", "geometry": {"type": "Point", "coordinates": [136.94266002604724, 36.04153082470374]}, "properties": {"prefecture": "岐阜県", "city": "高山市", "place": "荘川町野々俣", "date": "2025-09-30", "time": "12時~13時", "count": 1, "note": "国・県・市道・その他車移動", "source": "岐阜県オープンデータ「クママップ」令和7年度分 (CC-BY 2.1 JP, https://gifu-opendata.pref.gifu.lg.jp/dataset/c11265-010)"}}, {"type": "Feature", "geometry": {"type": "Point", "coordinates": [136.9423116117054, 36.05725360188287]}, "properties": {"prefecture": "岐阜県", "city": "高山市", "place": "荘川町牛丸", "date": "2025-09-30", "time": "15時~16時", "count": 1, "note": "国・県・市道・その他車移動", "source": "岐阜県オープンデータ「クママップ」令和7年度分 (CC-BY 2.1 JP, https://gifu-opendata.pref.gifu.lg.jp/dataset/c11265-010)"}}, {"type": "Feature", "geometry": {"type": "Point", "coordinates": [136.94478437283172, 36.06977574090209]}, "properties": {"prefecture": "岐阜県", "city": "高山市", "place": "荘川町岩瀬", "date": "2025-09-30", "time": "16時~17時", "count": 1, "note": "国・県・市道・その他車移動", "source": "岐阜県オープンデータ「クママップ」令和7年度分 (CC-BY 2.1 JP, https://gifu-opendata.pref.gifu.lg.jp/dataset/c11265-010)"}}, {"type": "Feature", "geometry": {"type": "Point", "coordinates": [137.55234012095656, 36.197033946328915]}, "properties": {"prefecture": "岐阜県", "city": "高山市", "place": "奥飛騨温泉郷平湯", "date": "2025-09-30", "time": "16時~17時", "count": 1, "note": "国・県・市道・その他車移動", "source": "岐阜県オープンデータ「クママップ」令和7年度分 (CC-BY 2.1 JP, https://gifu-opendata.pref.gifu.lg.jp/dataset/c11265-010)"}}, {"type": "Feature", "geometry": {"type": "Point", "coordinates": [137.3697336580057, 36.28776199612149]}, "properties": {"prefecture": "岐阜県", "city": "高山市", "place": "上宝町宮原", "date": "2025-09-30", "time": "17時~18時", "count": 1, "note": "国・県・市道・その他車移動", "source": "岐阜県オープンデータ「クママップ」令和7年度分 (CC-BY 2.1 JP, https://gifu-opendata.pref.gifu.lg.jp/dataset/c11265-010)"}}, {"type": "Feature", "geometry": {"type": "Point", "coordinates": [137.49943606763892, 36.249400813964364]}, "properties": {"prefecture": "岐阜県", "city": "高山市", "place": "奥飛騨温泉郷田頃家", "date": "2025-09-30", "time": "17時~18時", "count": 1, "note": "国・県・市道・その他車移動", "source": "岐阜県オープンデータ「クママップ」令和7年度分 (CC-BY 2.1 JP, https://gifu-opendata.pref.gifu.lg.jp/dataset/c11265-010)"}}, {"type": "Feature", "geometry": {"type": "Point", "coordinates": [137.3640527108047, 36.17578655639762]}, "properties": {"prefecture": "岐阜県", "city": "高山市", "place": "丹生川町瓜田", "date": "2025-09-30", "time": "5時~6時", "count": 1, "note": "住宅地・自宅", "source": "岐阜県オープンデータ「クママップ」令和7年度分 (CC-BY 2.1 JP, https://gifu-opendata.pref.gifu.lg.jp/dataset/c11265-010)"}}, {"type": "Feature", "geometry": {"type": "Point", "coordinates": [137.26908439599714, 36.14647691669487]}, "properties": {"prefecture": "岐阜県", "city": "高山市", "place": "高山市曙町", "date": "2025-09-30", "time": "20時~21時", "count": 1, "note": "住宅地・その他車移動", "source": "岐阜県オープンデータ「クママップ」令和7年度分 (CC-BY 2.1 JP, https://gifu-opendata.pref.gifu.lg.jp/dataset/c11265-010)"}}, {"type": "Feature", "geometry": {"type": "Point", "coordinates": [137.17765414967545, 36.10899325826369]}, "properties": {"prefecture": "岐阜県", "city": "高山市", "place": "高山市農政部農務課", "date": "2025-09-30", "time": "16時~17時", "count": 1, "note": "その他・その他車移動", "source": "岐阜県オープンデータ「クママップ」令和7年度分 (CC-BY 2.1 JP, https://gifu-opendata.pref.gifu.lg.jp/dataset/c11265-010)"}}, {"type": "Feature", "geometry": {"type": "Point", "coordinates": [137.38274331890827, 35.3684862487871]}, "properties": {"prefecture": "岐阜県", "city": "恵那市", "place": "山岡町久保原", "date": "2025-10-06", "time": "10時~11時", "count": 1, "note": "農地・農作業", "source": "岐阜県オープンデータ「クママップ」令和7年度分 (CC-BY 2.1 JP, https://gifu-opendata.pref.gifu.lg.jp/dataset/c11265-010)"}}, {"type": "Feature", "geometry": {"type": "Point", "coordinates": [136.63258554064714, 35.431480105147465]}, "properties": {"prefecture": "岐阜県", "city": "大野町", "place": "大野町", "date": "2025-10-06", "time": "19時~20時", "count": 2, "note": "河川敷・散歩", "source": "岐阜県オープンデータ「クママップ」令和7年度分 (CC-BY 2.1 JP, https://gifu-opendata.pref.gifu.lg.jp/dataset/c11265-010)"}}, {"type": "Feature", "geometry": {"type": "Point", "coordinates": [136.84821916292435, 35.90024371260481]}, "properties": {"prefecture": "岐阜県", "city": "郡上市", "place": "白鳥町", "date": "2025-10-03", "time": "12時~13時", "count": 1, "note": "住宅地・自宅", "source": "岐阜県オープンデータ「クママップ」令和7年度分 (CC-BY 2.1 JP, https://gifu-opendata.pref.gifu.lg.jp/dataset/c11265-010)"}}, {"type": "Feature", "geometry": {"type": "Point", "coordinates": [137.268975565279, 35.79591514060692]}, "properties": {"prefecture": "岐阜県", "city": "下呂市", "place": "下呂町", "date": "2025-10-07", "time": "8時~9時", "count": 2, "note": "その他・通勤・通学", "source": "岐阜県オープンデータ「クママップ」令和7年度分 (CC-BY 2.1 JP, https://gifu-opendata.pref.gifu.lg.jp/dataset/c11265-010)"}}, {"type": "Feature", "geometry": {"type": "Point", "coordinates": [137.10176598206607, 36.28672949467774]}, "properties": {"prefecture": "岐阜県", "city": "飛騨市", "place": "河合町", "date": "2025-10-07", "time": "8時~9時", "count": 1, "note": "山林・通勤・通学", "source": "岐阜県オープンデータ「クママップ」令和7年度分 (CC-BY 2.1 JP, https://gifu-opendata.pref.gifu.lg.jp/dataset/c11265-010)"}}, {"type": "Feature", "geometry": {"type": "Point", "coordinates": [137.2848014645245, 35.782901967592274]}, "properties": {"prefecture": "岐阜県", "city": "下呂市", "place": "下呂町", "date": "2025-10-05", "time": "14時~15時", "count": 1, "note": "住宅地・通勤・通学", "source": "岐阜県オープンデータ「クママップ」令和7年度分 (CC-BY 2.1 JP, https://gifu-opendata.pref.gifu.lg.jp/dataset/c11265-010)"}}, {"type": "Feature", "geometry": {"type": "Point", "coordinates": [137.32480229834442, 35.73294550626222]}, "properties": {"prefecture": "岐阜県", "city": "下呂市", "place": "下呂町", "date": "2025-10-04", "time": "6時~7時", "count": 1, "note": "その他・その他", "source": "岐阜県オープンデータ「クママップ」令和7年度分 (CC-BY 2.1 JP, https://gifu-opendata.pref.gifu.lg.jp/dataset/c11265-010)"}}, {"type": "Feature", "geometry": {"type": "Point", "coordinates": [137.20941156528193, 35.52985405192078]}, "properties": {"prefecture": "岐阜県", "city": "八百津町", "place": "福地", "date": "2025-10-07", "time": "10時~11時", "count": 1, "note": "国・県・市道・その他車移動", "source": "岐阜県オープンデータ「クママップ」令和7年度分 (CC-BY 2.1 JP, https://gifu-opendata.pref.gifu.lg.jp/dataset/c11265-010)"}}, {"type": "Feature", "geometry": {"type": "Point", "coordinates": [137.16392707942987, 36.28194931874628]}, "properties": {"prefecture": "岐阜県", "city": "飛騨市", "place": "古川町", "date": "2025-06-06", "time": "15時~16時", "count": 1, "note": "山林・その他車移動", "source": "岐阜県オープンデータ「クママップ」令和7年度分 (CC-BY 2.1 JP, https://gifu-opendata.pref.gifu.lg.jp/dataset/c11265-010)"}}, {"type": "Feature", "geometry": {"type": "Point", "coordinates": [137.12994654203123, 36.28343082647743]}, "properties": {"prefecture": "岐阜県", "city": "飛騨市", "place": "古川町", "date": "2025-06-07", "time": "6時~7時", "count": 1, "note": "国・県・市道・通勤・通学", "source": "岐阜県オープンデータ「クママップ」令和7年度分 (CC-BY 2.1 JP, https://gifu-opendata.pref.gifu.lg.jp/dataset/c11265-010)"}}, {"type": "Feature", "geometry": {"type": "Point", "coordinates": [137.1508650772089, 36.26231160564009]}, "properties": {"prefecture": "岐阜県", "city": "飛騨市", "place": "古川町", "date": "2025-06-08", "time": "9時~10時", "count": 1, "note": "山林・散歩", "source": "岐阜県オープンデータ「クママップ」令和7年度分 (CC-BY 2.1 JP, https://gifu-opendata.pref.gifu.lg.jp/dataset/c11265-010)"}}, {"type": "Feature", "geometry": {"type": "Point", "coordinates": [137.17290004171713, 36.256059823484186]}, "properties": {"prefecture": "岐阜県", "city": "飛騨市", "place": "古川町", "date": "2025-06-16", "time": "6時~7時", "count": 1, "note": "その他・散歩", "source": "岐阜県オープンデータ「クママップ」令和7年度分 (CC-BY 2.1 JP, https://gifu-opendata.pref.gifu.lg.jp/dataset/c11265-010)"}}, {"type": "Feature", "geometry": {"type": "Point", "coordinates": [137.20743076704946, 36.293771708005046]}, "properties": {"prefecture": "岐阜県", "city": "飛騨市", "place": "古川町", "date": "2025-07-02", "time": "12時~13時", "count": 1, "note": "国・県・市道・その他", "source": "岐阜県オープンデータ「クママップ」令和7年度分 (CC-BY 2.1 JP, https://gifu-opendata.pref.gifu.lg.jp/dataset/c11265-010)"}}, {"type": "Feature", "geometry": {"type": "Point", "coordinates": [137.11414664787875, 36.25135050538963]}, "properties": {"prefecture": "岐阜県", "city": "飛騨市", "place": "古川町", "date": "2025-07-14", "time": "13時~14時", "count": 1, "note": "国・県・市道・その他車移動", "source": "岐阜県オープンデータ「クママップ」令和7年度分 (CC-BY 2.1 JP, https://gifu-opendata.pref.gifu.lg.jp/dataset/c11265-010)"}}, {"type": "Feature", "geometry": {"type": "Point", "coordinates": [137.16947738279526, 36.23490224284814]}, "properties": {"prefecture": "岐阜県", "city": "飛騨市", "place": "古川町", "date": "2025-08-18", "time": "17時~18時", "count": 1, "note": "国・県・市道・その他車移動", "source": "岐阜県オープンデータ「クママップ」令和7年度分 (CC-BY 2.1 JP, https://gifu-opendata.pref.gifu.lg.jp/dataset/c11265-010)"}}, {"type": "Feature", "geometry": {"type": "Point", "coordinates": [137.17611056570607, 36.233414776960196]}, "properties": {"prefecture": "岐阜県", "city": "飛騨市", "place": "古川町", "date": "2025-09-26", "time": "12時~13時", "count": 1, "note": "住宅地・その他車移動", "source": "岐阜県オープンデータ「クママップ」令和7年度分 (CC-BY 2.1 JP, https://gifu-opendata.pref.gifu.lg.jp/dataset/c11265-010)"}}, {"type": "Feature", "geometry": {"type": "Point", "coordinates": [137.17790431947705, 36.23243447036342]}, "properties": {"prefecture": "岐阜県", "city": "飛騨市", "place": "古川町", "date": "2025-09-28", "time": "13時~14時", "count": 1, "note": "国・県・市道・その他車移動", "source": "岐阜県オープンデータ「クママップ」令和7年度分 (CC-BY 2.1 JP, https://gifu-opendata.pref.gifu.lg.jp/dataset/c11265-010)"}}, {"type": "Feature", "geometry": {"type": "Point", "coordinates": [137.19154984611876, 36.24429561330452]}, "properties": {"prefecture": "岐阜県", "city": "飛騨市", "place": "古川町", "date": "2025-10-03", "time": "17時~18時", "count": 1, "note": "国・県・市道・その他", "source": "岐阜県オープンデータ「クママップ」令和7年度分 (CC-BY 2.1 JP, https://gifu-opendata.pref.gifu.lg.jp/dataset/c11265-010)"}}, {"type": "Feature", "geometry": {"type": "Point", "coordinates": [137.19413595683696, 36.242030563313605]}, "properties": {"prefecture": "岐阜県", "city": "飛騨市", "place": "古川町", "date": "2025-10-03", "time": "21時~22時", "count": 1, "note": "国・県・市道・その他", "source": "岐阜県オープンデータ「クママップ」令和7年度分 (CC-BY 2.1 JP, https://gifu-opendata.pref.gifu.lg.jp/dataset/c11265-010)"}}, {"type": "Feature", "geometry": {"type": "Point", "coordinates": [137.17694493057445, 36.233380909842005]}, "properties": {"prefecture": "岐阜県", "city": "飛騨市", "place": "古川町", "date": "2025-10-06", "time": "21時~22時", "count": 1, "note": "国・県・市道・その他車移動", "source": "岐阜県オープンデータ「クママップ」令和7年度分 (CC-BY 2.1 JP, https://gifu-opendata.pref.gifu.lg.jp/dataset/c11265-010)"}}, {"type": "Feature", "geometry": {"type": "Point", "coordinates": [137.14685280342292, 35.6753771136527]}, "properties": {"prefecture": "岐阜県", "city": "下呂市", "place": "金山町", "date": "2025-09-30", "time": "11時~12時", "count": 1, "note": "河川敷・その他", "source": "岐阜県オープンデータ「クママップ」令和7年度分 (CC-BY 2.1 JP, https://gifu-opendata.pref.gifu.lg.jp/dataset/c11265-010)"}}, {"type": "Feature", "geometry": {"type": "Point", "coordinates": [137.32877365572173, 35.75044635347499]}, "properties": {"prefecture": "岐阜県", "city": "中津川市", "place": "加子母", "date": "2025-10-07", "time": "14時~15時", "count": 1, "note": "国・県・市道・その他車移動", "source": "岐阜県オープンデータ「クママップ」令和7年度分 (CC-BY 2.1 JP, https://gifu-opendata.pref.gifu.lg.jp/dataset/c11265-010)"}}, {"type": "Feature", "geometry": {"type": "Point", "coordinates": [137.38541788892655, 36.39498720495925]}, "properties": {"prefecture": "岐阜県", "city": "飛騨市", "place": "神岡町", "date": "2025-09-25", "time": "7時~8時", "count": 1, "note": "農地・自宅", "source": "岐阜県オープンデータ「クママップ」令和7年度分 (CC-BY 2.1 JP, https://gifu-opendata.pref.gifu.lg.jp/dataset/c11265-010)"}}, {"type": "Feature", "geometry": {"type": "Point", "coordinates": [137.23137931960224, 36.26562876792761]}, "properties": {"prefecture": "岐阜県", "city": "飛騨市", "place": "神岡町", "date": "2025-09-26", "time": "8時~9時", "count": 1, "note": "国・県・市道・通勤・通学", "source": "岐阜県オープンデータ「クママップ」令和7年度分 (CC-BY 2.1 JP, https://gifu-opendata.pref.gifu.lg.jp/dataset/c11265-010)"}}, {"type": "Feature", "geometry": {"type": "Point", "coordinates": [137.30647265853204, 36.40856436575655]}, "properties": {"prefecture": "岐阜県", "city": "飛騨市", "place": "神岡町", "date": "2025-10-01", "time": "18時~19時", "count": 1, "note": "国・県・市道・通勤・通学", "source": "岐阜県オープンデータ「クママップ」令和7年度分 (CC-BY 2.1 JP, https://gifu-opendata.pref.gifu.lg.jp/dataset/c11265-010)"}}, {"type": "Feature", "geometry": {"type": "Point", "coordinates": [137.30437337862415, 36.319046083674]}, "properties": {"prefecture": "岐阜県", "city": "飛騨市", "place": "神岡町", "date": "2025-10-02", "time": "12時~13時", "count": 1, "note": "住宅地・自宅", "source": "岐阜県オープンデータ「クママップ」令和7年度分 (CC-BY 2.1 JP, https://gifu-opendata.pref.gifu.lg.jp/dataset/c11265-010)"}}, {"type": "Feature", "geometry": {"type": "Point", "coordinates": [137.2511182265259, 36.30637010994407]}, "properties": {"prefecture": "岐阜県", "city": "飛騨市", "place": "神岡町", "date": "2025-10-05", "time": "8時~9時", "count": 1, "note": "国・県・市道・その他車移動", "source": "岐阜県オープンデータ「クママップ」令和7年度分 (CC-BY 2.1 JP, https://gifu-opendata.pref.gifu.lg.jp/dataset/c11265-010)"}}, {"type": "Feature", "geometry": {"type": "Point", "coordinates": [137.3300617150179, 36.30603310809854]}, "properties": {"prefecture": "岐阜県", "city": "飛騨市", "place": "神岡町", "date": "2025-10-02", "time": "16時~17時", "count": 1, "note": "国・県・市道・自宅", "source": "岐阜県オープンデータ「クママップ」令和7年度分 (CC-BY 2.1 JP, https://gifu-opendata.pref.gifu.lg.jp/dataset/c11265-010)"}}, {"type": "Feature", "geometry": {"type": "Point", "coordinates": [137.39157008551805, 36.394973525927924]}, "properties": {"prefecture": "岐阜県", "city": "飛騨市", "place": "神岡町", "date": "2025-10-03", "time": "5時~6時", "count": 2, "note": "国・県・市道・その他車移動", "source": "岐阜県オープンデータ「クママップ」令和7年度分 (CC-BY 2.1 JP, https://gifu-opendata.pref.gifu.lg.jp/dataset/c11265-010)"}}, {"type": "Feature", "geometry": {"type": "Point", "coordinates": [137.30341215320715, 36.33381230678313]}, "properties": {"prefecture": "岐阜県", "city": "飛騨市", "place": "神岡町", "date": "2025-10-06", "time": "11時~12時", "count": 1, "note": "住宅地・自宅", "source": "岐阜県オープンデータ「クママップ」令和7年度分 (CC-BY 2.1 JP, https://gifu-opendata.pref.gifu.lg.jp/dataset/c11265-010)"}}, {"type": "Feature", "geometry": {"type": "Point", "coordinates": [137.14195778483034, 35.67933126138677]}, "properties": {"prefecture": "岐阜県", "city": "下呂市", "place": "金山町", "date": "2025-09-30", "time": "12時~13時", "count": 1, "note": "国・県・市道・その他車移動", "source": "岐阜県オープンデータ「クママップ」令和7年度分 (CC-BY 2.1 JP, https://gifu-opendata.pref.gifu.lg.jp/dataset/c11265-010)"}}, {"type": "Feature", "geometry": {"type": "Point", "coordinates": [136.9527131044999, 35.76763252250488]}, "properties": {"prefecture": "岐阜県", "city": "郡上市", "place": "八幡町小野", "date": "2025-09-11", "time": "11時~12時", "count": 1, "note": "農地・その他", "source": "岐阜県オープンデータ「クママップ」令和7年度分 (CC-BY 2.1 JP, https://gifu-opendata.pref.gifu.lg.jp/dataset/c11265-010)"}}, {"type": "Feature", "geometry": {"type": "Point", "coordinates": [137.19080638946983, 36.41333201119674]}, "properties": {"prefecture": "岐阜県", "city": "飛騨市", "place": "宮川村杉原", "date": "2025-10-08", "time": "9時~10時", "count": 1, "note": "その他・自宅", "source": "岐阜県オープンデータ「クママップ」令和7年度分 (CC-BY 2.1 JP, https://gifu-opendata.pref.gifu.lg.jp/dataset/c11265-010)"}}, {"type": "Feature", "geometry": {"type": "Point", "coordinates": [137.42968590857652, 35.64790722526432]}, "properties": {"prefecture": "岐阜県", "city": "中津川市", "place": "付知町", "date": "2025-10-08", "time": "10時~11時", "count": 1, "note": "住宅地・自宅", "source": "岐阜県オープンデータ「クママップ」令和7年度分 (CC-BY 2.1 JP, https://gifu-opendata.pref.gifu.lg.jp/dataset/c11265-010)"}}, {"type": "Feature", "geometry": {"type": "Point", "coordinates": [137.40034473539754, 35.47241706663126]}, "properties": {"prefecture": "岐阜県", "city": "恵那市", "place": "大井町丸池地内", "date": "2025-10-08", "time": "5時~6時", "count": 1, "note": "国・県・市道・散歩", "source": "岐阜県オープンデータ「クママップ」令和7年度分 (CC-BY 2.1 JP, https://gifu-opendata.pref.gifu.lg.jp/dataset/c11265-010)"}}, {"type": "Feature", "geometry": {"type": "Point", "coordinates": [137.14595344072666, 36.260663758482636]}, "properties": {"prefecture": "岐阜県", "city": "飛騨市", "place": "古川町", "date": "2025-10-07", "time": "18時~19時", "count": 1, "note": "住宅地・通勤・通学", "source": "岐阜県オープンデータ「クママップ」令和7年度分 (CC-BY 2.1 JP, https://gifu-opendata.pref.gifu.lg.jp/dataset/c11265-010)"}}, {"type": "Feature", "geometry": {"type": "Point", "coordinates": [137.17896840506185, 36.238647622580444]}, "properties": {"prefecture": "岐阜県", "city": "飛騨市", "place": "古川町", "date": "2025-10-07", "time": "19時~20時", "count": 1, "note": "住宅地・通勤・通学", "source": "岐阜県オープンデータ「クママップ」令和7年度分 (CC-BY 2.1 JP, https://gifu-opendata.pref.gifu.lg.jp/dataset/c11265-010)"}}, {"type": "Feature", "geometry": {"type": "Point", "coordinates": [137.1983145815265, 36.23873419810599]}, "properties": {"prefecture": "岐阜県", "city": "飛騨市", "place": "古川町", "date": "2025-10-07", "time": "19時~20時", "count": 1, "note": "住宅地・自宅", "source": "岐阜県オープンデータ「クママップ」令和7年度分 (CC-BY 2.1 JP, https://gifu-opendata.pref.gifu.lg.jp/dataset/c11265-010)"}}, {"type": "Feature", "geometry": {"type": "Point", "coordinates": [137.16987993472736, 36.25094176673662]}, "properties": {"prefecture": "岐阜県", "city": "飛騨市", "place": "古川町", "date": "2025-10-07", "time": "19時~20時", "count": 2, "note": "住宅地・通勤・通学", "source": "岐阜県オープンデータ「クママップ」令和7年度分 (CC-BY 2.1 JP, https://gifu-opendata.pref.gifu.lg.jp/dataset/c11265-010)"}}, {"type": "Feature", "geometry": {"type": "Point", "coordinates": [137.17277140665186, 36.25649695348891]}, "properties": {"prefecture": "岐阜県", "city": "飛騨市", "place": "古川町", "date": "2025-10-07", "time": "20時~21時", "count": 1, "note": "その他・散歩", "source": "岐阜県オープンデータ「クママップ」令和7年度分 (CC-BY 2.1 JP, https://gifu-opendata.pref.gifu.lg.jp/dataset/c11265-010)"}}, {"type": "Feature", "geometry": {"type": "Point", "coordinates": [137.17281588341496, 36.25603729572327]}, "properties": {"prefecture": "岐阜県", "city": "飛騨市", "place": "古川町", "date": "2025-10-07", "time": "20時~21時", "count": 1, "note": "その他・通勤・通学", "source": "岐阜県オープンデータ「クママップ」令和7年度分 (CC-BY 2.1 JP, https://gifu-opendata.pref.gifu.lg.jp/dataset/c11265-010)"}}, {"type": "Feature", "geometry": {"type": "Point", "coordinates": [136.90788957542344, 35.60372883366884]}, "properties": {"prefecture": "岐阜県", "city": "美濃市", "place": "美濃市", "date": "2025-10-08", "time": "9時~10時", "count": 1, "note": "河川敷・散歩", "source": "岐阜県オープンデータ「クママップ」令和7年度分 (CC-BY 2.1 JP, https://gifu-opendata.pref.gifu.lg.jp/dataset/c11265-010)"}}, {"type": "Feature", "geometry": {"type": "Point", "coordinates": [136.94253406424824, 36.041188652334505]}, "properties": {"prefecture": "岐阜県", "city": "高山市", "place": "荘川町野々俣", "date": "2025-09-01", "time": "8時~9時", "count": 1, "note": "国・県・市道・その他車移動", "source": "岐阜県オープンデータ「クママップ」令和7年度分 (CC-BY 2.1 JP, https://gifu-opendata.pref.gifu.lg.jp/dataset/c11265-010)"}}, {"type": "Feature", "geometry": {"type": "Point", "coordinates": [137.29935260528424, 36.170500632334615]}, "properties": {"prefecture": "岐阜県", "city": "高山市", "place": "丹生川町町方", "date": "2025-09-01", "time": "12時~13時", "count": 1, "note": "農地・農作業", "source": "岐阜県オープンデータ「クママップ」令和7年度分 (CC-BY 2.1 JP, https://gifu-opendata.pref.gifu.lg.jp/dataset/c11265-010)"}}, {"type": "Feature", "geometry": {"type": "Point", "coordinates": [137.3716615027774, 36.00609119131409]}, "properties": {"prefecture": "岐阜県", "city": "高山市", "place": "朝日町西洞", "date": "2025-10-02", "time": "7時~8時", "count": 1, "note": "国・県・市道・その他車移動", "source": "岐阜県オープンデータ「クママップ」令和7年度分 (CC-BY 2.1 JP, https://gifu-opendata.pref.gifu.lg.jp/dataset/c11265-010)"}}, {"type": "Feature", "geometry": {"type": "Point", "coordinates": [137.37562301273616, 36.1749444891781]}, "properties": {"prefecture": "岐阜県", "city": "高山市", "place": "丹生川町小野", "date": "2025-10-02", "time": "4時~5時", "count": 1, "note": "国・県・市道・その他車移動", "source": "岐阜県オープンデータ「クママップ」令和7年度分 (CC-BY 2.1 JP, https://gifu-opendata.pref.gifu.lg.jp/dataset/c11265-010)"}}, {"type": "Feature", "geometry": {"type": "Point", "coordinates": [136.99596429544462, 36.029359517977106]}, "properties": {"prefecture": "岐阜県", "city": "高山市", "place": "荘川町三尾河", "date": "2025-10-02", "time": "8時~9時", "count": 1, "note": "国・県・市道・その他車移動", "source": "岐阜県オープンデータ「クママップ」令和7年度分 (CC-BY 2.1 JP, https://gifu-opendata.pref.gifu.lg.jp/dataset/c11265-010)"}}, {"type": "Feature", "geometry": {"type": "Point", "coordinates": [137.21475112093333, 36.02658151678865]}, "properties": {"prefecture": "岐阜県", "city": "高山市", "place": "久々野町無数河", "date": "2025-10-02", "time": "7時~8時", "count": 1, "note": "その他・その他", "source": "岐阜県オープンデータ「クママップ」令和7年度分 (CC-BY 2.1 JP, https://gifu-opendata.pref.gifu.lg.jp/dataset/c11265-010)"}}, {"type": "Feature", "geometry": {"type": "Point", "coordinates": [137.16827452492907, 36.33897370372383]}, "properties": {"prefecture": "岐阜県", "city": "飛騨市", "place": "宮川村丸山", "date": "2025-10-08", "time": "15時~16時", "count": 1, "note": "国・県・市道・その他車移動", "source": "岐阜県オープンデータ「クママップ」令和7年度分 (CC-BY 2.1 JP, https://gifu-opendata.pref.gifu.lg.jp/dataset/c11265-010)"}}, {"type": "Feature", "geometry": {"type": "Point", "coordinates": [137.14734313288284, 36.33126288552089]}, "properties": {"prefecture": "岐阜県", "city": "飛騨市", "place": "宮川村西忍", "date": "2025-10-08", "time": "19時~20時", "count": 1, "note": "国・県・市道・その他車移動", "source": "岐阜県オープンデータ「クママップ」令和7年度分 (CC-BY 2.1 JP, https://gifu-opendata.pref.gifu.lg.jp/dataset/c11265-010)"}}, {"type": "Feature", "geometry": {"type": "Point", "coordinates": [137.18433022454877, 36.34644282898766]}, "properties": {"prefecture": "岐阜県", "city": "飛騨市", "place": "宮川村種蔵", "date": "2025-10-10", "time": "9時~10時", "count": 1, "note": "農地・その他", "source": "岐阜県オープンデータ「クママップ」令和7年度分 (CC-BY 2.1 JP, https://gifu-opendata.pref.gifu.lg.jp/dataset/c11265-010)"}}, {"type": "Feature", "geometry": {"type": "Point", "coordinates": [137.0240562964535, 36.27410552348189]}, "properties": {"prefecture": "岐阜県", "city": "飛騨市", "place": "河合町", "date": "2025-10-10", "time": "4時~5時", "count": 1, "note": "その他・その他", "source": "岐阜県オープンデータ「クママップ」令和7年度分 (CC-BY 2.1 JP, https://gifu-opendata.pref.gifu.lg.jp/dataset/c11265-010)"}}, {"type": "Feature", "geometry": {"type": "Point", "coordinates": [137.0241343011705, 36.27405604597566]}, "properties": {"prefecture": "岐阜県", "city": "飛騨市", "place": "河合町", "date": "2025-08-10", "time": "4時~5時", "count": 1, "note": "その他・その他", "source": "岐阜県オープンデータ「クママップ」令和7年度分 (CC-BY 2.1 JP, https://gifu-opendata.pref.gifu.lg.jp/dataset/c11265-010)"}}, {"type": "Feature", "geometry": {"type": "Point", "coordinates": [137.0248886267505, 36.272394077524744]}, "properties": {"prefecture": "岐阜県", "city": "飛騨市", "place": "河合町", "date": "2025-09-16", "time": "4時~5時", "count": 1, "note": "その他・その他", "source": "岐阜県オープンデータ「クママップ」令和7年度分 (CC-BY 2.1 JP, https://gifu-opendata.pref.gifu.lg.jp/dataset/c11265-010)"}}, {"type": "Feature", "geometry": {"type": "Point", "coordinates": [136.8504473924876, 35.64731937441387]}, "properties": {"prefecture": "岐阜県", "city": "関市", "place": "洞戸", "date": "2025-10-11", "time": "15時~16時", "count": 1, "note": "林道・その他車移動", "source": "岐阜県オープンデータ「クママップ」令和7年度分 (CC-BY 2.1 JP, https://gifu-opendata.pref.gifu.lg.jp/dataset/c11265-010)"}}, {"type": "Feature", "geometry": {"type": "Point", "coordinates": [137.41342005651626, 35.50265190845017]}, "properties": {"prefecture": "岐阜県", "city": "中津川市", "place": "旧蛭川村", "date": "2025-10-10", "time": "10時~11時", "count": 1, "note": "山林・山菜採取", "source": "岐阜県オープンデータ「クママップ」令和7年度分 (CC-BY 2.1 JP, https://gifu-opendata.pref.gifu.lg.jp/dataset/c11265-010)"}}, {"type": "Feature", "geometry": {"type": "Point", "coordinates": [136.73868458580947, 35.52245682155359]}, "properties": {"prefecture": "岐阜県", "city": "山県市", "place": "旧伊自良村", "date": "2025-10-08", "time": "5時~6時", "count": 1, "note": "山林・散歩", "source": "岐阜県オープンデータ「クママップ」令和7年度分 (CC-BY 2.1 JP, https://gifu-opendata.pref.gifu.lg.jp/dataset/c11265-010)"}}, {"type": "Feature", "geometry": {"type": "Point", "coordinates": [136.72684691013635, 35.625151195307645]}, "properties": {"prefecture": "岐阜県", "city": "山県市", "place": "旧美山町", "date": "2025-10-12", "time": "19時~20時", "count": 1, "note": "その他・その他", "source": "岐阜県オープンデータ「クママップ」令和7年度分 (CC-BY 2.1 JP, https://gifu-opendata.pref.gifu.lg.jp/dataset/c11265-010)"}}, {"type": "Feature", "geometry": {"type": "Point", "coordinates": [136.90876461948747, 36.26273535730813]}, "properties": {"prefecture": "岐阜県", "city": "白川村", "place": "　", "date": "2025-05-03", "time": "10時~11時", "count": 1, "note": "その他・その他", "source": "岐阜県オープンデータ「クママップ」令和7年度分 (CC-BY 2.1 JP, https://gifu-opendata.pref.gifu.lg.jp/dataset/c11265-010)"}}, {"type": "Feature", "geometry": {"type": "Point", "coordinates": [136.9086974137086, 36.26269735856809]}, "properties": {"prefecture": "岐阜県", "city": "白川村", "place": "　", "date": "2025-05-17", "time": "11時~12時", "count": 1, "note": "その他・その他", "source": "岐阜県オープンデータ「クママップ」令和7年度分 (CC-BY 2.1 JP, https://gifu-opendata.pref.gifu.lg.jp/dataset/c11265-010)"}}, {"type": "Feature", "geometry": {"type": "Point", "coordinates": [137.07315975586312, 36.25013356047182]}, "properties": {"prefecture": "岐阜県", "city": "飛騨市", "place": "河合町", "date": "2025-10-12", "time": "16時~17時", "count": 1, "note": "農地・散歩", "source": "岐阜県オープンデータ「クママップ」令和7年度分 (CC-BY 2.1 JP, https://gifu-opendata.pref.gifu.lg.jp/dataset/c11265-010)"}}, {"type": "Feature", "geometry": {"type": "Point", "coordinates": [136.90369846874282, 36.25350083068469]}, "properties": {"prefecture": "岐阜県", "city": "白川村", "place": "白川村", "date": "2025-10-10", "time": "9時~10時", "count": 1, "note": "国・県・市道・その他", "source": "岐阜県オープンデータ「クママップ」令和7年度分 (CC-BY 2.1 JP, https://gifu-opendata.pref.gifu.lg.jp/dataset/c11265-010)"}}, {"type": "Feature", "geometry": {"type": "Point", "coordinates": [136.90372436269124, 36.25407545537373]}, "properties": {"prefecture": "岐阜県", "city": "白川村", "place": "白川村", "date": "2025-10-09", "time": "8時~9時", "count": 1, "note": "その他・その他", "source": "岐阜県オープンデータ「クママップ」令和7年度分 (CC-BY 2.1 JP, https://gifu-opendata.pref.gifu.lg.jp/dataset/c11265-010)"}}, {"type": "Feature", "geometry": {"type": "Point", "coordinates": [136.90264280605194, 36.1889325113122]}, "properties": {"prefecture": "岐阜県", "city": "白川村", "place": "白川村", "date": "2025-10-07", "time": "17時~18時", "count": 1, "note": "その他・その他", "source": "岐阜県オープンデータ「クママップ」令和7年度分 (CC-BY 2.1 JP, https://gifu-opendata.pref.gifu.lg.jp/dataset/c11265-010)"}}, {"type": "Feature", "geometry": {"type": "Point", "coordinates": [136.9067353462611, 36.261778985959296]}, "properties": {"prefecture": "岐阜県", "city": "白川村", "place": "白川村", "date": "2025-10-05", "time": "8時~9時", "count": 1, "note": "その他・その他", "source": "岐阜県オープンデータ「クママップ」令和7年度分 (CC-BY 2.1 JP, https://gifu-opendata.pref.gifu.lg.jp/dataset/c11265-010)"}}, {"type": "Feature", "geometry": {"type": "Point", "coordinates": [136.9046071968001, 36.28335211097182]}, "properties": {"prefecture": "岐阜県", "city": "白川村", "place": "白川村", "date": "2025-10-06", "time": "16時~17時", "count": 1, "note": "その他・その他", "source": "岐阜県オープンデータ「クママップ」令和7年度分 (CC-BY 2.1 JP, https://gifu-opendata.pref.gifu.lg.jp/dataset/c11265-010)"}}, {"type": "Feature", "geometry": {"type": "Point", "coordinates": [136.90684562250382, 36.16199863070536]}, "properties": {"prefecture": "岐阜県", "city": "白川村", "place": "白川村", "date": "2025-10-02", "time": "16時~17時", "count": 1, "note": "その他・その他", "source": "岐阜県オープンデータ「クママップ」令和7年度分 (CC-BY 2.1 JP, https://gifu-opendata.pref.gifu.lg.jp/dataset/c11265-010)"}}, {"type": "Feature", "geometry": {"type": "Point", "coordinates": [136.9109508701447, 36.14924847235754]}, "properties": {"prefecture": "岐阜県", "city": "白川村", "place": "白川村", "date": "2025-09-30", "time": "17時~18時", "count": 1, "note": "その他・その他", "source": "岐阜県オープンデータ「クママップ」令和7年度分 (CC-BY 2.1 JP, https://gifu-opendata.pref.gifu.lg.jp/dataset/c11265-010)"}}, {"type": "Feature", "geometry": {"type": "Point", "coordinates": [136.91012821075617, 36.15019307645447]}, "properties": {"prefecture": "岐阜県", "city": "白川村", "place": "白川村", "date": "2025-09-17", "time": "11時~12時", "count": 1, "note": "国・県・市道・その他", "source": "岐阜県オープンデータ「クママップ」令和7年度分 (CC-BY 2.1 JP, https://gifu-opendata.pref.gifu.lg.jp/dataset/c11265-010)"}}, {"type": "Feature", "geometry": {"type": "Point", "coordinates": [136.820950649832, 35.52745295685587]}, "properties": {"prefecture": "岐阜県", "city": "岐阜市", "place": "岐阜市", "date": "2025-10-07", "time": "6時~7時", "count": 2, "note": "山林・散歩", "source": "岐阜県オープンデータ「クママップ」令和7年度分 (CC-BY 2.1 JP, https://gifu-opendata.pref.gifu.lg.jp/dataset/c11265-010)"}}, {"type": "Feature", "geometry": {"type": "Point", "coordinates": [136.8152953299274, 35.52304121350687]}, "properties": {"prefecture": "岐阜県", "city": "岐阜市", "place": "岐阜市", "date": "2025-10-14", "time": "6時~7時", "count": 1, "note": "山林・散歩", "source": "岐阜県オープンデータ「クママップ」令和7年度分 (CC-BY 2.1 JP, https://gifu-opendata.pref.gifu.lg.jp/dataset/c11265-010)"}}, {"type": "Feature", "geometry": {"type": "Point", "coordinates": [136.90716784750333, 36.2620721656172]}, "properties": {"prefecture": "岐阜県", "city": "白川村", "place": "　", "date": "2025-05-05", "time": "12時~13時", "count": 1, "note": "その他・その他", "source": "岐阜県オープンデータ「クママップ」令和7年度分 (CC-BY 2.1 JP, https://gifu-opendata.pref.gifu.lg.jp/dataset/c11265-010)"}}, {"type": "Feature", "geometry": {"type": "Point", "coordinates": [136.89175372157678, 35.89556060520001]}, "properties": {"prefecture": "岐阜県", "city": "郡上市", "place": "白鳥町", "date": "2025-10-15", "time": "15時~16時", "count": 1, "note": "山林・その他", "source": "岐阜県オープンデータ「クママップ」令和7年度分 (CC-BY 2.1 JP, https://gifu-opendata.pref.gifu.lg.jp/dataset/c11265-010)"}}, {"type": "Feature", "geometry": {"type": "Point", "coordinates": [136.90145643562218, 36.17393010976605]}, "properties": {"prefecture": "岐阜県", "city": "白川村", "place": "　", "date": "2025-09-21", "time": "14時~15時", "count": 1, "note": "その他・その他", "source": "岐阜県オープンデータ「クママップ」令和7年度分 (CC-BY 2.1 JP, https://gifu-opendata.pref.gifu.lg.jp/dataset/c11265-010)"}}, {"type": "Feature", "geometry": {"type": "Point", "coordinates": [136.89529951780716, 36.20512828933577]}, "properties": {"prefecture": "岐阜県", "city": "白川村", "place": "　", "date": "2025-09-03", "time": "17時~18時", "count": 1, "note": "その他・その他", "source": "岐阜県オープンデータ「クママップ」令和7年度分 (CC-BY 2.1 JP, https://gifu-opendata.pref.gifu.lg.jp/dataset/c11265-010)"}}, {"type": "Feature", "geometry": {"type": "Point", "coordinates": [136.89237331179626, 36.25490640941981]}, "properties": {"prefecture": "岐阜県", "city": "白川村", "place": "　", "date": "2025-05-08", "time": "9時~10時", "count": 1, "note": "その他・その他", "source": "岐阜県オープンデータ「クママップ」令和7年度分 (CC-BY 2.1 JP, https://gifu-opendata.pref.gifu.lg.jp/dataset/c11265-010)"}}, {"type": "Feature", "geometry": {"type": "Point", "coordinates": [136.9024564139404, 36.172672986337254]}, "properties": {"prefecture": "岐阜県", "city": "白川村", "place": "　", "date": "2025-06-09", "time": "19時~20時", "count": 1, "note": "その他・その他", "source": "岐阜県オープンデータ「クママップ」令和7年度分 (CC-BY 2.1 JP, https://gifu-opendata.pref.gifu.lg.jp/dataset/c11265-010)"}}, {"type": "Feature", "geometry": {"type": "Point", "coordinates": [136.90313073071493, 36.17380109108881]}, "properties": {"prefecture": "岐阜県", "city": "白川村", "place": "　", "date": "2025-06-14", "time": "8時~9時", "count": 1, "note": "その他・その他", "source": "岐阜県オープンデータ「クママップ」令和7年度分 (CC-BY 2.1 JP, https://gifu-opendata.pref.gifu.lg.jp/dataset/c11265-010)"}}, {"type": "Feature", "geometry": {"type": "Point", "coordinates": [136.90107929578122, 36.17368705074195]}, "properties": {"prefecture": "岐阜県", "city": "白川村", "place": "　", "date": "2025-06-16", "time": "15時~16時", "count": 1, "note": "その他・その他", "source": "岐阜県オープンデータ「クママップ」令和7年度分 (CC-BY 2.1 JP, https://gifu-opendata.pref.gifu.lg.jp/dataset/c11265-010)"}}, {"type": "Feature", "geometry": {"type": "Point", "coordinates": [137.42448342524665, 35.47629914760036]}, "properties": {"prefecture": "岐阜県", "city": "恵那市", "place": "大井町", "date": "2025-10-15", "time": "10時~11時", "count": 1, "note": "山林・その他", "source": "岐阜県オープンデータ「クママップ」令和7年度分 (CC-BY 2.1 JP, https://gifu-opendata.pref.gifu.lg.jp/dataset/c11265-010)"}}, {"type": "Feature", "geometry": {"type": "Point", "coordinates": [136.90613963636233, 36.263758255770306]}, "properties": {"prefecture": "岐阜県", "city": "白川村", "place": "白川村", "date": "2025-05-15", "time": "12時~13時", "count": 1, "note": "国・県・市道・散歩", "source": "岐阜県オープンデータ「クママップ」令和7年度分 (CC-BY 2.1 JP, https://gifu-opendata.pref.gifu.lg.jp/dataset/c11265-010)"}}, {"type": "Feature", "geometry": {"type": "Point", "coordinates": [136.9086434745228, 36.26107899086201]}, "properties": {"prefecture": "岐阜県", "city": "白川村", "place": "白川村", "date": "2025-05-25", "time": "13時~14時", "count": 1, "note": "山林・散歩", "source": "岐阜県オープンデータ「クママップ」令和7年度分 (CC-BY 2.1 JP, https://gifu-opendata.pref.gifu.lg.jp/dataset/c11265-010)"}}, {"type": "Feature", "geometry": {"type": "Point", "coordinates": [136.9088188298136, 36.26105571035013]}, "properties": {"prefecture": "岐阜県", "city": "白川村", "place": "白川村", "date": "2025-05-26", "time": "16時~17時", "count": 1, "note": "山林・散歩", "source": "岐阜県オープンデータ「クママップ」令和7年度分 (CC-BY 2.1 JP, https://gifu-opendata.pref.gifu.lg.jp/dataset/c11265-010)"}}, {"type": "Feature", "geometry": {"type": "Point", "coordinates": [136.9061686978499, 36.176998097193476]}, "properties": {"prefecture": "岐阜県", "city": "白川村", "place": "白川村", "date": "2025-06-04", "time": "13時~14時", "count": 1, "note": "登山道・散歩", "source": "岐阜県オープンデータ「クママップ」令和7年度分 (CC-BY 2.1 JP, https://gifu-opendata.pref.gifu.lg.jp/dataset/c11265-010)"}}, {"type": "Feature", "geometry": {"type": "Point", "coordinates": [136.90886310593743, 36.14603762554718]}, "properties": {"prefecture": "岐阜県", "city": "白川村", "place": "白川村", "date": "2025-06-06", "time": "16時~17時", "count": 1, "note": "その他・通勤・通学", "source": "岐阜県オープンデータ「クママップ」令和7年度分 (CC-BY 2.1 JP, https://gifu-opendata.pref.gifu.lg.jp/dataset/c11265-010)"}}, {"type": "Feature", "geometry": {"type": "Point", "coordinates": [136.90666655982787, 36.26448493376575]}, "properties": {"prefecture": "岐阜県", "city": "白川村", "place": "白川村", "date": "2025-06-08", "time": "14時~15時", "count": 1, "note": "山林・通勤・通学", "source": "岐阜県オープンデータ「クママップ」令和7年度分 (CC-BY 2.1 JP, https://gifu-opendata.pref.gifu.lg.jp/dataset/c11265-010)"}}, {"type": "Feature", "geometry": {"type": "Point", "coordinates": [136.90887846516608, 36.14580106755514]}, "properties": {"prefecture": "岐阜県", "city": "白川村", "place": "白川村", "date": "2025-06-10", "time": "11時~12時", "count": 1, "note": "その他・通勤・通学", "source": "岐阜県オープンデータ「クママップ」令和7年度分 (CC-BY 2.1 JP, https://gifu-opendata.pref.gifu.lg.jp/dataset/c11265-010)"}}, {"type": "Feature", "geometry": {"type": "Point", "coordinates": [136.90899051062434, 36.14551965268765]}, "properties": {"prefecture": "岐阜県", "city": "白川村", "place": "白川村", "date": "2025-06-10", "time": "15時~16時", "count": 1, "note": "その他・通勤・通学", "source": "岐阜県オープンデータ「クママップ」令和7年度分 (CC-BY 2.1 JP, https://gifu-opendata.pref.gifu.lg.jp/dataset/c11265-010)"}}, {"type": "Feature", "geometry": {"type": "Point", "coordinates": [136.91076706775837, 36.14938327447011]}, "properties": {"prefecture": "岐阜県", "city": "白川村", "place": "白川村", "date": "2025-06-13", "time": "8時~9時", "count": 1, "note": "その他・通勤・通学", "source": "岐阜県オープンデータ「クママップ」令和7年度分 (CC-BY 2.1 JP, https://gifu-opendata.pref.gifu.lg.jp/dataset/c11265-010)"}}, {"type": "Feature", "geometry": {"type": "Point", "coordinates": [136.9026071710933, 36.27274303628918]}, "properties": {"prefecture": "岐阜県", "city": "白川村", "place": "白川村", "date": "2025-06-17", "time": "9時~10時", "count": 1, "note": "山林・散歩", "source": "岐阜県オープンデータ「クママップ」令和7年度分 (CC-BY 2.1 JP, https://gifu-opendata.pref.gifu.lg.jp/dataset/c11265-010)"}}, {"type": "Feature", "geometry": {"type": "Point", "coordinates": [136.8996284219007, 36.18274858865098]}, "properties": {"prefecture": "岐阜県", "city": "白川村", "place": "白川村", "date": "2025-06-17", "time": "15時~16時", "count": 1, "note": "山林・散歩", "source": "岐阜県オープンデータ「クママップ」令和7年度分 (CC-BY 2.1 JP, https://gifu-opendata.pref.gifu.lg.jp/dataset/c11265-010)"}}, {"type": "Feature", "geometry": {"type": "Point", "coordinates": [136.89760209037672, 36.2773622040559]}, "properties": {"prefecture": "岐阜県", "city": "白川村", "place": "白川村", "date": "2025-06-18", "time": "6時~7時", "count": 1, "note": "山林・散歩", "source": "岐阜県オープンデータ「クママップ」令和7年度分 (CC-BY 2.1 JP, https://gifu-opendata.pref.gifu.lg.jp/dataset/c11265-010)"}}, {"type": "Feature", "geometry": {"type": "Point", "coordinates": [136.907370707604, 36.17425851793926]}, "properties": {"prefecture": "岐阜県", "city": "白川村", "place": "白川村", "date": "2025-06-18", "time": "13時~14時", "count": 1, "note": "山林・散歩", "source": "岐阜県オープンデータ「クママップ」令和7年度分 (CC-BY 2.1 JP, https://gifu-opendata.pref.gifu.lg.jp/dataset/c11265-010)"}}, {"type": "Feature", "geometry": {"type": "Point", "coordinates": [136.91070228790505, 36.15008164276579]}, "properties": {"prefecture": "岐阜県", "city": "白川村", "place": "白川村", "date": "2025-06-18", "time": "14時~15時", "count": 1, "note": "山林・散歩", "source": "岐阜県オープンデータ「クママップ」令和7年度分 (CC-BY 2.1 JP, https://gifu-opendata.pref.gifu.lg.jp/dataset/c11265-010)"}}, {"type": "Feature", "geometry": {"type": "Point", "coordinates": [136.9010791219326, 36.28107423269586]}, "properties": {"prefecture": "岐阜県", "city": "白川村", "place": "白川村", "date": "2025-06-18", "time": "16時~17時", "count": 1, "note": "山林・散歩", "source": "岐阜県オープンデータ「クママップ」令和7年度分 (CC-BY 2.1 JP, https://gifu-opendata.pref.gifu.lg.jp/dataset/c11265-010)"}}, {"type": "Feature", "geometry": {"type": "Point", "coordinates": [136.9008490319018, 36.27916977015722]}, "properties": {"prefecture": "岐阜県", "city": "白川村", "place": "白川村", "date": "2025-06-19", "time": "16時~17時", "count": 1, "note": "登山道・散歩", "source": "岐阜県オープンデータ「クママップ」令和7年度分 (CC-BY 2.1 JP, https://gifu-opendata.pref.gifu.lg.jp/dataset/c11265-010)"}}, {"type": "Feature", "geometry": {"type": "Point", "coordinates": [136.90768667486734, 36.17113959434877]}, "properties": {"prefecture": "岐阜県", "city": "白川村", "place": "白川村", "date": "2025-05-27", "time": "12時~13時", "count": 1, "note": "国・県・市道・通勤・通学", "source": "岐阜県オープンデータ「クママップ」令和7年度分 (CC-BY 2.1 JP, https://gifu-opendata.pref.gifu.lg.jp/dataset/c11265-010)"}}, {"type": "Feature", "geometry": {"type": "Point", "coordinates": [136.90592584233303, 36.16746186671483]}, "properties": {"prefecture": "岐阜県", "city": "白川村", "place": "白川村", "date": "2025-06-19", "time": "16時~17時", "count": 1, "note": "山林・散歩", "source": "岐阜県オープンデータ「クママップ」令和7年度分 (CC-BY 2.1 JP, https://gifu-opendata.pref.gifu.lg.jp/dataset/c11265-010)"}}, {"type": "Feature", "geometry": {"type": "Point", "coordinates": [136.9075065015264, 36.1735310164801]}, "properties": {"prefecture": "岐阜県", "city": "白川村", "place": "白川村", "date": "2025-06-19", "time": "17時~18時", "count": 1, "note": "山林・散歩", "source": "岐阜県オープンデータ「クママップ」令和7年度分 (CC-BY 2.1 JP, https://gifu-opendata.pref.gifu.lg.jp/dataset/c11265-010)"}}, {"type": "Feature", "geometry": {"type": "Point", "coordinates": [136.90137756027684, 36.281288385571344]}, "properties": {"prefecture": "岐阜県", "city": "白川村", "place": "白川村", "date": "2025-06-20", "time": "8時~9時", "count": 1, "note": "山林・散歩", "source": "岐阜県オープンデータ「クママップ」令和7年度分 (CC-BY 2.1 JP, https://gifu-opendata.pref.gifu.lg.jp/dataset/c11265-010)"}}, {"type": "Feature", "geometry": {"type": "Point", "coordinates": [136.91067089049383, 36.150339009094864]}, "properties": {"prefecture": "岐阜県", "city": "白川村", "place": "白川村", "date": "2025-06-20", "time": "8時~9時", "count": 1, "note": "山林・自宅", "source": "岐阜県オープンデータ「クママップ」令和7年度分 (CC-BY 2.1 JP, https://gifu-opendata.pref.gifu.lg.jp/dataset/c11265-010)"}}, {"type": "Feature", "geometry": {"type": "Point", "coordinates": [136.90641299280622, 36.17561119868319]}, "properties": {"prefecture": "岐阜県", "city": "白川村", "place": "白川村", "date": "2025-06-23", "time": "8時~9時", "count": 1, "note": "山林・自宅", "source": "岐阜県オープンデータ「クママップ」令和7年度分 (CC-BY 2.1 JP, https://gifu-opendata.pref.gifu.lg.jp/dataset/c11265-010)"}}, {"type": "Feature", "geometry": {"type": "Point", "coordinates": [136.90280953256035, 36.17485861676197]}, "properties": {"prefecture": "岐阜県", "city": "白川村", "place": "白川村", "date": "2025-06-23", "time": "10時~11時", "count": 1, "note": "国・県・市道・散歩", "source": "岐阜県オープンデータ「クママップ」令和7年度分 (CC-BY 2.1 JP, https://gifu-opendata.pref.gifu.lg.jp/dataset/c11265-010)"}}, {"type": "Feature", "geometry": {"type": "Point", "coordinates": [136.90324669202172, 36.190797827336915]}, "properties": {"prefecture": "岐阜県", "city": "白川村", "place": "白川村", "date": "2025-06-23", "time": "16時~17時", "count": 1, "note": "国・県・市道・通勤・通学", "source": "岐阜県オープンデータ「クママップ」令和7年度分 (CC-BY 2.1 JP, https://gifu-opendata.pref.gifu.lg.jp/dataset/c11265-010)"}}, {"type": "Feature", "geometry": {"type": "Point", "coordinates": [137.21067268059122, 35.88283380070415]}, "properties": {"prefecture": "岐阜県", "city": "下呂市", "place": "下呂町", "date": "2025-10-06", "time": "17時~18時", "count": 1, "note": "国・県・市道・通勤・通学", "source": "岐阜県オープンデータ「クママップ」令和7年度分 (CC-BY 2.1 JP, https://gifu-opendata.pref.gifu.lg.jp/dataset/c11265-010)"}}, {"type": "Feature", "geometry": {"type": "Point", "coordinates": [136.9035409419981, 36.273097157163015]}, "properties": {"prefecture": "岐阜県", "city": "白川村", "place": "白川村", "date": "2025-06-24", "time": "13時~14時", "count": 1, "note": "山林・散歩", "source": "岐阜県オープンデータ「クママップ」令和7年度分 (CC-BY 2.1 JP, https://gifu-opendata.pref.gifu.lg.jp/dataset/c11265-010)"}}, {"type": "Feature", "geometry": {"type": "Point", "coordinates": [136.89957021046862, 36.181883780816676]}, "properties": {"prefecture": "岐阜県", "city": "白川村", "place": "白川村", "date": "2025-06-25", "time": "8時~9時", "count": 1, "note": "山林・散歩", "source": "岐阜県オープンデータ「クママップ」令和7年度分 (CC-BY 2.1 JP, https://gifu-opendata.pref.gifu.lg.jp/dataset/c11265-010)"}}, {"type": "Feature", "geometry": {"type": "Point", "coordinates": [136.90683134545242, 36.175585068692705]}, "properties": {"prefecture": "岐阜県", "city": "白川村", "place": "白川村", "date": "2025-06-25", "time": "8時~9時", "count": 1, "note": "山林・散歩", "source": "岐阜県オープンデータ「クママップ」令和7年度分 (CC-BY 2.1 JP, https://gifu-opendata.pref.gifu.lg.jp/dataset/c11265-010)"}}, {"type": "Feature", "geometry": {"type": "Point", "coordinates": [136.9059720522385, 36.177002739562234]}, "properties": {"prefecture": "岐阜県", "city": "白川村", "place": "白川村", "date": "2025-06-26", "time": "19時~20時", "count": 1, "note": "山林・散歩", "source": "岐阜県オープンデータ「クママップ」令和7年度分 (CC-BY 2.1 JP, https://gifu-opendata.pref.gifu.lg.jp/dataset/c11265-010)"}}, {"type": "Feature", "geometry": {"type": "Point", "coordinates": [136.90650134269632, 36.17032304251433]}, "properties": {"prefecture": "岐阜県", "city": "白川村", "place": "白川村", "date": "2025-06-26", "time": "8時~9時", "count": 1, "note": "山林・通勤・通学", "source": "岐阜県オープンデータ「クママップ」令和7年度分 (CC-BY 2.1 JP, https://gifu-opendata.pref.gifu.lg.jp/dataset/c11265-010)"}}, {"type": "Feature", "geometry": {"type": "Point", "coordinates": [136.89745698032124, 36.274238381837435]}, "properties": {"prefecture": "岐阜県", "city": "白川村", "place": "白川村", "date": "2025-06-26", "time": "12時~13時", "count": 1, "note": "山林・散歩", "source": "岐阜県オープンデータ「クママップ」令和7年度分 (CC-BY 2.1 JP, https://gifu-opendata.pref.gifu.lg.jp/dataset/c11265-010)"}}, {"type": "Feature", "geometry": {"type": "Point", "coordinates": [137.20218634895596, 35.91398125763831]}, "properties": {"prefecture": "岐阜県", "city": "下呂市", "place": "下呂町", "date": "2025-10-10", "time": "7時~8時", "count": 1, "note": "その他・散歩", "source": "岐阜県オープンデータ「クママップ」令和7年度分 (CC-BY 2.1 JP, https://gifu-opendata.pref.gifu.lg.jp/dataset/c11265-010)"}}, {"type": "Feature", "geometry": {"type": "Point", "coordinates": [136.90641845348344, 36.17858210238547]}, "properties": {"prefecture": "岐阜県", "city": "白川村", "place": "白川村", "date": "2025-06-27", "time": "18時~19時", "count": 1, "note": "山林・散歩", "source": "岐阜県オープンデータ「クママップ」令和7年度分 (CC-BY 2.1 JP, https://gifu-opendata.pref.gifu.lg.jp/dataset/c11265-010)"}}, {"type": "Feature", "geometry": {"type": "Point", "coordinates": [136.91047115942516, 36.150245072545516]}, "properties": {"prefecture": "岐阜県", "city": "白川村", "place": "白川村", "date": "2025-07-02", "time": "14時~15時", "count": 1, "note": "国・県・市道・通勤・通学", "source": "岐阜県オープンデータ「クママップ」令和7年度分 (CC-BY 2.1 JP, https://gifu-opendata.pref.gifu.lg.jp/dataset/c11265-010)"}}, {"type": "Feature", "geometry": {"type": "Point", "coordinates": [136.8948651537353, 36.274974948566424]}, "properties": {"prefecture": "岐阜県", "city": "白川村", "place": "白川村", "date": "2025-07-03", "time": "13時~14時", "count": 1, "note": "山林・散歩", "source": "岐阜県オープンデータ「クママップ」令和7年度分 (CC-BY 2.1 JP, https://gifu-opendata.pref.gifu.lg.jp/dataset/c11265-010)"}}, {"type": "Feature", "geometry": {"type": "Point", "coordinates": [136.89753490868134, 36.27707195419845]}, "properties": {"prefecture": "岐阜県", "city": "白川村", "place": "白川村", "date": "2025-07-07", "time": "13時~14時", "count": 1, "note": "山林・散歩", "source": "岐阜県オープンデータ「クママップ」令和7年度分 (CC-BY 2.1 JP, https://gifu-opendata.pref.gifu.lg.jp/dataset/c11265-010)"}}, {"type": "Feature", "geometry": {"type": "Point", "coordinates": [136.89765688575292, 36.27720742050181]}, "properties": {"prefecture": "岐阜県", "city": "白川村", "place": "白川村", "date": "2025-07-07", "time": "14時~15時", "count": 1, "note": "山林・通勤・通学", "source": "岐阜県オープンデータ「クママップ」令和7年度分 (CC-BY 2.1 JP, https://gifu-opendata.pref.gifu.lg.jp/dataset/c11265-010)"}}, {"type": "Feature", "geometry": {"type": "Point", "coordinates": [136.9013011084359, 36.26605320923411]}, "properties": {"prefecture": "岐阜県", "city": "白川村", "place": "白川村", "date": "2025-07-08", "time": "16時~17時", "count": 1, "note": "国・県・市道・散歩", "source": "岐阜県オープンデータ「クママップ」令和7年度分 (CC-BY 2.1 JP, https://gifu-opendata.pref.gifu.lg.jp/dataset/c11265-010)"}}, {"type": "Feature", "geometry": {"type": "Point", "coordinates": [136.9009418753924, 36.178582465154065]}, "properties": {"prefecture": "岐阜県", "city": "白川村", "place": "白川村", "date": "2025-07-09", "time": "16時~17時", "count": 1, "note": "国・県・市道・通勤・通学", "source": "岐阜県オープンデータ「クママップ」令和7年度分 (CC-BY 2.1 JP, https://gifu-opendata.pref.gifu.lg.jp/dataset/c11265-010)"}}, {"type": "Feature", "geometry": {"type": "Point", "coordinates": [136.90844704021632, 36.14562607550241]}, "properties": {"prefecture": "岐阜県", "city": "白川村", "place": "白川村", "date": "2025-07-10", "time": "13時~14時", "count": 1, "note": "山林・通勤・通学", "source": "岐阜県オープンデータ「クママップ」令和7年度分 (CC-BY 2.1 JP, https://gifu-opendata.pref.gifu.lg.jp/dataset/c11265-010)"}}, {"type": "Feature", "geometry": {"type": "Point", "coordinates": [136.89763930169576, 36.27422189327018]}, "properties": {"prefecture": "岐阜県", "city": "白川村", "place": "白川村", "date": "2025-07-11", "time": "8時~9時", "count": 1, "note": "山林・通勤・通学", "source": "岐阜県オープンデータ「クママップ」令和7年度分 (CC-BY 2.1 JP, https://gifu-opendata.pref.gifu.lg.jp/dataset/c11265-010)"}}, {"type": "Feature", "geometry": {"type": "Point", "coordinates": [136.90552197174537, 36.16690500020522]}, "properties": {"prefecture": "岐阜県", "city": "白川村", "place": "白川村", "date": "2025-07-12", "time": "9時~10時", "count": 1, "note": "山林・散歩", "source": "岐阜県オープンデータ「クママップ」令和7年度分 (CC-BY 2.1 JP, https://gifu-opendata.pref.gifu.lg.jp/dataset/c11265-010)"}}, {"type": "Feature", "geometry": {"type": "Point", "coordinates": [136.9028081911301, 36.27295697145909]}, "properties": {"prefecture": "岐阜県", "city": "白川村", "place": "白川村", "date": "2025-07-13", "time": "11時~12時", "count": 1, "note": "国・県・市道・通勤・通学", "source": "岐阜県オープンデータ「クママップ」令和7年度分 (CC-BY 2.1 JP, https://gifu-opendata.pref.gifu.lg.jp/dataset/c11265-010)"}}, {"type": "Feature", "geometry": {"type": "Point", "coordinates": [136.9111120395764, 36.15095170814475]}, "properties": {"prefecture": "岐阜県", "city": "白川村", "place": "白川村", "date": "2025-07-14", "time": "14時~15時", "count": 1, "note": "山林・自宅", "source": "岐阜県オープンデータ「クママップ」令和7年度分 (CC-BY 2.1 JP, https://gifu-opendata.pref.gifu.lg.jp/dataset/c11265-010)"}}, {"type": "Feature", "geometry": {"type": "Point", "coordinates": [136.9075741162884, 36.17494112638196]}, "properties": {"prefecture": "岐阜県", "city": "白川村", "place": "白川村", "date": "2025-07-14", "time": "18時~19時", "count": 1, "note": "国・県・市道・散歩", "source": "岐阜県オープンデータ「クママップ」令和7年度分 (CC-BY 2.1 JP, https://gifu-opendata.pref.gifu.lg.jp/dataset/c11265-010)"}}, {"type": "Feature", "geometry": {"type": "Point", "coordinates": [136.9049804780371, 36.16720687873183]}, "properties": {"prefecture": "岐阜県", "city": "白川村", "place": "白川村", "date": "2025-07-19", "time": "9時~10時", "count": 1, "note": "山林・散歩", "source": "岐阜県オープンデータ「クママップ」令和7年度分 (CC-BY 2.1 JP, https://gifu-opendata.pref.gifu.lg.jp/dataset/c11265-010)"}}, {"type": "Feature", "geometry": {"type": "Point", "coordinates": [136.9021688578364, 36.26574531612014]}, "properties": {"prefecture": "岐阜県", "city": "白川村", "place": "白川村", "date": "2025-07-22", "time": "15時~16時", "count": 1, "note": "山林・散歩", "source": "岐阜県オープンデータ「クママップ」令和7年度分 (CC-BY 2.1 JP, https://gifu-opendata.pref.gifu.lg.jp/dataset/c11265-010)"}}, {"type": "Feature", "geometry": {"type": "Point", "coordinates": [136.8992333958251, 36.19020928449875]}, "properties": {"prefecture": "岐阜県", "city": "白川村", "place": "白川村", "date": "2025-07-24", "time": "16時~17時", "count": 1, "note": "国・県・市道・通勤・通学", "source": "岐阜県オープンデータ「クママップ」令和7年度分 (CC-BY 2.1 JP, https://gifu-opendata.pref.gifu.lg.jp/dataset/c11265-010)"}}, {"type": "Feature", "geometry": {"type": "Point", "coordinates": [136.90341466485825, 36.26180664816991]}, "properties": {"prefecture": "岐阜県", "city": "白川村", "place": "白川村", "date": "2025-07-26", "time": "14時~15時", "count": 1, "note": "その他・その他", "source": "岐阜県オープンデータ「クママップ」令和7年度分 (CC-BY 2.1 JP, https://gifu-opendata.pref.gifu.lg.jp/dataset/c11265-010)"}}, {"type": "Feature", "geometry": {"type": "Point", "coordinates": [136.90739451815958, 36.17715397819664]}, "properties": {"prefecture": "岐阜県", "city": "白川村", "place": "白川村", "date": "2025-08-01", "time": "12時~13時", "count": 1, "note": "山林・散歩", "source": "岐阜県オープンデータ「クママップ」令和7年度分 (CC-BY 2.1 JP, https://gifu-opendata.pref.gifu.lg.jp/dataset/c11265-010)"}}, {"type": "Feature", "geometry": {"type": "Point", "coordinates": [136.90384244622766, 36.26180251921677]}, "properties": {"prefecture": "岐阜県", "city": "白川村", "place": "白川村", "date": "2025-08-04", "time": "12時~13時", "count": 1, "note": "その他・その他", "source": "岐阜県オープンデータ「クママップ」令和7年度分 (CC-BY 2.1 JP, https://gifu-opendata.pref.gifu.lg.jp/dataset/c11265-010)"}}, {"type": "Feature", "geometry": {"type": "Point", "coordinates": [136.9008324450127, 36.18074082034696]}, "properties": {"prefecture": "岐阜県", "city": "白川村", "place": "白川村", "date": "2025-08-11", "time": "12時~13時", "count": 1, "note": "その他・散歩", "source": "岐阜県オープンデータ「クママップ」令和7年度分 (CC-BY 2.1 JP, https://gifu-opendata.pref.gifu.lg.jp/dataset/c11265-010)"}}, {"type": "Feature", "geometry": {"type": "Point", "coordinates": [136.90136161006015, 36.17423577663098]}, "properties": {"prefecture": "岐阜県", "city": "白川村", "place": "白川村", "date": "2025-08-12", "time": "11時~12時", "count": 1, "note": "国・県・市道・散歩", "source": "岐阜県オープンデータ「クママップ」令和7年度分 (CC-BY 2.1 JP, https://gifu-opendata.pref.gifu.lg.jp/dataset/c11265-010)"}}, {"type": "Feature", "geometry": {"type": "Point", "coordinates": [136.9006527783581, 36.18044750082514]}, "properties": {"prefecture": "岐阜県", "city": "白川村", "place": "白川村", "date": "2025-08-15", "time": "7時~8時", "count": 1, "note": "その他・散歩", "source": "岐阜県オープンデータ「クママップ」令和7年度分 (CC-BY 2.1 JP, https://gifu-opendata.pref.gifu.lg.jp/dataset/c11265-010)"}}, {"type": "Feature", "geometry": {"type": "Point", "coordinates": [136.90815778739778, 36.146361136302204]}, "properties": {"prefecture": "岐阜県", "city": "白川村", "place": "白川村", "date": "2025-08-20", "time": "14時~15時", "count": 1, "note": "国・県・市道・通勤・通学", "source": "岐阜県オープンデータ「クママップ」令和7年度分 (CC-BY 2.1 JP, https://gifu-opendata.pref.gifu.lg.jp/dataset/c11265-010)"}}, {"type": "Feature", "geometry": {"type": "Point", "coordinates": [136.89754028652627, 36.18846205278356]}, "properties": {"prefecture": "岐阜県", "city": "白川村", "place": "白川村", "date": "2025-08-20", "time": "14時~15時", "count": 1, "note": "国・県・市道・通勤・通学", "source": "岐阜県オープンデータ「クママップ」令和7年度分 (CC-BY 2.1 JP, https://gifu-opendata.pref.gifu.lg.jp/dataset/c11265-010)"}}, {"type": "Feature", "geometry": {"type": "Point", "coordinates": [136.90652146598637, 36.17432427275117]}, "properties": {"prefecture": "岐阜県", "city": "白川村", "place": "白川村", "date": "2025-08-25", "time": "8時~9時", "count": 1, "note": "その他・散歩", "source": "岐阜県オープンデータ「クママップ」令和7年度分 (CC-BY 2.1 JP, https://gifu-opendata.pref.gifu.lg.jp/dataset/c11265-010)"}}, {"type": "Feature", "geometry": {"type": "Point", "coordinates": [136.90697163265293, 36.176866900866706]}, "properties": {"prefecture": "岐阜県", "city": "白川村", "place": "白川村", "date": "2025-08-27", "time": "16時~17時", "count": 1, "note": "山林・通勤・通学", "source": "岐阜県オープンデータ「クママップ」令和7年度分 (CC-BY 2.1 JP, https://gifu-opendata.pref.gifu.lg.jp/dataset/c11265-010)"}}, {"type": "Feature", "geometry": {"type": "Point", "coordinates": [136.9028554970205, 36.17109524822417]}, "properties": {"prefecture": "岐阜県", "city": "白川村", "place": "白川村", "date": "2025-08-27", "time": "17時~18時", "count": 1, "note": "その他・その他", "source": "岐阜県オープンデータ「クママップ」令和7年度分 (CC-BY 2.1 JP, https://gifu-opendata.pref.gifu.lg.jp/dataset/c11265-010)"}}, {"type": "Feature", "geometry": {"type": "Point", "coordinates": [136.90647774847943, 36.26405387987836]}, "properties": {"prefecture": "岐阜県", "city": "白川村", "place": "白川村", "date": "2025-08-30", "time": "11時~12時", "count": 1, "note": "その他・その他", "source": "岐阜県オープンデータ「クママップ」令和7年度分 (CC-BY 2.1 JP, https://gifu-opendata.pref.gifu.lg.jp/dataset/c11265-010)"}}, {"type": "Feature", "geometry": {"type": "Point", "coordinates": [136.90640157260805, 36.26437141577196]}, "properties": {"prefecture": "岐阜県", "city": "白川村", "place": "白川村", "date": "2025-09-01", "time": "11時~12時", "count": 1, "note": "山林・その他車移動", "source": "岐阜県オープンデータ「クママップ」令和7年度分 (CC-BY 2.1 JP, https://gifu-opendata.pref.gifu.lg.jp/dataset/c11265-010)"}}, {"type": "Feature", "geometry": {"type": "Point", "coordinates": [136.906301925861, 36.26421572788813]}, "properties": {"prefecture": "岐阜県", "city": "白川村", "place": "白川村", "date": "2025-10-03", "time": "10時~11時", "count": 1, "note": "山林・その他車移動", "source": "岐阜県オープンデータ「クママップ」令和7年度分 (CC-BY 2.1 JP, https://gifu-opendata.pref.gifu.lg.jp/dataset/c11265-010)"}}, {"type": "Feature", "geometry": {"type": "Point", "coordinates": [136.90611424450435, 36.26417814134408]}, "properties": {"prefecture": "岐阜県", "city": "白川村", "place": "白川村", "date": "2025-06-23", "time": "13時~14時", "count": 1, "note": "山林・その他車移動", "source": "岐阜県オープンデータ「クママップ」令和7年度分 (CC-BY 2.1 JP, https://gifu-opendata.pref.gifu.lg.jp/dataset/c11265-010)"}}, {"type": "Feature", "geometry": {"type": "Point", "coordinates": [136.90394308924002, 36.282734123077496]}, "properties": {"prefecture": "岐阜県", "city": "白川村", "place": "白川村", "date": "2025-07-08", "time": "17時~18時", "count": 1, "note": "その他・その他車移動", "source": "岐阜県オープンデータ「クママップ」令和7年度分 (CC-BY 2.1 JP, https://gifu-opendata.pref.gifu.lg.jp/dataset/c11265-010)"}}, {"type": "Feature", "geometry": {"type": "Point", "coordinates": [136.8988547167917, 36.190295469043846]}, "properties": {"prefecture": "岐阜県", "city": "白川村", "place": "白川村産業課", "date": "2025-07-11", "time": "14時~15時", "count": 1, "note": "その他・その他車移動", "source": "岐阜県オープンデータ「クママップ」令和7年度分 (CC-BY 2.1 JP, https://gifu-opendata.pref.gifu.lg.jp/dataset/c11265-010)"}}, {"type": "Feature", "geometry": {"type": "Point", "coordinates": [136.90523745828713, 36.28327378377305]}, "properties": {"prefecture": "岐阜県", "city": "白川村", "place": "白川村", "date": "2025-08-27", "time": "9時~10時", "count": 1, "note": "その他・通勤・通学", "source": "岐阜県オープンデータ「クママップ」令和7年度分 (CC-BY 2.1 JP, https://gifu-opendata.pref.gifu.lg.jp/dataset/c11265-010)"}}, {"type": "Feature", "geometry": {"type": "Point", "coordinates": [136.89681869116407, 36.254123729789654]}, "properties": {"prefecture": "岐阜県", "city": "白川村", "place": "白川村", "date": "2025-05-12", "time": "9時~10時", "count": 1, "note": "河川敷・その他車移動", "source": "岐阜県オープンデータ「クママップ」令和7年度分 (CC-BY 2.1 JP, https://gifu-opendata.pref.gifu.lg.jp/dataset/c11265-010)"}}, {"type": "Feature", "geometry": {"type": "Point", "coordinates": [137.29495566604675, 35.93118417535237]}, "properties": {"prefecture": "岐阜県", "city": "下呂市", "place": "小坂町赤沼田　地内", "date": "2025-10-16", "time": "13時~14時", "count": 1, "note": "河川敷・その他", "source": "岐阜県オープンデータ「クママップ」令和7年度分 (CC-BY 2.1 JP, https://gifu-opendata.pref.gifu.lg.jp/dataset/c11265-010)"}}, {"type": "Feature", "geometry": {"type": "Point", "coordinates": [137.30738933986447, 35.924087449945326]}, "properties": {"prefecture": "岐阜県", "city": "下呂市", "place": "小坂町湯屋　地内", "date": "2025-10-16", "time": "15時~16時", "count": 1, "note": "国・県・市道・その他車移動", "source": "岐阜県オープンデータ「クママップ」令和7年度分 (CC-BY 2.1 JP, https://gifu-opendata.pref.gifu.lg.jp/dataset/c11265-010)"}}, {"type": "Feature", "geometry": {"type": "Point", "coordinates": [136.90798153310953, 36.26354256643963]}, "properties": {"prefecture": "岐阜県", "city": "白川村", "place": "白川村", "date": "2025-04-28", "time": "9時~10時", "count": 1, "note": "山林・その他車移動", "source": "岐阜県オープンデータ「クママップ」令和7年度分 (CC-BY 2.1 JP, https://gifu-opendata.pref.gifu.lg.jp/dataset/c11265-010)"}}, {"type": "Feature", "geometry": {"type": "Point", "coordinates": [136.90915572284567, 36.261828158806935]}, "properties": {"prefecture": "岐阜県", "city": "白川村", "place": "白川村", "date": "2025-04-29", "time": "9時~10時", "count": 1, "note": "国・県・市道・散歩", "source": "岐阜県オープンデータ「クママップ」令和7年度分 (CC-BY 2.1 JP, https://gifu-opendata.pref.gifu.lg.jp/dataset/c11265-010)"}}, {"type": "Feature", "geometry": {"type": "Point", "coordinates": [136.9074978562537, 36.262145659694276]}, "properties": {"prefecture": "岐阜県", "city": "白川村", "place": "白川村", "date": "2025-05-08", "time": "11時~12時", "count": 1, "note": "国・県・市道・その他車移動", "source": "岐阜県オープンデータ「クママップ」令和7年度分 (CC-BY 2.1 JP, https://gifu-opendata.pref.gifu.lg.jp/dataset/c11265-010)"}}, {"type": "Feature", "geometry": {"type": "Point", "coordinates": [136.90897658205878, 36.26046233111841]}, "properties": {"prefecture": "岐阜県", "city": "白川村", "place": "白川村", "date": "2025-05-26", "time": "13時~14時", "count": 1, "note": "その他・散歩", "source": "岐阜県オープンデータ「クママップ」令和7年度分 (CC-BY 2.1 JP, https://gifu-opendata.pref.gifu.lg.jp/dataset/c11265-010)"}}, {"type": "Feature", "geometry": {"type": "Point", "coordinates": [136.90883925642058, 36.14674622065714]}, "properties": {"prefecture": "岐阜県", "city": "白川村", "place": "白川村", "date": "2025-06-06", "time": "16時~17時", "count": 1, "note": "山林・その他", "source": "岐阜県オープンデータ「クママップ」令和7年度分 (CC-BY 2.1 JP, https://gifu-opendata.pref.gifu.lg.jp/dataset/c11265-010)"}}, {"type": "Feature", "geometry": {"type": "Point", "coordinates": [136.9035649093764, 36.17190628475805]}, "properties": {"prefecture": "岐阜県", "city": "白川村", "place": "白川村", "date": "2025-07-13", "time": "9時~10時", "count": 1, "note": "その他・通勤・通学", "source": "岐阜県オープンデータ「クママップ」令和7年度分 (CC-BY 2.1 JP, https://gifu-opendata.pref.gifu.lg.jp/dataset/c11265-010)"}}, {"type": "Feature", "geometry": {"type": "Point", "coordinates": [136.90572799309916, 36.170770880056246]}, "properties": {"prefecture": "岐阜県", "city": "白川村", "place": "白川村", "date": "2025-07-14", "time": "11時~12時", "count": 1, "note": "その他・散歩", "source": "岐阜県オープンデータ「クママップ」令和7年度分 (CC-BY 2.1 JP, https://gifu-opendata.pref.gifu.lg.jp/dataset/c11265-010)"}}, {"type": "Feature", "geometry": {"type": "Point", "coordinates": [136.90195124332388, 36.17409963419481]}, "properties": {"prefecture": "岐阜県", "city": "白川村", "place": "白川村", "date": "2025-07-20", "time": "10時~11時", "count": 1, "note": "その他・その他", "source": "岐阜県オープンデータ「クママップ」令和7年度分 (CC-BY 2.1 JP, https://gifu-opendata.pref.gifu.lg.jp/dataset/c11265-010)"}}, {"type": "Feature", "geometry": {"type": "Point", "coordinates": [136.90468089015943, 36.176439991359715]}, "properties": {"prefecture": "岐阜県", "city": "白川村", "place": "白川村", "date": "2025-08-26", "time": "7時~8時", "count": 1, "note": "その他・その他", "source": "岐阜県オープンデータ「クママップ」令和7年度分 (CC-BY 2.1 JP, https://gifu-opendata.pref.gifu.lg.jp/dataset/c11265-010)"}}, {"type": "Feature", "geometry": {"type": "Point", "coordinates": [136.90791575123012, 36.265139381655885]}, "properties": {"prefecture": "岐阜県", "city": "白川村", "place": "白川村", "date": "2025-08-29", "time": "9時~10時", "count": 1, "note": "その他・その他車移動", "source": "岐阜県オープンデータ「クママップ」令和7年度分 (CC-BY 2.1 JP, https://gifu-opendata.pref.gifu.lg.jp/dataset/c11265-010)"}}, {"type": "Feature", "geometry": {"type": "Point", "coordinates": [136.9059815086876, 36.175826007009626]}, "properties": {"prefecture": "岐阜県", "city": "白川村", "place": "白川村", "date": "2025-09-18", "time": "11時~12時", "count": 1, "note": "山林・通勤・通学", "source": "岐阜県オープンデータ「クママップ」令和7年度分 (CC-BY 2.1 JP, https://gifu-opendata.pref.gifu.lg.jp/dataset/c11265-010)"}}, {"type": "Feature", "geometry": {"type": "Point", "coordinates": [137.3477311086839, 35.660057294772784]}, "properties": {"prefecture": "岐阜県", "city": "東白川村", "place": "東白川村", "date": "2025-10-17", "time": "6時~7時", "count": 1, "note": "農地・自宅", "source": "岐阜県オープンデータ「クママップ」令和7年度分 (CC-BY 2.1 JP, https://gifu-opendata.pref.gifu.lg.jp/dataset/c11265-010)"}}, {"type": "Feature", "geometry": {"type": "Point", "coordinates": [136.90901880850373, 36.26010021937937]}, "properties": {"prefecture": "岐阜県", "city": "白川村", "place": "白川村", "date": "2025-10-11", "time": "7時~8時", "count": 1, "note": "その他・その他車移動", "source": "岐阜県オープンデータ「クママップ」令和7年度分 (CC-BY 2.1 JP, https://gifu-opendata.pref.gifu.lg.jp/dataset/c11265-010)"}}, {"type": "Feature", "geometry": {"type": "Point", "coordinates": [136.88255666184827, 36.34037828272748]}, "properties": {"prefecture": "岐阜県", "city": "白川村", "place": "白川村", "date": "2025-10-14", "time": "14時~15時", "count": 1, "note": "国・県・市道・その他車移動", "source": "岐阜県オープンデータ「クママップ」令和7年度分 (CC-BY 2.1 JP, https://gifu-opendata.pref.gifu.lg.jp/dataset/c11265-010)"}}, {"type": "Feature", "geometry": {"type": "Point", "coordinates": [136.91089760860007, 36.148325091237496]}, "properties": {"prefecture": "岐阜県", "city": "白川村", "place": "白川村", "date": "2025-10-17", "time": "10時~11時", "count": 1, "note": "国・県・市道・その他車移動", "source": "岐阜県オープンデータ「クママップ」令和7年度分 (CC-BY 2.1 JP, https://gifu-opendata.pref.gifu.lg.jp/dataset/c11265-010)"}}, {"type": "Feature", "geometry": {"type": "Point", "coordinates": [136.9009722489018, 36.17411380214781]}, "properties": {"prefecture": "岐阜県", "city": "白川村", "place": "白川村", "date": "2025-10-16", "time": "21時~22時", "count": 1, "note": "国・県・市道・その他車移動", "source": "岐阜県オープンデータ「クママップ」令和7年度分 (CC-BY 2.1 JP, https://gifu-opendata.pref.gifu.lg.jp/dataset/c11265-010)"}}, {"type": "Feature", "geometry": {"type": "Point", "coordinates": [137.43621515026555, 35.55616211712485]}, "properties": {"prefecture": "岐阜県", "city": "中津川市", "place": "福岡", "date": "2025-10-09", "time": "17時~18時", "count": 1, "note": "山林・通勤・通学", "source": "岐阜県オープンデータ「クママップ」令和7年度分 (CC-BY 2.1 JP, https://gifu-opendata.pref.gifu.lg.jp/dataset/c11265-010)"}}, {"type": "Feature", "geometry": {"type": "Point", "coordinates": [137.45579086395165, 35.56978290140737]}, "properties": {"prefecture": "岐阜県", "city": "中津川市", "place": "福岡", "date": "2025-10-17", "time": "7時~8時", "count": 1, "note": "国・県・市道・散歩", "source": "岐阜県オープンデータ「クママップ」令和7年度分 (CC-BY 2.1 JP, https://gifu-opendata.pref.gifu.lg.jp/dataset/c11265-010)"}}, {"type": "Feature", "geometry": {"type": "Point", "coordinates": [137.3246964309087, 35.44999890172547]}, "properties": {"prefecture": "岐阜県", "city": "恵那市", "place": "武並町藤", "date": "2025-10-15", "time": "3時~4時", "count": 1, "note": "その他・散歩", "source": "岐阜県オープンデータ「クママップ」令和7年度分 (CC-BY 2.1 JP, https://gifu-opendata.pref.gifu.lg.jp/dataset/c11265-010)"}}, {"type": "Feature", "geometry": {"type": "Point", "coordinates": [137.36680600063687, 36.174891955708084]}, "properties": {"prefecture": "岐阜県", "city": "高山市", "place": "丹生川町小野", "date": "2025-10-02", "time": "4時~5時", "count": 2, "note": "住宅地・自宅", "source": "岐阜県オープンデータ「クママップ」令和7年度分 (CC-BY 2.1 JP, https://gifu-opendata.pref.gifu.lg.jp/dataset/c11265-010)"}}, {"type": "Feature", "geometry": {"type": "Point", "coordinates": [136.9372190622662, 36.02272413667149]}, "properties": {"prefecture": "岐阜県", "city": "高山市", "place": "荘川町野々俣", "date": "2025-10-02", "time": "14時~15時", "count": 2, "note": "住宅地・自宅", "source": "岐阜県オープンデータ「クママップ」令和7年度分 (CC-BY 2.1 JP, https://gifu-opendata.pref.gifu.lg.jp/dataset/c11265-010)"}}, {"type": "Feature", "geometry": {"type": "Point", "coordinates": [137.26046999968278, 36.180858386010144]}, "properties": {"prefecture": "岐阜県", "city": "高山市", "place": "丹生川町折敷地", "date": "2025-10-02", "time": "18時~19時", "count": 1, "note": "国・県・市道・その他車移動", "source": "岐阜県オープンデータ「クママップ」令和7年度分 (CC-BY 2.1 JP, https://gifu-opendata.pref.gifu.lg.jp/dataset/c11265-010)"}}, {"type": "Feature", "geometry": {"type": "Point", "coordinates": [137.37075391279572, 36.295330996142816]}, "properties": {"prefecture": "岐阜県", "city": "高山市", "place": "上宝町中山", "date": "2025-10-02", "time": "19時~20時", "count": 3, "note": "国・県・市道・その他車移動", "source": "岐阜県オープンデータ「クママップ」令和7年度分 (CC-BY 2.1 JP, https://gifu-opendata.pref.gifu.lg.jp/dataset/c11265-010)"}}, {"type": "Feature", "geometry": {"type": "Point", "coordinates": [136.8825486549611, 36.217417964447144]}, "properties": {"prefecture": "岐阜県", "city": "高山市", "place": "荘川町保木脇", "date": "2025-10-02", "time": "22時~23時", "count": 1, "note": "その他・その他", "source": "岐阜県オープンデータ「クママップ」令和7年度分 (CC-BY 2.1 JP, https://gifu-opendata.pref.gifu.lg.jp/dataset/c11265-010)"}}, {"type": "Feature", "geometry": {"type": "Point", "coordinates": [136.94741155700135, 36.04868985256]}, "properties": {"prefecture": "岐阜県", "city": "高山市", "place": "荘川町牧戸", "date": "2025-10-03", "time": "6時~7時", "count": 3, "note": "河川敷・その他", "source": "岐阜県オープンデータ「クママップ」令和7年度分 (CC-BY 2.1 JP, https://gifu-opendata.pref.gifu.lg.jp/dataset/c11265-010)"}}, {"type": "Feature", "geometry": {"type": "Point", "coordinates": [137.41936690392214, 36.17558400507008]}, "properties": {"prefecture": "岐阜県", "city": "高山市", "place": "丹生川町日面", "date": "2025-10-03", "time": "7時~8時", "count": 1, "note": "国・県・市道・その他車移動", "source": "岐阜県オープンデータ「クママップ」令和7年度分 (CC-BY 2.1 JP, https://gifu-opendata.pref.gifu.lg.jp/dataset/c11265-010)"}}, {"type": "Feature", "geometry": {"type": "Point", "coordinates": [136.94158119760456, 36.03650284162777]}, "properties": {"prefecture": "岐阜県", "city": "高山市", "place": "荘川町野々俣", "date": "2025-10-03", "time": "7時~8時", "count": 2, "note": "住宅地・自宅", "source": "岐阜県オープンデータ「クママップ」令和7年度分 (CC-BY 2.1 JP, https://gifu-opendata.pref.gifu.lg.jp/dataset/c11265-010)"}}, {"type": "Feature", "geometry": {"type": "Point", "coordinates": [137.22808812666162, 36.22253039818711]}, "properties": {"prefecture": "岐阜県", "city": "高山市", "place": "国府町半田", "date": "2025-10-03", "time": "7時~8時", "count": 1, "note": "国・県・市道・通勤・通学", "source": "岐阜県オープンデータ「クママップ」令和7年度分 (CC-BY 2.1 JP, https://gifu-opendata.pref.gifu.lg.jp/dataset/c11265-010)"}}, {"type": "Feature", "geometry": {"type": "Point", "coordinates": [137.35182268948336, 36.0938174549603]}, "properties": {"prefecture": "岐阜県", "city": "高山市", "place": "朝日町立石", "date": "2025-10-03", "time": "6時~7時", "count": 1, "note": "山林・その他車移動", "source": "岐阜県オープンデータ「クママップ」令和7年度分 (CC-BY 2.1 JP, https://gifu-opendata.pref.gifu.lg.jp/dataset/c11265-010)"}}, {"type": "Feature", "geometry": {"type": "Point", "coordinates": [137.3393854255859, 36.29816762553902]}, "properties": {"prefecture": "岐阜県", "city": "高山市", "place": "上宝町吉野", "date": "2025-10-03", "time": "9時~10時", "count": 1, "note": "国・県・市道・その他車移動", "source": "岐阜県オープンデータ「クママップ」令和7年度分 (CC-BY 2.1 JP, https://gifu-opendata.pref.gifu.lg.jp/dataset/c11265-010)"}}, {"type": "Feature", "geometry": {"type": "Point", "coordinates": [137.2880144824214, 36.17830043001662]}, "properties": {"prefecture": "岐阜県", "city": "飛騨市", "place": "丹生川町細越", "date": "2025-10-02", "time": "21時~22時", "count": 2, "note": "住宅地・自宅", "source": "岐阜県オープンデータ「クママップ」令和7年度分 (CC-BY 2.1 JP, https://gifu-opendata.pref.gifu.lg.jp/dataset/c11265-010)"}}, {"type": "Feature", "geometry": {"type": "Point", "coordinates": [137.35135999863076, 35.993839707045126]}, "properties": {"prefecture": "岐阜県", "city": "高山市", "place": "朝日町西洞", "date": "2025-10-03", "time": "9時~10時", "count": 1, "note": "その他・その他", "source": "岐阜県オープンデータ「クママップ」令和7年度分 (CC-BY 2.1 JP, https://gifu-opendata.pref.gifu.lg.jp/dataset/c11265-010)"}}, {"type": "Feature", "geometry": {"type": "Point", "coordinates": [136.96141218631058, 36.0283296802439]}, "properties": {"prefecture": "岐阜県", "city": "高山市", "place": "荘川町新渕", "date": "2025-10-03", "time": "16時~17時", "count": 1, "note": "住宅地・自宅", "source": "岐阜県オープンデータ「クママップ」令和7年度分 (CC-BY 2.1 JP, https://gifu-opendata.pref.gifu.lg.jp/dataset/c11265-010)"}}, {"type": "Feature", "geometry": {"type": "Point", "coordinates": [137.26011601659982, 36.22094818747687]}, "properties": {"prefecture": "岐阜県", "city": "高山市", "place": "国府町宮地", "date": "2025-10-03", "time": "17時~18時", "count": 1, "note": "住宅地・自宅", "source": "岐阜県オープンデータ「クママップ」令和7年度分 (CC-BY 2.1 JP, https://gifu-opendata.pref.gifu.lg.jp/dataset/c11265-010)"}}, {"type": "Feature", "geometry": {"type": "Point", "coordinates": [137.3894252829934, 36.01912471340571]}, "properties": {"prefecture": "岐阜県", "city": "高山市", "place": "朝日町一之宿", "date": "2025-10-03", "time": "18時~19時", "count": 1, "note": "住宅地・自宅", "source": "岐阜県オープンデータ「クママップ」令和7年度分 (CC-BY 2.1 JP, https://gifu-opendata.pref.gifu.lg.jp/dataset/c11265-010)"}}, {"type": "Feature", "geometry": {"type": "Point", "coordinates": [137.29083148540977, 36.18019026372452]}, "properties": {"prefecture": "岐阜県", "city": "高山市", "place": "丹生川町細超", "date": "2025-10-03", "time": "18時~19時", "count": 2, "note": "国・県・市道・その他車移動", "source": "岐阜県オープンデータ「クママップ」令和7年度分 (CC-BY 2.1 JP, https://gifu-opendata.pref.gifu.lg.jp/dataset/c11265-010)"}}, {"type": "Feature", "geometry": {"type": "Point", "coordinates": [137.360153963853, 36.286883924664934]}, "properties": {"prefecture": "岐阜県", "city": "高山市", "place": "上宝町本郷", "date": "2025-10-05", "time": "8時~9時", "count": 1, "note": "住宅地・散歩", "source": "岐阜県オープンデータ「クママップ」令和7年度分 (CC-BY 2.1 JP, https://gifu-opendata.pref.gifu.lg.jp/dataset/c11265-010)"}}, {"type": "Feature", "geometry": {"type": "Point", "coordinates": [137.37474253632374, 36.177242073766685]}, "properties": {"prefecture": "岐阜県", "city": "高山市", "place": "丹生川町根方", "date": "2025-10-05", "time": "9時~10時", "count": 1, "note": "住宅地・自宅", "source": "岐阜県オープンデータ「クママップ」令和7年度分 (CC-BY 2.1 JP, https://gifu-opendata.pref.gifu.lg.jp/dataset/c11265-010)"}}, {"type": "Feature", "geometry": {"type": "Point", "coordinates": [136.95134579618647, 36.04599923530169]}, "properties": {"prefecture": "岐阜県", "city": "高山市", "place": "荘川町中畑", "date": "2025-10-06", "time": "9時~10時", "count": 2, "note": "住宅地・自宅", "source": "岐阜県オープンデータ「クママップ」令和7年度分 (CC-BY 2.1 JP, https://gifu-opendata.pref.gifu.lg.jp/dataset/c11265-010)"}}, {"type": "Feature", "geometry": {"type": "Point", "coordinates": [137.38181753582808, 36.078939697116915]}, "properties": {"prefecture": "岐阜県", "city": "高山市", "place": "朝日町黒川", "date": "2025-10-06", "time": "14時~15時", "count": 1, "note": "河川敷・その他", "source": "岐阜県オープンデータ「クママップ」令和7年度分 (CC-BY 2.1 JP, https://gifu-opendata.pref.gifu.lg.jp/dataset/c11265-010)"}}, {"type": "Feature", "geometry": {"type": "Point", "coordinates": [137.5636712976296, 36.26268519829418]}, "properties": {"prefecture": "岐阜県", "city": "高山市", "place": "奥飛騨温泉郷中尾", "date": "2025-10-06", "time": "20時~21時", "count": 1, "note": "国・県・市道・その他車移動", "source": "岐阜県オープンデータ「クママップ」令和7年度分 (CC-BY 2.1 JP, https://gifu-opendata.pref.gifu.lg.jp/dataset/c11265-010)"}}, {"type": "Feature", "geometry": {"type": "Point", "coordinates": [136.95141921986854, 36.04578248818897]}, "properties": {"prefecture": "岐阜県", "city": "高山市", "place": "荘川町中畑", "date": "2025-10-07", "time": "8時~9時", "count": 2, "note": "住宅地・その他", "source": "岐阜県オープンデータ「クママップ」令和7年度分 (CC-BY 2.1 JP, https://gifu-opendata.pref.gifu.lg.jp/dataset/c11265-010)"}}, {"type": "Feature", "geometry": {"type": "Point", "coordinates": [137.35328443681718, 36.172140056735785]}, "properties": {"prefecture": "岐阜県", "city": "高山市", "place": "丹生川町大谷", "date": "2025-10-07", "time": "6時~7時", "count": 3, "note": "住宅地・自宅", "source": "岐阜県オープンデータ「クママップ」令和7年度分 (CC-BY 2.1 JP, https://gifu-opendata.pref.gifu.lg.jp/dataset/c11265-010)"}}, {"type": "Feature", "geometry": {"type": "Point", "coordinates": [137.28443718796748, 36.15158782608411]}, "properties": {"prefecture": "岐阜県", "city": "高山市", "place": "高山市松之木町", "date": "2025-10-07", "time": "10時~11時", "count": 1, "note": "国・県・市道・その他車移動", "source": "岐阜県オープンデータ「クママップ」令和7年度分 (CC-BY 2.1 JP, https://gifu-opendata.pref.gifu.lg.jp/dataset/c11265-010)"}}, {"type": "Feature", "geometry": {"type": "Point", "coordinates": [137.32769804254485, 36.09144299074613]}, "properties": {"prefecture": "岐阜県", "city": "高山市", "place": "朝日町甲", "date": "2025-10-07", "time": "16時~17時", "count": 1, "note": "住宅地・自宅", "source": "岐阜県オープンデータ「クママップ」令和7年度分 (CC-BY 2.1 JP, https://gifu-opendata.pref.gifu.lg.jp/dataset/c11265-010)"}}, {"type": "Feature", "geometry": {"type": "Point", "coordinates": [137.23290230774424, 36.138975393103365]}, "properties": {"prefecture": "岐阜県", "city": "高山市", "place": "高山市緑ヶ丘町", "date": "2025-10-08", "time": "6時~7時", "count": 1, "note": "住宅地・散歩", "source": "岐阜県オープンデータ「クママップ」令和7年度分 (CC-BY 2.1 JP, https://gifu-opendata.pref.gifu.lg.jp/dataset/c11265-010)"}}, {"type": "Feature", "geometry": {"type": "Point", "coordinates": [136.9292664161641, 35.572770703430855]}, "properties": {"prefecture": "岐阜県", "city": "美濃市", "place": "美濃市", "date": "2025-10-18", "time": "16時~17時", "count": 2, "note": "国・県・市道・その他車移動", "source": "岐阜県オープンデータ「クママップ」令和7年度分 (CC-BY 2.1 JP, https://gifu-opendata.pref.gifu.lg.jp/dataset/c11265-010)"}}, {"type": "Feature", "geometry": {"type": "Point", "coordinates": [137.40481824036442, 36.27018146515137]}, "properties": {"prefecture": "岐阜県", "city": "高山市", "place": "上宝町長倉", "date": "2025-10-08", "time": "8時~9時", "count": 2, "note": "住宅地・自宅", "source": "岐阜県オープンデータ「クママップ」令和7年度分 (CC-BY 2.1 JP, https://gifu-opendata.pref.gifu.lg.jp/dataset/c11265-010)"}}, {"type": "Feature", "geometry": {"type": "Point", "coordinates": [137.2281207945243, 36.13265980501519]}, "properties": {"prefecture": "岐阜県", "city": "高山市", "place": "高山市上岡本町", "date": "2025-10-08", "time": "9時~10時", "count": 1, "note": "国・県・市道・その他車移動", "source": "岐阜県オープンデータ「クママップ」令和7年度分 (CC-BY 2.1 JP, https://gifu-opendata.pref.gifu.lg.jp/dataset/c11265-010)"}}, {"type": "Feature", "geometry": {"type": "Point", "coordinates": [136.95000916568176, 36.04724965428379]}, "properties": {"prefecture": "岐阜県", "city": "高山市", "place": "荘川町牧戸", "date": "2025-10-08", "time": "11時~12時", "count": 2, "note": "河川敷・その他", "source": "岐阜県オープンデータ「クママップ」令和7年度分 (CC-BY 2.1 JP, https://gifu-opendata.pref.gifu.lg.jp/dataset/c11265-010)"}}, {"type": "Feature", "geometry": {"type": "Point", "coordinates": [137.351444566595, 36.20817325640944]}, "properties": {"prefecture": "岐阜県", "city": "高山市", "place": "丹生川町折敷地", "date": "2025-10-08", "time": "16時~17時", "count": 1, "note": "農地・その他車移動", "source": "岐阜県オープンデータ「クママップ」令和7年度分 (CC-BY 2.1 JP, https://gifu-opendata.pref.gifu.lg.jp/dataset/c11265-010)"}}, {"type": "Feature", "geometry": {"type": "Point", "coordinates": [137.2256701727051, 36.23269984919799]}, "properties": {"prefecture": "岐阜県", "city": "高山市", "place": "国府町桐谷", "date": "2025-10-08", "time": "15時~16時", "count": 1, "note": "住宅地・自宅", "source": "岐阜県オープンデータ「クママップ」令和7年度分 (CC-BY 2.1 JP, https://gifu-opendata.pref.gifu.lg.jp/dataset/c11265-010)"}}, {"type": "Feature", "geometry": {"type": "Point", "coordinates": [137.03441086911027, 36.062658765254554]}, "properties": {"prefecture": "岐阜県", "city": "高山市", "place": "荘川町六厩", "date": "2025-10-08", "time": "17時~18時", "count": 1, "note": "農地・自宅", "source": "岐阜県オープンデータ「クママップ」令和7年度分 (CC-BY 2.1 JP, https://gifu-opendata.pref.gifu.lg.jp/dataset/c11265-010)"}}, {"type": "Feature", "geometry": {"type": "Point", "coordinates": [137.21340091944725, 36.19652123472551]}, "properties": {"prefecture": "岐阜県", "city": "高山市", "place": "国府町瓜巣", "date": "2025-10-08", "time": "16時~17時", "count": 2, "note": "住宅地・自宅", "source": "岐阜県オープンデータ「クママップ」令和7年度分 (CC-BY 2.1 JP, https://gifu-opendata.pref.gifu.lg.jp/dataset/c11265-010)"}}, {"type": "Feature", "geometry": {"type": "Point", "coordinates": [137.22809611862849, 36.13842027277197]}, "properties": {"prefecture": "岐阜県", "city": "高山市", "place": "高山市山田町", "date": "2025-10-08", "time": "17時~18時", "count": 1, "note": "住宅地・その他車移動", "source": "岐阜県オープンデータ「クママップ」令和7年度分 (CC-BY 2.1 JP, https://gifu-opendata.pref.gifu.lg.jp/dataset/c11265-010)"}}, {"type": "Feature", "geometry": {"type": "Point", "coordinates": [137.30535358476882, 36.180592860583275]}, "properties": {"prefecture": "岐阜県", "city": "高山市", "place": "丹生川用桐山", "date": "2025-10-08", "time": "18時~19時", "count": 1, "note": "住宅地・自宅", "source": "岐阜県オープンデータ「クママップ」令和7年度分 (CC-BY 2.1 JP, https://gifu-opendata.pref.gifu.lg.jp/dataset/c11265-010)"}}, {"type": "Feature", "geometry": {"type": "Point", "coordinates": [137.28784018415192, 36.15354194223949]}, "properties": {"prefecture": "岐阜県", "city": "高山市", "place": "高山市松之木町", "date": "2025-10-08", "time": "9時~10時", "count": 1, "note": "国・県・市道・その他車移動", "source": "岐阜県オープンデータ「クママップ」令和7年度分 (CC-BY 2.1 JP, https://gifu-opendata.pref.gifu.lg.jp/dataset/c11265-010)"}}, {"type": "Feature", "geometry": {"type": "Point", "coordinates": [136.95277872472067, 36.04452026274484]}, "properties": {"prefecture": "岐阜県", "city": "高山市", "place": "荘川町中畑", "date": "2025-10-09", "time": "8時~9時", "count": 2, "note": "住宅地・自宅", "source": "岐阜県オープンデータ「クママップ」令和7年度分 (CC-BY 2.1 JP, https://gifu-opendata.pref.gifu.lg.jp/dataset/c11265-010)"}}, {"type": "Feature", "geometry": {"type": "Point", "coordinates": [137.4305834211904, 36.26409218507787]}, "properties": {"prefecture": "岐阜県", "city": "高山市", "place": "上宝町葛山", "date": "2025-10-09", "time": "4時~5時", "count": 2, "note": "国・県・市道・その他車移動", "source": "岐阜県オープンデータ「クママップ」令和7年度分 (CC-BY 2.1 JP, https://gifu-opendata.pref.gifu.lg.jp/dataset/c11265-010)"}}, {"type": "Feature", "geometry": {"type": "Point", "coordinates": [137.38937971989387, 36.18030267443345]}, "properties": {"prefecture": "岐阜県", "city": "高山市", "place": "丹生川町根方", "date": "2025-10-09", "time": "9時~10時", "count": 1, "note": "国・県・市道・その他車移動", "source": "岐阜県オープンデータ「クママップ」令和7年度分 (CC-BY 2.1 JP, https://gifu-opendata.pref.gifu.lg.jp/dataset/c11265-010)"}}, {"type": "Feature", "geometry": {"type": "Point", "coordinates": [137.38535340038493, 36.1753952220854]}, "properties": {"prefecture": "岐阜県", "city": "高山市", "place": "丹生川町根方", "date": "2025-10-09", "time": "11時~12時", "count": 1, "note": "住宅地・自宅", "source": "岐阜県オープンデータ「クママップ」令和7年度分 (CC-BY 2.1 JP, https://gifu-opendata.pref.gifu.lg.jp/dataset/c11265-010)"}}, {"type": "Feature", "geometry": {"type": "Point", "coordinates": [137.3582742215669, 36.212639678916105]}, "properties": {"prefecture": "岐阜県", "city": "高山市", "place": "丹生川町折敷地", "date": "2025-10-09", "time": "14時~15時", "count": 1, "note": "農地・農作業", "source": "岐阜県オープンデータ「クママップ」令和7年度分 (CC-BY 2.1 JP, https://gifu-opendata.pref.gifu.lg.jp/dataset/c11265-010)"}}, {"type": "Feature", "geometry": {"type": "Point", "coordinates": [137.3484200632049, 36.17621182203489]}, "properties": {"prefecture": "岐阜県", "city": "高山市", "place": "丹生川町法力", "date": "2025-10-09", "time": "17時~18時", "count": 1, "note": "国・県・市道・その他車移動", "source": "岐阜県オープンデータ「クママップ」令和7年度分 (CC-BY 2.1 JP, https://gifu-opendata.pref.gifu.lg.jp/dataset/c11265-010)"}}, {"type": "Feature", "geometry": {"type": "Point", "coordinates": [137.2100115182426, 36.194041133943024]}, "properties": {"prefecture": "岐阜県", "city": "高山市", "place": "国府町瓜巣", "date": "2025-10-09", "time": "17時~18時", "count": 1, "note": "住宅地・自宅", "source": "岐阜県オープンデータ「クママップ」令和7年度分 (CC-BY 2.1 JP, https://gifu-opendata.pref.gifu.lg.jp/dataset/c11265-010)"}}, {"type": "Feature", "geometry": {"type": "Point", "coordinates": [137.35164843651896, 36.138203051017506]}, "properties": {"prefecture": "岐阜県", "city": "高山市", "place": "高山市岩井町", "date": "2025-10-09", "time": "18時~19時", "count": 2, "note": "住宅地・その他車移動", "source": "岐阜県オープンデータ「クママップ」令和7年度分 (CC-BY 2.1 JP, https://gifu-opendata.pref.gifu.lg.jp/dataset/c11265-010)"}}, {"type": "Feature", "geometry": {"type": "Point", "coordinates": [137.33291624601304, 36.1863936438466]}, "properties": {"prefecture": "岐阜県", "city": "高山市", "place": "丹生川町大萱", "date": "2025-10-10", "time": "19時~20時", "count": 1, "note": "住宅地・その他車移動", "source": "岐阜県オープンデータ「クママップ」令和7年度分 (CC-BY 2.1 JP, https://gifu-opendata.pref.gifu.lg.jp/dataset/c11265-010)"}}, {"type": "Feature", "geometry": {"type": "Point", "coordinates": [137.35836356359084, 36.211934839356154]}, "properties": {"prefecture": "岐阜県", "city": "高山市", "place": "丹生川町折敷地", "date": "2025-10-10", "time": "6時~7時", "count": 1, "note": "農地・その他車移動", "source": "岐阜県オープンデータ「クママップ」令和7年度分 (CC-BY 2.1 JP, https://gifu-opendata.pref.gifu.lg.jp/dataset/c11265-010)"}}, {"type": "Feature", "geometry": {"type": "Point", "coordinates": [137.38897399173203, 36.180322581011815]}, "properties": {"prefecture": "岐阜県", "city": "高山市", "place": "丹生川町根方", "date": "2025-10-10", "time": "8時~9時", "count": 1, "note": "国・県・市道・その他車移動", "source": "岐阜県オープンデータ「クママップ」令和7年度分 (CC-BY 2.1 JP, https://gifu-opendata.pref.gifu.lg.jp/dataset/c11265-010)"}}, {"type": "Feature", "geometry": {"type": "Point", "coordinates": [137.33102592238984, 36.190944410754106]}, "properties": {"prefecture": "岐阜県", "city": "高山市", "place": "丹生川町大萱", "date": "2025-10-10", "time": "15時~16時", "count": 1, "note": "国・県・市道・その他車移動", "source": "岐阜県オープンデータ「クママップ」令和7年度分 (CC-BY 2.1 JP, https://gifu-opendata.pref.gifu.lg.jp/dataset/c11265-010)"}}, {"type": "Feature", "geometry": {"type": "Point", "coordinates": [137.2524247423292, 36.08797665962126]}, "properties": {"prefecture": "岐阜県", "city": "高山市", "place": "一之宮町", "date": "2025-10-10", "time": "18時~19時", "count": 1, "note": "住宅地・その他", "source": "岐阜県オープンデータ「クママップ」令和7年度分 (CC-BY 2.1 JP, https://gifu-opendata.pref.gifu.lg.jp/dataset/c11265-010)"}}, {"type": "Feature", "geometry": {"type": "Point", "coordinates": [137.3578264764342, 36.21117523440727]}, "properties": {"prefecture": "岐阜県", "city": "高山市", "place": "丹生川町折敷地", "date": "2025-10-11", "time": "6時~7時", "count": 1, "note": "住宅地・自宅", "source": "岐阜県オープンデータ「クママップ」令和7年度分 (CC-BY 2.1 JP, https://gifu-opendata.pref.gifu.lg.jp/dataset/c11265-010)"}}, {"type": "Feature", "geometry": {"type": "Point", "coordinates": [136.96142998201233, 36.00542042015073]}, "properties": {"prefecture": "岐阜県", "city": "高山市", "place": "荘川町惣範則", "date": "2025-10-11", "time": "11時~12時", "count": 2, "note": "その他・その他", "source": "岐阜県オープンデータ「クママップ」令和7年度分 (CC-BY 2.1 JP, https://gifu-opendata.pref.gifu.lg.jp/dataset/c11265-010)"}}, {"type": "Feature", "geometry": {"type": "Point", "coordinates": [137.2907995369809, 36.17931829259142]}, "properties": {"prefecture": "岐阜県", "city": "高山市", "place": "丹生川町細越", "date": "2025-10-11", "time": "19時~20時", "count": 1, "note": "住宅地・その他車移動", "source": "岐阜県オープンデータ「クママップ」令和7年度分 (CC-BY 2.1 JP, https://gifu-opendata.pref.gifu.lg.jp/dataset/c11265-010)"}}, {"type": "Feature", "geometry": {"type": "Point", "coordinates": [137.30818471735742, 36.175767049466515]}, "properties": {"prefecture": "岐阜県", "city": "高山市", "place": "丹生川町細越", "date": "2025-10-12", "time": "7時~8時", "count": 1, "note": "農地・その他車移動", "source": "岐阜県オープンデータ「クママップ」令和7年度分 (CC-BY 2.1 JP, https://gifu-opendata.pref.gifu.lg.jp/dataset/c11265-010)"}}, {"type": "Feature", "geometry": {"type": "Point", "coordinates": [137.0619292187848, 36.169246809855935]}, "properties": {"prefecture": "岐阜県", "city": "高山市", "place": "清見町池本", "date": "2025-10-12", "time": "13時~14時", "count": 1, "note": "住宅地・その他車移動", "source": "岐阜県オープンデータ「クママップ」令和7年度分 (CC-BY 2.1 JP, https://gifu-opendata.pref.gifu.lg.jp/dataset/c11265-010)"}}, {"type": "Feature", "geometry": {"type": "Point", "coordinates": [137.35278875007572, 36.293757162393206]}, "properties": {"prefecture": "岐阜県", "city": "高山市", "place": "上宝町吉野", "date": "2025-10-12", "time": "16時~17時", "count": 1, "note": "山林・その他", "source": "岐阜県オープンデータ「クママップ」令和7年度分 (CC-BY 2.1 JP, https://gifu-opendata.pref.gifu.lg.jp/dataset/c11265-010)"}}, {"type": "Feature", "geometry": {"type": "Point", "coordinates": [137.4040049767671, 36.27038812341824]}, "properties": {"prefecture": "岐阜県", "city": "高山市", "place": "上宝町長倉", "date": "2025-10-13", "time": "8時~9時", "count": 2, "note": "住宅地・自宅", "source": "岐阜県オープンデータ「クママップ」令和7年度分 (CC-BY 2.1 JP, https://gifu-opendata.pref.gifu.lg.jp/dataset/c11265-010)"}}, {"type": "Feature", "geometry": {"type": "Point", "coordinates": [136.94280940445387, 36.05785728534809]}, "properties": {"prefecture": "岐阜県", "city": "高山市", "place": "荘川町牛丸", "date": "2025-10-13", "time": "10時~11時", "count": 1, "note": "国・県・市道・その他車移動", "source": "岐阜県オープンデータ「クママップ」令和7年度分 (CC-BY 2.1 JP, https://gifu-opendata.pref.gifu.lg.jp/dataset/c11265-010)"}}, {"type": "Feature", "geometry": {"type": "Point", "coordinates": [137.2621486781649, 36.138413740371284]}, "properties": {"prefecture": "岐阜県", "city": "高山市", "place": "高山市堀端町", "date": "2025-10-13", "time": "13時~14時", "count": 1, "note": "その他・散歩", "source": "岐阜県オープンデータ「クママップ」令和7年度分 (CC-BY 2.1 JP, https://gifu-opendata.pref.gifu.lg.jp/dataset/c11265-010)"}}, {"type": "Feature", "geometry": {"type": "Point", "coordinates": [137.30826191008933, 36.17541995908353]}, "properties": {"prefecture": "岐阜県", "city": "高山市", "place": "丹生川町町方", "date": "2025-10-13", "time": "16時~17時", "count": 1, "note": "農地・その他車移動", "source": "岐阜県オープンデータ「クママップ」令和7年度分 (CC-BY 2.1 JP, https://gifu-opendata.pref.gifu.lg.jp/dataset/c11265-010)"}}, {"type": "Feature", "geometry": {"type": "Point", "coordinates": [137.28952514378793, 36.146769767749454]}, "properties": {"prefecture": "岐阜県", "city": "高山市", "place": "高山市漆垣内町", "date": "2025-10-13", "time": "20時~21時", "count": 1, "note": "住宅地・その他車移動", "source": "岐阜県オープンデータ「クママップ」令和7年度分 (CC-BY 2.1 JP, https://gifu-opendata.pref.gifu.lg.jp/dataset/c11265-010)"}}, {"type": "Feature", "geometry": {"type": "Point", "coordinates": [137.42091367443416, 36.17434257640678]}, "properties": {"prefecture": "岐阜県", "city": "高山市", "place": "丹生川町日面", "date": "2025-10-14", "time": "8時~9時", "count": 1, "note": "国・県・市道・通勤・通学", "source": "岐阜県オープンデータ「クママップ」令和7年度分 (CC-BY 2.1 JP, https://gifu-opendata.pref.gifu.lg.jp/dataset/c11265-010)"}}, {"type": "Feature", "geometry": {"type": "Point", "coordinates": [137.23561789149673, 36.15268660272673]}, "properties": {"prefecture": "岐阜県", "city": "高山市", "place": "高山市中山町", "date": "2025-10-14", "time": "17時~18時", "count": 1, "note": "住宅地・自宅", "source": "岐阜県オープンデータ「クママップ」令和7年度分 (CC-BY 2.1 JP, https://gifu-opendata.pref.gifu.lg.jp/dataset/c11265-010)"}}, {"type": "Feature", "geometry": {"type": "Point", "coordinates": [137.31560748416126, 36.17112425302711]}, "properties": {"prefecture": "岐阜県", "city": "高山市", "place": "丹生川町坊方", "date": "2025-10-14", "time": "17時~18時", "count": 1, "note": "住宅地・自宅", "source": "岐阜県オープンデータ「クママップ」令和7年度分 (CC-BY 2.1 JP, https://gifu-opendata.pref.gifu.lg.jp/dataset/c11265-010)"}}, {"type": "Feature", "geometry": {"type": "Point", "coordinates": [137.34982973438227, 36.13764985560885]}, "properties": {"prefecture": "岐阜県", "city": "高山市", "place": "高山市滝町", "date": "2025-10-15", "time": "7時~8時", "count": 1, "note": "国・県・市道・その他車移動", "source": "岐阜県オープンデータ「クママップ」令和7年度分 (CC-BY 2.1 JP, https://gifu-opendata.pref.gifu.lg.jp/dataset/c11265-010)"}}, {"type": "Feature", "geometry": {"type": "Point", "coordinates": [137.26194446383363, 36.19406063416387]}, "properties": {"prefecture": "岐阜県", "city": "高山市", "place": "国府町三川", "date": "2025-10-15", "time": "8時~9時", "count": 1, "note": "農地・農作業", "source": "岐阜県オープンデータ「クママップ」令和7年度分 (CC-BY 2.1 JP, https://gifu-opendata.pref.gifu.lg.jp/dataset/c11265-010)"}}, {"type": "Feature", "geometry": {"type": "Point", "coordinates": [137.30734297101043, 36.17673918837167]}, "properties": {"prefecture": "岐阜県", "city": "高山市", "place": "丹生川町北方", "date": "2025-10-15", "time": "17時~18時", "count": 1, "note": "住宅地・その他車移動", "source": "岐阜県オープンデータ「クママップ」令和7年度分 (CC-BY 2.1 JP, https://gifu-opendata.pref.gifu.lg.jp/dataset/c11265-010)"}}, {"type": "Feature", "geometry": {"type": "Point", "coordinates": [137.23782595772943, 36.171080266474696]}, "properties": {"prefecture": "岐阜県", "city": "高山市", "place": "高山市農政部農務課", "date": "2025-10-16", "time": "23時~24時", "count": 1, "note": "住宅地・自宅", "source": "岐阜県オープンデータ「クママップ」令和7年度分 (CC-BY 2.1 JP, https://gifu-opendata.pref.gifu.lg.jp/dataset/c11265-010)"}}, {"type": "Feature", "geometry": {"type": "Point", "coordinates": [137.45948543838517, 36.176259832364735]}, "properties": {"prefecture": "岐阜県", "city": "高山市", "place": "丹生川町籏鉾", "date": "2025-10-15", "time": "8時~9時", "count": 1, "note": "住宅地・その他車移動", "source": "岐阜県オープンデータ「クママップ」令和7年度分 (CC-BY 2.1 JP, https://gifu-opendata.pref.gifu.lg.jp/dataset/c11265-010)"}}, {"type": "Feature", "geometry": {"type": "Point", "coordinates": [137.26758624583732, 36.16651070529009]}, "properties": {"prefecture": "岐阜県", "city": "高山市", "place": "高山市上野町", "date": "2025-10-15", "time": "21時~22時", "count": 1, "note": "住宅地・その他車移動", "source": "岐阜県オープンデータ「クママップ」令和7年度分 (CC-BY 2.1 JP, https://gifu-opendata.pref.gifu.lg.jp/dataset/c11265-010)"}}, {"type": "Feature", "geometry": {"type": "Point", "coordinates": [137.5242175614521, 36.247566180755975]}, "properties": {"prefecture": "岐阜県", "city": "高山市", "place": "奥飛騨温泉郷", "date": "2025-10-17", "time": "7時~8時", "count": 1, "note": "住宅地・その他", "source": "岐阜県オープンデータ「クママップ」令和7年度分 (CC-BY 2.1 JP, https://gifu-opendata.pref.gifu.lg.jp/dataset/c11265-010)"}}, {"type": "Feature", "geometry": {"type": "Point", "coordinates": [137.26621135051298, 36.16701883649203]}, "properties": {"prefecture": "岐阜県", "city": "高山市", "place": "高山市丹生川町", "date": "2025-10-18", "time": "5時~6時", "count": 1, "note": "農地・その他車移動", "source": "岐阜県オープンデータ「クママップ」令和7年度分 (CC-BY 2.1 JP, https://gifu-opendata.pref.gifu.lg.jp/dataset/c11265-010)"}}, {"type": "Feature", "geometry": {"type": "Point", "coordinates": [137.3682488838871, 36.17427383715878]}, "properties": {"prefecture": "岐阜県", "city": "高山市", "place": "丹生川町小野", "date": "2025-10-18", "time": "11時~12時", "count": 1, "note": "国・県・市道・自宅", "source": "岐阜県オープンデータ「クママップ」令和7年度分 (CC-BY 2.1 JP, https://gifu-opendata.pref.gifu.lg.jp/dataset/c11265-010)"}}, {"type": "Feature", "geometry": {"type": "Point", "coordinates": [137.32182606375864, 36.1738501018724]}, "properties": {"prefecture": "岐阜県", "city": "高山市", "place": "丹生川町法力", "date": "2025-10-18", "time": "16時~17時", "count": 1, "note": "住宅地・その他車移動", "source": "岐阜県オープンデータ「クママップ」令和7年度分 (CC-BY 2.1 JP, https://gifu-opendata.pref.gifu.lg.jp/dataset/c11265-010)"}}, {"type": "Feature", "geometry": {"type": "Point", "coordinates": [137.2573480094722, 36.17477534818373]}, "properties": {"prefecture": "岐阜県", "city": "高山市", "place": "高山市上野町", "date": "2025-10-18", "time": "16時~17時", "count": 1, "note": "農地・その他車移動", "source": "岐阜県オープンデータ「クママップ」令和7年度分 (CC-BY 2.1 JP, https://gifu-opendata.pref.gifu.lg.jp/dataset/c11265-010)"}}, {"type": "Feature", "geometry": {"type": "Point", "coordinates": [137.26406199764966, 36.12890795529759]}, "properties": {"prefecture": "岐阜県", "city": "高山市", "place": "高山市片野町", "date": "2025-10-19", "time": "9時~10時", "count": 1, "note": "住宅地・その他", "source": "岐阜県オープンデータ「クママップ」令和7年度分 (CC-BY 2.1 JP, https://gifu-opendata.pref.gifu.lg.jp/dataset/c11265-010)"}}, {"type": "Feature", "geometry": {"type": "Point", "coordinates": [137.36796424006383, 36.17435881252167]}, "properties": {"prefecture": "岐阜県", "city": "高山市", "place": "高山市農政部農務課", "date": "2025-10-19", "time": "7時~8時", "count": 1, "note": "住宅地・その他車移動", "source": "岐阜県オープンデータ「クママップ」令和7年度分 (CC-BY 2.1 JP, https://gifu-opendata.pref.gifu.lg.jp/dataset/c11265-010)"}}, {"type": "Feature", "geometry": {"type": "Point", "coordinates": [137.52701118639442, 35.52712718332384]}, "properties": {"prefecture": "岐阜県", "city": "中津川市", "place": "瀬戸", "date": "2025-10-17", "time": "14時~15時", "count": 1, "note": "住宅地・その他", "source": "岐阜県オープンデータ「クママップ」令和7年度分 (CC-BY 2.1 JP, https://gifu-opendata.pref.gifu.lg.jp/dataset/c11265-010)"}}, {"type": "Feature", "geometry": {"type": "Point", "coordinates": [137.53419622867352, 35.499423562864614]}, "properties": {"prefecture": "岐阜県", "city": "中津川市", "place": "中津", "date": "2025-10-14", "time": "6時~7時", "count": 1, "note": "農地・その他", "source": "岐阜県オープンデータ「クママップ」令和7年度分 (CC-BY 2.1 JP, https://gifu-opendata.pref.gifu.lg.jp/dataset/c11265-010)"}}, {"type": "Feature", "geometry": {"type": "Point", "coordinates": [137.4585699836778, 35.5061582455715]}, "properties": {"prefecture": "岐阜県", "city": "中津川市", "place": "坂本", "date": "2025-10-12", "time": "10時~11時", "count": 1, "note": "山林・その他", "source": "岐阜県オープンデータ「クママップ」令和7年度分 (CC-BY 2.1 JP, https://gifu-opendata.pref.gifu.lg.jp/dataset/c11265-010)"}}, {"type": "Feature", "geometry": {"type": "Point", "coordinates": [137.4657508355473, 35.46663975161913]}, "properties": {"prefecture": "岐阜県", "city": "中津川市", "place": "坂本", "date": "2025-10-08", "time": "8時~9時", "count": 1, "note": "国・県・市道・その他車移動", "source": "岐阜県オープンデータ「クママップ」令和7年度分 (CC-BY 2.1 JP, https://gifu-opendata.pref.gifu.lg.jp/dataset/c11265-010)"}}, {"type": "Feature", "geometry": {"type": "Point", "coordinates": [137.51512902349924, 35.522266990087644]}, "properties": {"prefecture": "岐阜県", "city": "中津川市", "place": "苗木", "date": "2025-10-04", "time": "12時~13時", "count": 1, "note": "山林・その他車移動", "source": "岐阜県オープンデータ「クママップ」令和7年度分 (CC-BY 2.1 JP, https://gifu-opendata.pref.gifu.lg.jp/dataset/c11265-010)"}}, {"type": "Feature", "geometry": {"type": "Point", "coordinates": [137.41203403747977, 35.4857263538425]}, "properties": {"prefecture": "岐阜県", "city": "中津川市", "place": "坂本", "date": "2025-09-23", "time": "18時~19時", "count": 1, "note": "山林・その他車移動", "source": "岐阜県オープンデータ「クママップ」令和7年度分 (CC-BY 2.1 JP, https://gifu-opendata.pref.gifu.lg.jp/dataset/c11265-010)"}}, {"type": "Feature", "geometry": {"type": "Point", "coordinates": [137.46147132653147, 35.418791944752456]}, "properties": {"prefecture": "岐阜県", "city": "中津川市", "place": "阿木", "date": "2025-09-22", "time": "18時~19時", "count": 2, "note": "河川敷・その他車移動", "source": "岐阜県オープンデータ「クママップ」令和7年度分 (CC-BY 2.1 JP, https://gifu-opendata.pref.gifu.lg.jp/dataset/c11265-010)"}}, {"type": "Feature", "geometry": {"type": "Point", "coordinates": [137.4728183404208, 35.52128829929116]}, "properties": {"prefecture": "岐阜県", "city": "中津川市", "place": "苗木", "date": "2025-09-18", "time": "4時~5時", "count": 1, "note": "住宅地・その他", "source": "岐阜県オープンデータ「クママップ」令和7年度分 (CC-BY 2.1 JP, https://gifu-opendata.pref.gifu.lg.jp/dataset/c11265-010)"}}, {"type": "Feature", "geometry": {"type": "Point", "coordinates": [137.5295425159954, 35.53833317831681]}, "properties": {"prefecture": "岐阜県", "city": "中津川市", "place": "落合", "date": "2025-09-16", "time": "16時~17時", "count": 1, "note": "山林・その他", "source": "岐阜県オープンデータ「クママップ」令和7年度分 (CC-BY 2.1 JP, https://gifu-opendata.pref.gifu.lg.jp/dataset/c11265-010)"}}, {"type": "Feature", "geometry": {"type": "Point", "coordinates": [137.45898562406472, 35.40094590148429]}, "properties": {"prefecture": "岐阜県", "city": "中津川市", "place": "阿木", "date": "2025-09-16", "time": "8時~9時", "count": 1, "note": "山林・その他", "source": "岐阜県オープンデータ「クママップ」令和7年度分 (CC-BY 2.1 JP, https://gifu-opendata.pref.gifu.lg.jp/dataset/c11265-010)"}}, {"type": "Feature", "geometry": {"type": "Point", "coordinates": [137.49101973425326, 35.50312812395221]}, "properties": {"prefecture": "岐阜県", "city": "中津川市", "place": "中津", "date": "2025-09-11", "time": "3時~4時", "count": 1, "note": "住宅地・その他車移動", "source": "岐阜県オープンデータ「クママップ」令和7年度分 (CC-BY 2.1 JP, https://gifu-opendata.pref.gifu.lg.jp/dataset/c11265-010)"}}, {"type": "Feature", "geometry": {"type": "Point", "coordinates": [137.46497232793322, 35.39264110737128]}, "properties": {"prefecture": "岐阜県", "city": "中津川市", "place": "阿木", "date": "2025-09-08", "time": "7時~8時", "count": 1, "note": "農地・その他", "source": "岐阜県オープンデータ「クママップ」令和7年度分 (CC-BY 2.1 JP, https://gifu-opendata.pref.gifu.lg.jp/dataset/c11265-010)"}}, {"type": "Feature", "geometry": {"type": "Point", "coordinates": [137.53525288236068, 35.5104291319935]}, "properties": {"prefecture": "岐阜県", "city": "中津川市", "place": "落合", "date": "2025-08-15", "time": "6時~7時", "count": 1, "note": "河川敷・その他", "source": "岐阜県オープンデータ「クママップ」令和7年度分 (CC-BY 2.1 JP, https://gifu-opendata.pref.gifu.lg.jp/dataset/c11265-010)"}}, {"type": "Feature", "geometry": {"type": "Point", "coordinates": [137.44356270817053, 35.40913717999356]}, "properties": {"prefecture": "岐阜県", "city": "中津川市", "place": "阿木", "date": "2025-08-13", "time": "5時~6時", "count": 1, "note": "山林・その他", "source": "岐阜県オープンデータ「クママップ」令和7年度分 (CC-BY 2.1 JP, https://gifu-opendata.pref.gifu.lg.jp/dataset/c11265-010)"}}, {"type": "Feature", "geometry": {"type": "Point", "coordinates": [137.48195823346256, 35.51413505757772]}, "properties": {"prefecture": "岐阜県", "city": "中津川市", "place": "苗木", "date": "2025-04-27", "time": "4時~5時", "count": 1, "note": "山林・その他", "source": "岐阜県オープンデータ「クママップ」令和7年度分 (CC-BY 2.1 JP, https://gifu-opendata.pref.gifu.lg.jp/dataset/c11265-010)"}}, {"type": "Feature", "geometry": {"type": "Point", "coordinates": [137.485701838429, 35.51640123025449]}, "properties": {"prefecture": "岐阜県", "city": "中津川市", "place": "苗木", "date": "2025-04-24", "time": "20時~21時", "count": 1, "note": "山林・その他", "source": "岐阜県オープンデータ「クママップ」令和7年度分 (CC-BY 2.1 JP, https://gifu-opendata.pref.gifu.lg.jp/dataset/c11265-010)"}}, {"type": "Feature", "geometry": {"type": "Point", "coordinates": [137.51601047427016, 35.4885656239032]}, "properties": {"prefecture": "岐阜県", "city": "中津川市", "place": "中津", "date": "2025-04-23", "time": "4時~5時", "count": 1, "note": "山林・その他", "source": "岐阜県オープンデータ「クママップ」令和7年度分 (CC-BY 2.1 JP, https://gifu-opendata.pref.gifu.lg.jp/dataset/c11265-010)"}}, {"type": "Feature", "geometry": {"type": "Point", "coordinates": [137.45756028374328, 35.47147862609737]}, "properties": {"prefecture": "岐阜県", "city": "中津川市", "place": "坂本", "date": "2025-04-03", "time": "9時~10時", "count": 1, "note": "家畜場・その他", "source": "岐阜県オープンデータ「クママップ」令和7年度分 (CC-BY 2.1 JP, https://gifu-opendata.pref.gifu.lg.jp/dataset/c11265-010)"}}, {"type": "Feature", "geometry": {"type": "Point", "coordinates": [137.22496919983266, 35.65813651323294]}, "properties": {"prefecture": "岐阜県", "city": "白川町", "place": "佐見村", "date": "2025-10-20", "time": "12時~13時", "count": 1, "note": "国・県・市道・その他車移動", "source": "岐阜県オープンデータ「クママップ」令和7年度分 (CC-BY 2.1 JP, https://gifu-opendata.pref.gifu.lg.jp/dataset/c11265-010)"}}, {"type": "Feature", "geometry": {"type": "Point", "coordinates": [137.197942597812, 35.65502498866775]}, "properties": {"prefecture": "岐阜県", "city": "白川町", "place": "坂ノ東村", "date": "2025-10-17", "time": "16時~17時", "count": 1, "note": "その他・その他車移動", "source": "岐阜県オープンデータ「クママップ」令和7年度分 (CC-BY 2.1 JP, https://gifu-opendata.pref.gifu.lg.jp/dataset/c11265-010)"}}, {"type": "Feature", "geometry": {"type": "Point", "coordinates": [137.40144284230936, 35.49325057889453]}, "properties": {"prefecture": "岐阜県", "city": "中津川市", "place": "旧蛭川村", "date": "2025-10-17", "time": "12時~13時", "count": 1, "note": "その他・その他", "source": "岐阜県オープンデータ「クママップ」令和7年度分 (CC-BY 2.1 JP, https://gifu-opendata.pref.gifu.lg.jp/dataset/c11265-010)"}}]}